INSERT INTO area (id, name_en, name_ua) VALUES (UUID_TO_BIN('a6100123-b1f1-425e-99a0-6ef003291ec8'),'','') ,(UUID_TO_BIN('75f83dab-3380-4d99-92ba-de3d64b67100'),'Chernivetska','Чернівецька') ,(UUID_TO_BIN('c84902fb-f390-4266-9409-d9bd24f98320'),'Ternopilska','Тернопільська') ,(UUID_TO_BIN('90963eea-493c-457e-ae10-0af1b8352a50'),'Zaporizka','Запорізька') ,(UUID_TO_BIN('a80fa392-71b5-433f-88dd-e9205f251bd2'),'Luhanska','Луганська') ,(UUID_TO_BIN('4056d002-6967-4821-8104-0c3122d85f2b'),'Kyivska','Київська') ,(UUID_TO_BIN('740692b8-ad6a-4eb2-8fa8-895c73c35d9f'),'Zhytomyrska','Житомирська') ,(UUID_TO_BIN('0101a5e9-b0ad-4046-b389-cccc3fd478bc'),'Khersonska','Херсонська') ,(UUID_TO_BIN('9551cc05-f9fe-4c84-a4ac-72d9d8634e01'),'Vinnytska','Вінницька') ,(UUID_TO_BIN('3c9e1962-2ee4-436b-851a-843e00c2a197'),'Volynska','Волинська') ,(UUID_TO_BIN('0c985663-1dab-4db0-9f91-a0f63ff6ce2b'),'Khmelnytska','Хмельницька') ,(UUID_TO_BIN('85cb6296-67bf-4164-989e-ae1756b39ef7'),'Kharkivska','Харківська') ,(UUID_TO_BIN('08811c88-aab0-44e9-aaff-303cf09c881f'),'Kirovohradska','Кіровоградська') ,(UUID_TO_BIN('f863f8c5-5117-4b62-81bd-a1101cbd2231'),'Rivnenska','Рівненська') ,(UUID_TO_BIN('6c2664fe-8808-48d1-b5b4-99a51e756181'),'Ivano-Frankivska','Івано-Франківська') ,(UUID_TO_BIN('6e519726-42c4-4bcf-bab5-33537464420c'),'Odeska','Одеська') ,(UUID_TO_BIN('7339525f-641a-40ce-8b5a-5fd1c04eadf9'),'Sumska','Сумська') ,(UUID_TO_BIN('1f676250-3921-42df-8010-dc6d09fe2be4'),'Donetska','Донецька') ,(UUID_TO_BIN('5c5b2a34-1809-4576-9a8a-80ad08765521'),'Poltavska','Полтавська') ,(UUID_TO_BIN('d072b1af-958c-4497-ae7e-8c260c46f2c2'),'Zakarpatska','Закарпатська') ,(UUID_TO_BIN('8b6bde37-4494-4be1-8ca9-a2408ce27569'),'Lvivska','Львівська') ,(UUID_TO_BIN('6986cfd9-de7e-4ae5-8a3b-5a525fd64c54'),'Dnipropetrovska','Дніпропетровська') ,(UUID_TO_BIN('b809979d-c2b1-49ab-9342-635c399e2937'),'Mykolaivska','Миколаївська') ,(UUID_TO_BIN('9a3460ca-4544-4c82-a3cc-4fcade294762'),'Cherkaska','Черкаська') ,(UUID_TO_BIN('4b50b91f-3905-44c2-9ddc-fbe44e85b7dc'),'','Харківська') ,(UUID_TO_BIN('380f4720-3e9c-4978-aa2f-a0baa7764c46'),'Chernihivska','Чернігівська') ;INSERT INTO district (id, area_id, name_en, name_ua) VALUES  (UUID_TO_BIN('d9439b9c-4668-472e-bad1-8cfc42ef623b'),UUID_TO_BIN('0101a5e9-b0ad-4046-b389-cccc3fd478bc'),'Novotroitskyi','Новотроїцький'), (UUID_TO_BIN('c0f0be43-0e3f-47a2-8da5-f0ba1f1e1f79'),UUID_TO_BIN('0c985663-1dab-4db0-9f91-a0f63ff6ce2b'),'Novoushytskyi','Новоушицький'), (UUID_TO_BIN('7b790d1c-4712-407e-bba5-81fa56ca9750'),UUID_TO_BIN('7339525f-641a-40ce-8b5a-5fd1c04eadf9'),'Romenskyi','Роменський'), (UUID_TO_BIN('cdcbd031-c54f-4713-85dd-45c0eaaf59b5'),UUID_TO_BIN('5c5b2a34-1809-4576-9a8a-80ad08765521'),'Hlobynskyi','Глобинський'), (UUID_TO_BIN('697d84c3-e1b1-4841-b55f-d9272b1cb522'),UUID_TO_BIN('f863f8c5-5117-4b62-81bd-a1101cbd2231'),'Kostopilskyi','Костопільський'), (UUID_TO_BIN('d649ab37-5ca0-41d3-a7ec-e77213f94c8f'),UUID_TO_BIN('85cb6296-67bf-4164-989e-ae1756b39ef7'),'Kehychivskyi','Кегичівський'), (UUID_TO_BIN('4d2e6ed9-46bf-4b48-be8e-e95399dcde8a'),UUID_TO_BIN('7339525f-641a-40ce-8b5a-5fd1c04eadf9'),'Putyvlskyi','Путивльський'), (UUID_TO_BIN('bcd3415a-810c-48a8-abfb-a2dde9e97ee6'),UUID_TO_BIN('08811c88-aab0-44e9-aaff-303cf09c881f'),'Novhorodkivskyi','Новгородківський'), (UUID_TO_BIN('403d5d02-edc0-43ac-8039-e2b7f85e3518'),UUID_TO_BIN('9a3460ca-4544-4c82-a3cc-4fcade294762'),'Zolotoniskyi','Золотоніський'), (UUID_TO_BIN('0184cc02-332b-4402-9d96-8235030387c2'),UUID_TO_BIN('75f83dab-3380-4d99-92ba-de3d64b67100'),'Vyzhnytskyi','Вижницький'), (UUID_TO_BIN('4deb3f62-4285-4113-b4f9-e609224048d0'),UUID_TO_BIN('b809979d-c2b1-49ab-9342-635c399e2937'),'Vradiivskyi','Врадіївський'), (UUID_TO_BIN('627f8fdc-ec1f-4442-8f38-ee4c4eac318a'),UUID_TO_BIN('380f4720-3e9c-4978-aa2f-a0baa7764c46'),'Novhorod-Siverskyi','Новгород-Сіверський'), (UUID_TO_BIN('049a71a7-df7c-4bd5-98b4-ded2cec81121'),UUID_TO_BIN('9551cc05-f9fe-4c84-a4ac-72d9d8634e01'),'Tulchynskyi','Тульчинський'), (UUID_TO_BIN('0be37f36-ba20-4be4-946b-08744a1b071a'),UUID_TO_BIN('1f676250-3921-42df-8010-dc6d09fe2be4'),'Velykonovosilkivskyi','Великоновосілківський'), (UUID_TO_BIN('e72db989-3921-4db5-93ac-b67b919b1bce'),UUID_TO_BIN('d072b1af-958c-4497-ae7e-8c260c46f2c2'),'Irshavskyi','Іршавський'), (UUID_TO_BIN('c23002f3-02cf-44dd-b724-8770c460d55e'),UUID_TO_BIN('a80fa392-71b5-433f-88dd-e9205f251bd2'),'Starobilskyi','Старобільський'), (UUID_TO_BIN('51104b40-cefa-49b5-9dcf-d5002012b53f'),UUID_TO_BIN('740692b8-ad6a-4eb2-8fa8-895c73c35d9f'),'Brusylivskyi','Брусилівський'), (UUID_TO_BIN('dc2f6abb-1342-441c-be88-2c94a67098d5'),UUID_TO_BIN('380f4720-3e9c-4978-aa2f-a0baa7764c46'),'Ichnianskyi','Ічнянський'), (UUID_TO_BIN('3d986888-3032-430a-b0e7-792bfe88045f'),UUID_TO_BIN('9551cc05-f9fe-4c84-a4ac-72d9d8634e01'),'Illinetskyi','Іллінецький'), (UUID_TO_BIN('5285201b-5d37-4e2b-a7da-120f69eada90'),UUID_TO_BIN('3c9e1962-2ee4-436b-851a-843e00c2a197'),'Volodymyr-Volynskyi','Володимир-Волинський'), (UUID_TO_BIN('64ef2056-009a-4021-a5c6-5ddbd394738d'),UUID_TO_BIN('740692b8-ad6a-4eb2-8fa8-895c73c35d9f'),'Narodytskyi','Народицький'), (UUID_TO_BIN('0e4219bc-86f7-40e9-9f5e-f2df41bdb3bf'),UUID_TO_BIN('5c5b2a34-1809-4576-9a8a-80ad08765521'),'Myrhorodskyi','Миргородський'), (UUID_TO_BIN('c6f4d094-5d49-451a-b7d1-cf4a054ecbdb'),UUID_TO_BIN('85cb6296-67bf-4164-989e-ae1756b39ef7'),'Chuhuivskyi','Чугуївський'), (UUID_TO_BIN('390303d2-acf7-45f3-acd0-30b544fc2fab'),UUID_TO_BIN('4056d002-6967-4821-8104-0c3122d85f2b'),'Bilotserkivskyi','Білоцерківський'), (UUID_TO_BIN('661c0f34-bf75-4ecf-b5ae-eea81841ffbe'),UUID_TO_BIN('3c9e1962-2ee4-436b-851a-843e00c2a197'),'Kovelskyi','Ковельський'), (UUID_TO_BIN('62c33774-becf-4a0b-93be-ecf0c74f14d4'),UUID_TO_BIN('6e519726-42c4-4bcf-bab5-33537464420c'),'Bolhradskyi','Болградський'), (UUID_TO_BIN('c0f58525-7bd3-4fb4-8fa0-831689f8e79e'),UUID_TO_BIN('3c9e1962-2ee4-436b-851a-843e00c2a197'),'Turiiskyi','Турійський'), (UUID_TO_BIN('c900f1f5-cf4f-446a-8feb-e4ead6e1f518'),UUID_TO_BIN('8b6bde37-4494-4be1-8ca9-a2408ce27569'),'Skolivskyi','Сколівський'), (UUID_TO_BIN('51352c76-e9e9-4634-90e3-890c8585a36f'),UUID_TO_BIN('4056d002-6967-4821-8104-0c3122d85f2b'),'Ivankivskyi','Іванківський'), (UUID_TO_BIN('0c25e444-7e62-43e8-8e93-04e566cd725c'),UUID_TO_BIN('b809979d-c2b1-49ab-9342-635c399e2937'),'Arbuzynskyi','Арбузинський'), (UUID_TO_BIN('bb8b3824-e387-497f-9bfd-0646c381f83a'),UUID_TO_BIN('9551cc05-f9fe-4c84-a4ac-72d9d8634e01'),'Pohrebyshchenskyi','Погребищенський'), (UUID_TO_BIN('4e34be12-a22e-4f0b-9647-a0985c999982'),UUID_TO_BIN('0c985663-1dab-4db0-9f91-a0f63ff6ce2b'),'Krasylivskyi','Красилівський'), (UUID_TO_BIN('679e76d5-73a2-4ff4-9066-f7d53d0a10e5'),UUID_TO_BIN('90963eea-493c-457e-ae10-0af1b8352a50'),'Kamiansko-Dniprovskyi','Кам\'янсько-Дніпровський'), (UUID_TO_BIN('1989a932-7879-4048-ae4d-15e0f4d0199e'),UUID_TO_BIN('740692b8-ad6a-4eb2-8fa8-895c73c35d9f'),'Novohrad-Volynskyi','Новоград-Волинський'), (UUID_TO_BIN('78b46626-ac2f-426b-9707-430e93345351'),UUID_TO_BIN('380f4720-3e9c-4978-aa2f-a0baa7764c46'),'Sosnytskyi','Сосницький'), (UUID_TO_BIN('e91e971d-6fc4-499e-a9f7-5608edf9c4ae'),UUID_TO_BIN('5c5b2a34-1809-4576-9a8a-80ad08765521'),'Hadiatskyi','Гадяцький'), (UUID_TO_BIN('e8934b71-9b6e-4336-9eb8-03b166ca1f49'),UUID_TO_BIN('740692b8-ad6a-4eb2-8fa8-895c73c35d9f'),'Ruzhynskyi','Ружинський'), (UUID_TO_BIN('4690a640-1d82-40b5-ad0e-2cf006402eeb'),UUID_TO_BIN('5c5b2a34-1809-4576-9a8a-80ad08765521'),'Chornukhynskyi','Чорнухинський'), (UUID_TO_BIN('73fc2bd8-4bb1-483c-aa84-5b87adbc4a50'),UUID_TO_BIN('9551cc05-f9fe-4c84-a4ac-72d9d8634e01'),'Kryzhopilskyi','Крижопільський'), (UUID_TO_BIN('0c4a6c6c-c13a-4b64-80c0-0c5020105fe1'),UUID_TO_BIN('6e519726-42c4-4bcf-bab5-33537464420c'),'Kiliiskyi','Кілійський'), (UUID_TO_BIN('2e1fbf69-ce63-4e20-9c54-e005710bc30e'),UUID_TO_BIN('6e519726-42c4-4bcf-bab5-33537464420c'),'Ovidiopolskyi','Овідіопольський'), (UUID_TO_BIN('75a7219c-9b5e-4143-8e5d-a9cae8dda0ad'),UUID_TO_BIN('5c5b2a34-1809-4576-9a8a-80ad08765521'),'Hrebinkivskyi','Гребінківський'), (UUID_TO_BIN('0b48ab60-0ea6-4a11-b0c0-f78334e2645d'),UUID_TO_BIN('b809979d-c2b1-49ab-9342-635c399e2937'),'Domanivskyi','Доманівський'), (UUID_TO_BIN('f6e372d2-5d6d-4be5-8f0f-58fa8a699433'),UUID_TO_BIN('a80fa392-71b5-433f-88dd-e9205f251bd2'),'Milovskyi','Міловський'), (UUID_TO_BIN('3b2a4576-f5a6-48e8-92cc-6b9725c93742'),UUID_TO_BIN('5c5b2a34-1809-4576-9a8a-80ad08765521'),'Reshetylivskyi','Решетилівський'), (UUID_TO_BIN('72c55970-9059-4c3d-9f61-a20f9818e17a'),UUID_TO_BIN('a80fa392-71b5-433f-88dd-e9205f251bd2'),'Novoaidarskyi','Новоайдарський'), (UUID_TO_BIN('4b66cce1-3d25-4245-985f-2471bf956b91'),UUID_TO_BIN('4056d002-6967-4821-8104-0c3122d85f2b'),'Baryshivskyi','Баришівський'), (UUID_TO_BIN('ae3f5b7b-0252-430f-a7e6-00412a9cf800'),UUID_TO_BIN('6c2664fe-8808-48d1-b5b4-99a51e756181'),'Dolynskyi','Долинський'), (UUID_TO_BIN('86867fa7-d4ef-4048-bed8-de7a07eb502c'),UUID_TO_BIN('90963eea-493c-457e-ae10-0af1b8352a50'),'Tokmatskyi','Токмацький'), (UUID_TO_BIN('69af70e0-28be-4f80-bd90-13919fc50aa6'),UUID_TO_BIN('4056d002-6967-4821-8104-0c3122d85f2b'),'Rokytnianskyi','Рокитнянський'), (UUID_TO_BIN('efab1e8c-6c4b-4851-b613-b42dddf2635b'),UUID_TO_BIN('5c5b2a34-1809-4576-9a8a-80ad08765521'),'Karlivskyi','Карлівський'), (UUID_TO_BIN('72da55c9-db1e-4910-bc0b-8afc524071d4'),UUID_TO_BIN('08811c88-aab0-44e9-aaff-303cf09c881f'),'Oleksandriiskyi','Олександрійський'), (UUID_TO_BIN('80aef1c0-30ba-43ab-9e90-3917790dfce0'),UUID_TO_BIN('9551cc05-f9fe-4c84-a4ac-72d9d8634e01'),'Kalynivskyi','Калинівський'), (UUID_TO_BIN('9a545a4f-2950-43fd-902a-a51c383b9c6e'),UUID_TO_BIN('d072b1af-958c-4497-ae7e-8c260c46f2c2'),'Khustskyi','Хустський'), (UUID_TO_BIN('97f73d76-b00b-4aff-bff5-af519e8cca33'),UUID_TO_BIN('6986cfd9-de7e-4ae5-8a3b-5a525fd64c54'),'Vasylkivskyi','Васильківський'), (UUID_TO_BIN('8671215c-49c9-47c7-b2a0-abe46509ddd6'),UUID_TO_BIN('8b6bde37-4494-4be1-8ca9-a2408ce27569'),'Zhovkivskyi','Жовківський'), (UUID_TO_BIN('795b17f6-48d8-4149-ae52-2aaddbdf59e7'),UUID_TO_BIN('6c2664fe-8808-48d1-b5b4-99a51e756181'),'Kosivskyi','Косівський'), (UUID_TO_BIN('b56d5172-3bd0-45b4-a1db-b51131ecd8de'),UUID_TO_BIN('5c5b2a34-1809-4576-9a8a-80ad08765521'),'Kobeliatskyi','Кобеляцький'), (UUID_TO_BIN('1e12c9f2-a97f-4b30-a52b-ba07861d2f0d'),UUID_TO_BIN('4056d002-6967-4821-8104-0c3122d85f2b'),'Fastivskyi','Фастівський'), (UUID_TO_BIN('170b7e07-d6a0-4511-9d78-257f1df34de9'),UUID_TO_BIN('7339525f-641a-40ce-8b5a-5fd1c04eadf9'),'Lypovodolynskyi','Липоводолинський'), (UUID_TO_BIN('82d2044a-f0cd-4f95-833f-6e6844641394'),UUID_TO_BIN('0c985663-1dab-4db0-9f91-a0f63ff6ce2b'),'Chemerovetskyi','Чемеровецький'), (UUID_TO_BIN('c7964e90-1656-4fbd-9c0e-be75818cfa23'),UUID_TO_BIN('a80fa392-71b5-433f-88dd-e9205f251bd2'),'Popasnianskyi','Попаснянський'), (UUID_TO_BIN('60559ad7-b8fe-4196-aec6-f4703c2daf57'),UUID_TO_BIN('6986cfd9-de7e-4ae5-8a3b-5a525fd64c54'),'Petrykivskyi','Петриківський'), (UUID_TO_BIN('45357a83-3818-48cd-a2a1-f137d428e325'),UUID_TO_BIN('d072b1af-958c-4497-ae7e-8c260c46f2c2'),'Berehivskyi','Берегівський'), (UUID_TO_BIN('422e4ed8-7ec3-4a90-b898-6ac91c2553c7'),UUID_TO_BIN('5c5b2a34-1809-4576-9a8a-80ad08765521'),'Velykobahachanskyi','Великобагачанський'), (UUID_TO_BIN('d87dcabc-ac68-46a5-ace5-ecceb718c801'),UUID_TO_BIN('08811c88-aab0-44e9-aaff-303cf09c881f'),'Novomyrhorodskyi','Новомиргородський'), (UUID_TO_BIN('61e7175c-a767-451e-8998-5026a4446702'),UUID_TO_BIN('90963eea-493c-457e-ae10-0af1b8352a50'),'Mykhailivskyi','Михайлівський'), (UUID_TO_BIN('9b67e2b5-4aae-4482-a8a2-ba0464da963d'),UUID_TO_BIN('08811c88-aab0-44e9-aaff-303cf09c881f'),'Onufriivskyi','Онуфріївський'), (UUID_TO_BIN('06f569b7-2651-4246-8cc6-0813a8a9c392'),UUID_TO_BIN('75f83dab-3380-4d99-92ba-de3d64b67100'),'Hlybotskyi','Глибоцький'), (UUID_TO_BIN('38232ebc-3457-4af4-ac9d-8a5fb9044e4d'),UUID_TO_BIN('90963eea-493c-457e-ae10-0af1b8352a50'),'Vilnianskyi','Вільнянський'), (UUID_TO_BIN('d877592f-6701-476f-8704-aba811c88289'),UUID_TO_BIN('d072b1af-958c-4497-ae7e-8c260c46f2c2'),'Mizhhirskyi','Міжгірський'), (UUID_TO_BIN('a36ad68b-740f-451f-8e33-2a6f1685b9c0'),UUID_TO_BIN('0101a5e9-b0ad-4046-b389-cccc3fd478bc'),'Beryslavskyi','Бериславський'), (UUID_TO_BIN('01686a28-7c54-4171-99d3-28b2e14ad599'),UUID_TO_BIN('9551cc05-f9fe-4c84-a4ac-72d9d8634e01'),'Koziatynskyi','Козятинський'), (UUID_TO_BIN('64fedd27-a831-43ea-bb17-b3831fcf3e4b'),UUID_TO_BIN('6986cfd9-de7e-4ae5-8a3b-5a525fd64c54'),'Tsarychanskyi','Царичанський'), (UUID_TO_BIN('b7b55a87-22e4-482e-8eda-9ffb8438eafc'),UUID_TO_BIN('0101a5e9-b0ad-4046-b389-cccc3fd478bc'),'Vysokopilskyi','Високопільський'), (UUID_TO_BIN('c23072ec-2fe0-44c6-86c6-5c604cc9e9a9'),UUID_TO_BIN('08811c88-aab0-44e9-aaff-303cf09c881f'),'Kompaniivskyi','Компаніївський'), (UUID_TO_BIN('2f521fd7-90c1-4014-8aec-8c85e62eb0f1'),UUID_TO_BIN('75f83dab-3380-4d99-92ba-de3d64b67100'),'Kitsmanskyi','Кіцманський'), (UUID_TO_BIN('d25d152c-688b-4382-be32-e0e0848cfe92'),UUID_TO_BIN('740692b8-ad6a-4eb2-8fa8-895c73c35d9f'),'Liubarskyi','Любарський'), (UUID_TO_BIN('375da1a2-91e9-4697-8562-43f76b4e50cf'),UUID_TO_BIN('d072b1af-958c-4497-ae7e-8c260c46f2c2'),'Tiachivskyi','Тячівський'), (UUID_TO_BIN('34a19b19-4dfa-4a0c-aaa7-7c56e08b5ac0'),UUID_TO_BIN('08811c88-aab0-44e9-aaff-303cf09c881f'),'Petrivskyi','Петрівський'), (UUID_TO_BIN('9d920aed-ba72-475b-a2ac-d210cc3714aa'),UUID_TO_BIN('740692b8-ad6a-4eb2-8fa8-895c73c35d9f'),'Korostenskyi','Коростенський'), (UUID_TO_BIN('0c3061ca-3b2c-4c4b-b5b0-7dd451039a23'),UUID_TO_BIN('6c2664fe-8808-48d1-b5b4-99a51e756181'),'Bohorodchanskyi','Богородчанський'), (UUID_TO_BIN('60ed3b0c-78be-4177-9bf9-eb3c37511c0b'),UUID_TO_BIN('75f83dab-3380-4d99-92ba-de3d64b67100'),'Putylskyi','Путильський'), (UUID_TO_BIN('7ae091dc-3e4f-4c2e-b6de-bfb2e23f90fd'),UUID_TO_BIN('1f676250-3921-42df-8010-dc6d09fe2be4'),'Yasynuvatskyi','Ясинуватський'), (UUID_TO_BIN('dd955383-235b-4b77-a0e5-74da1abf7b4c'),UUID_TO_BIN('9551cc05-f9fe-4c84-a4ac-72d9d8634e01'),'Lypovetskyi','Липовецький'), (UUID_TO_BIN('7a7743c4-7452-4e5a-8b07-02fa6bcc9406'),UUID_TO_BIN('c84902fb-f390-4266-9409-d9bd24f98320'),'Borshchivskyi','Борщівський'), (UUID_TO_BIN('2ab52bc0-aaa4-4e87-917d-8f712b3a76cb'),UUID_TO_BIN('90963eea-493c-457e-ae10-0af1b8352a50'),'Orikhivskyi','Оріхівський'), (UUID_TO_BIN('100706ae-b608-474f-b24f-ee01b107a2d0'),UUID_TO_BIN('740692b8-ad6a-4eb2-8fa8-895c73c35d9f'),'Berdychivskyi','Бердичівський'), (UUID_TO_BIN('ba2b97e1-e5a5-4f44-bd0b-a8533b883b34'),UUID_TO_BIN('c84902fb-f390-4266-9409-d9bd24f98320'),'Ternopilskyi','Тернопільський'), (UUID_TO_BIN('9d1e1454-dc6c-430f-8556-f9dc8ca2899c'),UUID_TO_BIN('d072b1af-958c-4497-ae7e-8c260c46f2c2'),'Mukachivskyi','Мукачівський'), (UUID_TO_BIN('dac84216-1003-4a72-8a02-e7d7c64e36ab'),UUID_TO_BIN('d072b1af-958c-4497-ae7e-8c260c46f2c2'),'Volovetskyi','Воловецький'), (UUID_TO_BIN('1ab944a3-dc63-4a20-8e41-14e015ea663b'),UUID_TO_BIN('d072b1af-958c-4497-ae7e-8c260c46f2c2'),'Rakhivskyi','Рахівський'), (UUID_TO_BIN('58faf3fe-79f8-4a92-b0dc-9a746ba057c4'),UUID_TO_BIN('5c5b2a34-1809-4576-9a8a-80ad08765521'),'Kozelshchynskyi','Козельщинський'), (UUID_TO_BIN('2d9c1876-b578-4284-b2ff-1c318d1bc9b5'),UUID_TO_BIN('5c5b2a34-1809-4576-9a8a-80ad08765521'),'Kotelevskyi','Котелевський'), (UUID_TO_BIN('666df99a-48ef-4481-936b-c51320d49c66'),UUID_TO_BIN('90963eea-493c-457e-ae10-0af1b8352a50'),'Vasylivskyi','Василівський'), (UUID_TO_BIN('dc68862b-8d96-43b8-8a2f-b6a4dc2d2a8e'),UUID_TO_BIN('c84902fb-f390-4266-9409-d9bd24f98320'),'Monastyryskyi','Монастириський'), (UUID_TO_BIN('35b011f7-fee6-4561-a1bc-e87a3ee0345e'),UUID_TO_BIN('9a3460ca-4544-4c82-a3cc-4fcade294762'),'Smilianskyi','Смілянський'), (UUID_TO_BIN('bee780af-5306-4418-8795-41672b5fb873'),UUID_TO_BIN('9551cc05-f9fe-4c84-a4ac-72d9d8634e01'),'Chechelnytskyi','Чечельницький'), (UUID_TO_BIN('dd012cf7-a479-4579-8612-abb7d2262967'),UUID_TO_BIN('740692b8-ad6a-4eb2-8fa8-895c73c35d9f'),'Romanivskii','Романівський'), (UUID_TO_BIN('11677dde-a088-4547-bbdc-d4a2ac687bea'),UUID_TO_BIN('6e519726-42c4-4bcf-bab5-33537464420c'),'Savranskyi','Савранський'), (UUID_TO_BIN('4b6b94d5-1088-4676-8854-12e91f33b3ca'),UUID_TO_BIN('8b6bde37-4494-4be1-8ca9-a2408ce27569'),'Radekhivskyi','Радехівський'), (UUID_TO_BIN('83baa407-fcc7-4d3d-974a-91ff79f58931'),UUID_TO_BIN('b809979d-c2b1-49ab-9342-635c399e2937'),'Snihurivskyi','Снігурівський'), (UUID_TO_BIN('1156bc13-7a0f-4336-9102-d74ed7390dba'),UUID_TO_BIN('0c985663-1dab-4db0-9f91-a0f63ff6ce2b'),'Letychivskyi','Летичівський'), (UUID_TO_BIN('ec18c217-fa26-49d6-a2f8-7ba41355af3e'),UUID_TO_BIN('85cb6296-67bf-4164-989e-ae1756b39ef7'),'Pechenizkyi','Печенізький'), (UUID_TO_BIN('ed71c382-564c-41e9-9549-ad29101155af'),UUID_TO_BIN('85cb6296-67bf-4164-989e-ae1756b39ef7'),'Dvorichanskyi','Дворічанський'), (UUID_TO_BIN('13c97dac-4937-4353-a754-537ebd4f2770'),UUID_TO_BIN('4056d002-6967-4821-8104-0c3122d85f2b'),'Tetiivskyi','Тетіївський'), (UUID_TO_BIN('1b7aa376-d8e2-4353-b1bf-c1996d636321'),UUID_TO_BIN('a80fa392-71b5-433f-88dd-e9205f251bd2'),'Svativskyi','Сватівський'), (UUID_TO_BIN('227a54e8-3f3a-40dd-ab27-b70a48bc2e9f'),UUID_TO_BIN('85cb6296-67bf-4164-989e-ae1756b39ef7'),'Krasnokutskyi','Краснокутський'), (UUID_TO_BIN('d33bdd2b-7eed-4262-8fd0-61f8f5ac2116'),UUID_TO_BIN('7339525f-641a-40ce-8b5a-5fd1c04eadf9'),'Lebedynskyi','Лебединський'), (UUID_TO_BIN('d7261a87-9dea-4068-a69f-ce388d2f9b0f'),UUID_TO_BIN('a80fa392-71b5-433f-88dd-e9205f251bd2'),'Markivskyi','Марківський'), (UUID_TO_BIN('782c5142-0f39-4d6c-9761-820284c26c66'),UUID_TO_BIN('7339525f-641a-40ce-8b5a-5fd1c04eadf9'),'Nedryhailivskyi','Недригайлівський'), (UUID_TO_BIN('8c73828c-f2a8-4d3a-b26c-077caae6f6c6'),UUID_TO_BIN('380f4720-3e9c-4978-aa2f-a0baa7764c46'),'Kulykivskyi','Куликівський'), (UUID_TO_BIN('8890f636-e464-4e09-915c-a1a9a5319f0c'),UUID_TO_BIN('75f83dab-3380-4d99-92ba-de3d64b67100'),'Zastavnivskyi','Заставнівський'), (UUID_TO_BIN('7f6d7b37-e1a7-4e7a-b551-045cd816effd'),UUID_TO_BIN('85cb6296-67bf-4164-989e-ae1756b39ef7'),'Barvinkivskyi','Барвінківський'), (UUID_TO_BIN('02d1c5ff-8651-4c12-a15c-b949cc3abee8'),UUID_TO_BIN('d072b1af-958c-4497-ae7e-8c260c46f2c2'),'Vynohradivskyi','Виноградівський'), (UUID_TO_BIN('db969234-f4b7-4a05-8d63-d79d43c53ac9'),UUID_TO_BIN('3c9e1962-2ee4-436b-851a-843e00c2a197'),'Shatskyi','Шацький'), (UUID_TO_BIN('b5001573-e16c-4584-ada2-939e0cf2455d'),UUID_TO_BIN('5c5b2a34-1809-4576-9a8a-80ad08765521'),'Novosanzharskyi','Новосанжарський'), (UUID_TO_BIN('e7f02a79-3068-47c9-8036-1fe48fc3763c'),UUID_TO_BIN('0101a5e9-b0ad-4046-b389-cccc3fd478bc'),'Bilozerskyi','Білозерський'), (UUID_TO_BIN('90307483-740b-4e0a-aad0-c15ac656b8fd'),UUID_TO_BIN('b809979d-c2b1-49ab-9342-635c399e2937'),'Voznesenskyi','Вознесенський'), (UUID_TO_BIN('8b364e7c-c027-4971-9ec3-e1d55d02d201'),UUID_TO_BIN('1f676250-3921-42df-8010-dc6d09fe2be4'),'Dobropilskyi','Добропільський'), (UUID_TO_BIN('a23478f1-7ed8-482a-aec7-1cbc5f9e912c'),UUID_TO_BIN('85cb6296-67bf-4164-989e-ae1756b39ef7'),'Sakhnovshchynskyi','Сахновщинський'), (UUID_TO_BIN('0d287b1c-1ca0-452a-adfc-8355c22a4c66'),UUID_TO_BIN('0101a5e9-b0ad-4046-b389-cccc3fd478bc'),'Holoprystanskyi','Голопристанський'), (UUID_TO_BIN('5b63a527-59a8-4bfa-9e42-43a42563eecc'),UUID_TO_BIN('9551cc05-f9fe-4c84-a4ac-72d9d8634e01'),'Nemyrivskyi','Немирівський'), (UUID_TO_BIN('a4b8bfe6-6dd5-4cc3-920e-a6ea180c7553'),UUID_TO_BIN('0101a5e9-b0ad-4046-b389-cccc3fd478bc'),'Hornostaivskyi','Горностаївський'), (UUID_TO_BIN('ea97ecb3-e283-4000-a040-53fe10763ab3'),UUID_TO_BIN('6e519726-42c4-4bcf-bab5-33537464420c'),'Liubashivskyi','Любашівський'), (UUID_TO_BIN('4ad16de2-4395-4676-a1ee-cd35527aa925'),UUID_TO_BIN('9a3460ca-4544-4c82-a3cc-4fcade294762'),'Cherkasʹkyy','Черкаський'), (UUID_TO_BIN('42a73b8c-1434-4387-9731-ef9768fbce52'),UUID_TO_BIN('380f4720-3e9c-4978-aa2f-a0baa7764c46'),'Borznianskyi','Борзнянський'), (UUID_TO_BIN('028681b3-ff35-4e2a-9564-4f5722519825'),UUID_TO_BIN('0c985663-1dab-4db0-9f91-a0f63ff6ce2b'),'Horodotskyi','Городоцький'), (UUID_TO_BIN('4b8ffe1e-4ade-4a2c-98b2-5cbb961786ba'),UUID_TO_BIN('85cb6296-67bf-4164-989e-ae1756b39ef7'),'Borivskyi','Борівський'), (UUID_TO_BIN('97672c8c-7f56-41c6-8781-54c6fdf62b1b'),UUID_TO_BIN('7339525f-641a-40ce-8b5a-5fd1c04eadf9'),'Krolevetskyi','Кролевецький'), (UUID_TO_BIN('a38a797c-ac12-4100-85d3-d23386e57d30'),UUID_TO_BIN('740692b8-ad6a-4eb2-8fa8-895c73c35d9f'),'Korostyshivskyi','Коростишівський'), (UUID_TO_BIN('a62c61e0-993a-4126-9ef1-de0c8899793a'),UUID_TO_BIN('3c9e1962-2ee4-436b-851a-843e00c2a197'),'Lutskyi','Луцький'), (UUID_TO_BIN('84dd23bc-40bb-4d73-a7f9-cdf5254116f4'),UUID_TO_BIN('85cb6296-67bf-4164-989e-ae1756b39ef7'),'Kharkivskyi','Харківський'), (UUID_TO_BIN('4f3acdaa-4e07-46c0-937b-834ce86bbff3'),UUID_TO_BIN('8b6bde37-4494-4be1-8ca9-a2408ce27569'),'Sokalskyi','Сокальський'), (UUID_TO_BIN('6ecb25dd-7281-448e-be06-2fe2236f2313'),UUID_TO_BIN('5c5b2a34-1809-4576-9a8a-80ad08765521'),'Orzhytskyi','Оржицький'), (UUID_TO_BIN('961b3b16-e841-48ae-b01a-213d50dc2931'),UUID_TO_BIN('b809979d-c2b1-49ab-9342-635c399e2937'),'Berezanskyi','Березанський'), (UUID_TO_BIN('bf34a97d-1683-4bc2-9d2f-c16874f02e7c'),UUID_TO_BIN('90963eea-493c-457e-ae10-0af1b8352a50'),'Melitopolskyi','Мелітопольський'), (UUID_TO_BIN('6512e5d8-1390-49f2-901f-b0a7bc05f736'),UUID_TO_BIN('6986cfd9-de7e-4ae5-8a3b-5a525fd64c54'),'Novomoskovskyi','Новомосковський'), (UUID_TO_BIN('b2f02d20-5167-49e7-9c6c-cbacceca4385'),UUID_TO_BIN('6986cfd9-de7e-4ae5-8a3b-5a525fd64c54'),'Solonianskyi','Солонянський'), (UUID_TO_BIN('88c47db0-0e1b-432b-a1a9-5cda8e34c03a'),UUID_TO_BIN('380f4720-3e9c-4978-aa2f-a0baa7764c46'),'Sribnianskyi','Срібнянський'), (UUID_TO_BIN('6c1d2e77-e929-4fc7-b15f-52aba24d3263'),UUID_TO_BIN('6986cfd9-de7e-4ae5-8a3b-5a525fd64c54'),'Yurivskyi','Юр\'ївський'), (UUID_TO_BIN('11bffc91-701d-4505-9e7a-703749c0ad88'),UUID_TO_BIN('f863f8c5-5117-4b62-81bd-a1101cbd2231'),'Rivnenskyi','Рівненський'), (UUID_TO_BIN('ccdfe8e1-c6b8-4de1-a2dd-d1abffe1fca3'),UUID_TO_BIN('8b6bde37-4494-4be1-8ca9-a2408ce27569'),'Pustomytivskyi','Пустомитівський'), (UUID_TO_BIN('8fcdbf02-3f7e-41ae-a3a8-16d27da3e89d'),UUID_TO_BIN('3c9e1962-2ee4-436b-851a-843e00c2a197'),'Kivertsivskyi','Ківерцівський'), (UUID_TO_BIN('06feb828-1014-4505-83d0-597ed95a7728'),UUID_TO_BIN('9a3460ca-4544-4c82-a3cc-4fcade294762'),'Katerynopilskyi','Катеринопільський'), (UUID_TO_BIN('6720015f-e4cd-4aab-b6a0-bffb791b586a'),UUID_TO_BIN('85cb6296-67bf-4164-989e-ae1756b39ef7'),'Zachepylivskyi','Зачепилівський'), (UUID_TO_BIN('102c9885-dec0-41e5-b1dd-e255bbeb602f'),UUID_TO_BIN('380f4720-3e9c-4978-aa2f-a0baa7764c46'),'Chernihivskyi','Чернігівський'), (UUID_TO_BIN('17709dfa-3bd3-4c7d-b850-dbeeed6868c4'),UUID_TO_BIN('9a3460ca-4544-4c82-a3cc-4fcade294762'),'Talnivskyi','Тальнівський'), (UUID_TO_BIN('0020f095-69db-4a22-a6fb-443e3e771e9a'),UUID_TO_BIN('85cb6296-67bf-4164-989e-ae1756b39ef7'),'Lozivskyi','Лозівський'), (UUID_TO_BIN('54e34273-13e8-4a29-babc-b4a4194fd290'),UUID_TO_BIN('75f83dab-3380-4d99-92ba-de3d64b67100'),'Sokyrianskyi','Сокирянський'), (UUID_TO_BIN('19e8f5f4-cf88-4098-91b8-6d4803fdc1b2'),UUID_TO_BIN('6e519726-42c4-4bcf-bab5-33537464420c'),'Tatarbunarskyi','Татарбунарський'), (UUID_TO_BIN('3e6adeaa-34e0-441a-a1ef-6ac70f52e962'),UUID_TO_BIN('6c2664fe-8808-48d1-b5b4-99a51e756181'),'Nadvirnianskyi','Надвірнянський'), (UUID_TO_BIN('0dbda603-e2c5-4c6a-9788-abe125958495'),UUID_TO_BIN('c84902fb-f390-4266-9409-d9bd24f98320'),'Pidhaietskyi','Підгаєцький'), (UUID_TO_BIN('0ea7012c-fee8-4474-a044-d7be3024543d'),UUID_TO_BIN('b809979d-c2b1-49ab-9342-635c399e2937'),'Bereznehuvatskyi','Березнегуватський'), (UUID_TO_BIN('dbca897b-573d-4701-9c3c-f3cbf3d262ba'),UUID_TO_BIN('0101a5e9-b0ad-4046-b389-cccc3fd478bc'),'Verkhnorohachytskyi','Верхньорогачицький'), (UUID_TO_BIN('76e00d11-f896-4b3a-bd21-1dd3d117ae5d'),UUID_TO_BIN('b809979d-c2b1-49ab-9342-635c399e2937'),'Novoodeskyi','Новоодеський'), (UUID_TO_BIN('f0450fd3-cc37-4261-905f-5553d8e2022a'),UUID_TO_BIN('08811c88-aab0-44e9-aaff-303cf09c881f'),'Bobrynetskyi','Бобринецький'), (UUID_TO_BIN('f9952234-1542-4628-8ae6-1d7fb3cb66d8'),UUID_TO_BIN('8b6bde37-4494-4be1-8ca9-a2408ce27569'),'Starosambirskyi','Старосамбірський'), (UUID_TO_BIN('01100177-492b-46dc-a273-7046a1a2a3a0'),UUID_TO_BIN('7339525f-641a-40ce-8b5a-5fd1c04eadf9'),'Trostianetskyi','Тростянецький'), (UUID_TO_BIN('5bfa5082-ced1-4d12-a094-5ea010c36200'),UUID_TO_BIN('0101a5e9-b0ad-4046-b389-cccc3fd478bc'),'Henicheskyi','Генічеський'), (UUID_TO_BIN('d1fc9a29-9971-4e4b-8a71-8fff85150650'),UUID_TO_BIN('90963eea-493c-457e-ae10-0af1b8352a50'),'Bilmatskii','Більмацький'), (UUID_TO_BIN('cb101250-8108-4e1e-9d92-bec47a7ef246'),UUID_TO_BIN('740692b8-ad6a-4eb2-8fa8-895c73c35d9f'),'Zhytomyrskyi','Житомирський'), (UUID_TO_BIN('12194d82-9c44-4a84-addf-36575dcf0ca4'),UUID_TO_BIN('6e519726-42c4-4bcf-bab5-33537464420c'),'Shyriaivskyi','Ширяївський'), (UUID_TO_BIN('1ac333c8-0461-422d-be84-7e3ef9b818dc'),UUID_TO_BIN('c84902fb-f390-4266-9409-d9bd24f98320'),'Buchatskyi','Бучацький'), (UUID_TO_BIN('1854e3bb-22d3-48e1-8c65-7823f4cf914b'),UUID_TO_BIN('9551cc05-f9fe-4c84-a4ac-72d9d8634e01'),'Pishchanskyi','Піщанський'), (UUID_TO_BIN('71f3c3bb-5cf2-45ba-8f25-6060766976ff'),UUID_TO_BIN('b809979d-c2b1-49ab-9342-635c399e2937'),'Bashtanskyi','Баштанський'), (UUID_TO_BIN('0789f694-4fd2-4e00-9ac3-c38b4c2ba91c'),UUID_TO_BIN('3c9e1962-2ee4-436b-851a-843e00c2a197'),'Rozhyshchenskyi','Рожищенський'), (UUID_TO_BIN('1e00049d-2730-40b8-8f31-986cd19f1204'),UUID_TO_BIN('9551cc05-f9fe-4c84-a4ac-72d9d8634e01'),'Teplytskyi','Теплицький'), (UUID_TO_BIN('d013cb1f-84a7-4502-af43-bf77066b98e2'),UUID_TO_BIN('4056d002-6967-4821-8104-0c3122d85f2b'),'Boryspilskyi','Бориспільський'), (UUID_TO_BIN('aabb8917-4f45-4760-a97b-a0aa498df781'),UUID_TO_BIN('6c2664fe-8808-48d1-b5b4-99a51e756181'),'Rozhniativskyi','Рожнятівський'), (UUID_TO_BIN('599304ce-2707-4268-9c20-b9aee0f6e920'),UUID_TO_BIN('9551cc05-f9fe-4c84-a4ac-72d9d8634e01'),'Sharhorodskyi','Шаргородський'), (UUID_TO_BIN('69b078e0-556b-491c-9fc8-690b4f4495f0'),UUID_TO_BIN('85cb6296-67bf-4164-989e-ae1756b39ef7'),'Bohodukhivskyi','Богодухівський'), (UUID_TO_BIN('0ffe5611-4c01-42d8-b7f5-50322267ef23'),UUID_TO_BIN('85cb6296-67bf-4164-989e-ae1756b39ef7'),'Kolomatskyi','Коломацький'), (UUID_TO_BIN('c4f3272f-6ba5-4815-9a79-fa8e1736480d'),UUID_TO_BIN('f863f8c5-5117-4b62-81bd-a1101cbd2231'),'Volodymyretskyi','Володимирецький'), (UUID_TO_BIN('a501853b-972c-4183-a9d1-37779daedf7a'),UUID_TO_BIN('380f4720-3e9c-4978-aa2f-a0baa7764c46'),'Talalaivskyi','Талалаївський'), (UUID_TO_BIN('0de9fe58-84a8-4c2b-bf8a-d8434041fb16'),UUID_TO_BIN('85cb6296-67bf-4164-989e-ae1756b39ef7'),'Iziumskyi','Ізюмський'), (UUID_TO_BIN('8355e882-9cc2-41c8-bf67-f5ba6b910768'),UUID_TO_BIN('7339525f-641a-40ce-8b5a-5fd1c04eadf9'),'Hlukhivskyi','Глухівський'), (UUID_TO_BIN('0fa5f789-660a-4e7a-ae69-53b375663e36'),UUID_TO_BIN('4056d002-6967-4821-8104-0c3122d85f2b'),'Yahotynskyi','Яготинський'), (UUID_TO_BIN('68f31b2b-51fe-4a8d-8eff-e2e149aac11b'),UUID_TO_BIN('740692b8-ad6a-4eb2-8fa8-895c73c35d9f'),'Malynskyi','Малинський'), (UUID_TO_BIN('379bec2d-2453-4ec0-9267-d998c35ec810'),UUID_TO_BIN('f863f8c5-5117-4b62-81bd-a1101cbd2231'),'Ostrozkyi','Острозький'), (UUID_TO_BIN('6a947dfd-4849-4561-ab3e-f5581f247f56'),UUID_TO_BIN('6c2664fe-8808-48d1-b5b4-99a51e756181'),'Tlumatskyi','Тлумацький'), (UUID_TO_BIN('7ca43f1d-b8bc-45e2-be80-cfdf97c7af4a'),UUID_TO_BIN('c84902fb-f390-4266-9409-d9bd24f98320'),'Kremenetskyi','Кременецький'), (UUID_TO_BIN('2787a918-41fb-4380-a446-75716dc2ee22'),UUID_TO_BIN('1f676250-3921-42df-8010-dc6d09fe2be4'),'Pokrovskii','Покровський'), (UUID_TO_BIN('e444eab1-61ff-4491-a19a-e5c0578b1ab1'),UUID_TO_BIN('9551cc05-f9fe-4c84-a4ac-72d9d8634e01'),'Mohyliv-Podilskyi','Могилів-Подільський'), (UUID_TO_BIN('bb3e593d-1a38-4fbf-bacd-bd28e26de4fa'),UUID_TO_BIN('380f4720-3e9c-4978-aa2f-a0baa7764c46'),'Kozeletskyi','Козелецький'), (UUID_TO_BIN('f3162a69-86b8-49fe-ba1b-c512d18b4b09'),UUID_TO_BIN('6986cfd9-de7e-4ae5-8a3b-5a525fd64c54'),'Shyrokivskyi','Широківський'), (UUID_TO_BIN('4415c390-7417-45ae-9915-8104c1b72459'),UUID_TO_BIN('8b6bde37-4494-4be1-8ca9-a2408ce27569'),'Yavorivskyi','Яворівський'), (UUID_TO_BIN('b0345a80-daf2-4d50-bd8d-4b4c92d85487'),UUID_TO_BIN('0c985663-1dab-4db0-9f91-a0f63ff6ce2b'),'Iziaslavskyi','Ізяславський'), (UUID_TO_BIN('f5d458d1-7af2-42fd-8f00-97cc903eff5c'),UUID_TO_BIN('0101a5e9-b0ad-4046-b389-cccc3fd478bc'),'Nyzhnosirohozkyi','Нижньосірогозький'), (UUID_TO_BIN('b86ace09-e39e-4076-8bc7-ac5d3a3b4c22'),UUID_TO_BIN('3c9e1962-2ee4-436b-851a-843e00c2a197'),'Horokhivskyi','Горохівський'), (UUID_TO_BIN('082de1d9-6567-410b-a909-c92e718d99aa'),UUID_TO_BIN('4056d002-6967-4821-8104-0c3122d85f2b'),'Kyievo-Sviatoshynskyi','Києво-Святошинський'), (UUID_TO_BIN('dbc7d935-1082-47ff-a630-d9deaf402155'),UUID_TO_BIN('7339525f-641a-40ce-8b5a-5fd1c04eadf9'),'Konotopskyi','Конотопський'), (UUID_TO_BIN('b61a776c-42c9-43fb-a2a2-13f1a23c7a09'),UUID_TO_BIN('5c5b2a34-1809-4576-9a8a-80ad08765521'),'Lubenskyi','Лубенський'), (UUID_TO_BIN('bd0d6daa-3791-4c67-a69b-d65e203ed4e6'),UUID_TO_BIN('c84902fb-f390-4266-9409-d9bd24f98320'),'Shumskyi','Шумський'), (UUID_TO_BIN('a5969e51-4324-477e-8e26-40311b44c819'),UUID_TO_BIN('380f4720-3e9c-4978-aa2f-a0baa7764c46'),'Semenivskyi','Семенівський'), (UUID_TO_BIN('a31e04a6-4294-4b57-8795-1f6336bca1f7'),UUID_TO_BIN('740692b8-ad6a-4eb2-8fa8-895c73c35d9f'),'Andrushivskyi','Андрушівський'), (UUID_TO_BIN('f4cb3adf-e331-4009-ad68-f57190c0126b'),UUID_TO_BIN('b809979d-c2b1-49ab-9342-635c399e2937'),'Kazankivskyi','Казанківський'), (UUID_TO_BIN('5f5745a2-c00f-4772-a9f2-8f4c9328927e'),UUID_TO_BIN('6986cfd9-de7e-4ae5-8a3b-5a525fd64c54'),'Synelnykivskyi','Синельниківський'), (UUID_TO_BIN('4d81988a-0ce4-49ca-91ba-6e1d2888287d'),UUID_TO_BIN('6c2664fe-8808-48d1-b5b4-99a51e756181'),'Halytskyi','Галицький'), (UUID_TO_BIN('b65040f3-faf0-44ac-8f3c-45c880cbc878'),UUID_TO_BIN('380f4720-3e9c-4978-aa2f-a0baa7764c46'),'Nizhynskyi','Ніжинський'), (UUID_TO_BIN('91e87827-2431-401f-a0d6-ea3fc8fee272'),UUID_TO_BIN('8b6bde37-4494-4be1-8ca9-a2408ce27569'),'Peremyshlianskyi','Перемишлянський'), (UUID_TO_BIN('b8f6297b-844b-4217-9476-831fb6454e96'),UUID_TO_BIN('6c2664fe-8808-48d1-b5b4-99a51e756181'),'Kaluskyi','Калуський'), (UUID_TO_BIN('bb8c9136-c921-4bde-8209-eebaae5c645a'),UUID_TO_BIN('08811c88-aab0-44e9-aaff-303cf09c881f'),'Malovyskivskyi','Маловисківський'), (UUID_TO_BIN('a2b01b86-af43-4b64-9b71-2c4373506730'),UUID_TO_BIN('b809979d-c2b1-49ab-9342-635c399e2937'),'Ochakivskyi','Очаківський'), (UUID_TO_BIN('b97357fe-4e2f-4630-a3c5-a67ddeda0ee0'),UUID_TO_BIN('c84902fb-f390-4266-9409-d9bd24f98320'),'Terebovlianskyi','Теребовлянський'), (UUID_TO_BIN('c3d8ecbb-b01a-4324-a555-ee8fbb00a768'),UUID_TO_BIN('3c9e1962-2ee4-436b-851a-843e00c2a197'),'Starovyzhivskyi','Старовижівський'), (UUID_TO_BIN('eabead8b-3cfb-450c-986d-19b6287d268d'),UUID_TO_BIN('c84902fb-f390-4266-9409-d9bd24f98320'),'Chortkivskyi','Чортківський'), (UUID_TO_BIN('143566f7-eb1f-453b-a4e3-84ff13e0286f'),UUID_TO_BIN('740692b8-ad6a-4eb2-8fa8-895c73c35d9f'),'Luhynskyi','Лугинський'), (UUID_TO_BIN('e07de180-2824-4ff8-a254-bdc51effee75'),UUID_TO_BIN('4056d002-6967-4821-8104-0c3122d85f2b'),'Borodianskyi','Бородянський'), (UUID_TO_BIN('82b67cde-64ce-4898-8a32-32675b06a595'),UUID_TO_BIN('f863f8c5-5117-4b62-81bd-a1101cbd2231'),'Demydivskyi','Демидівський'), (UUID_TO_BIN('1f092344-b85e-4f98-88b7-732025607381'),UUID_TO_BIN('7339525f-641a-40ce-8b5a-5fd1c04eadf9'),'Krasnopilskyi','Краснопільський'), (UUID_TO_BIN('101eceba-f202-44f9-8e33-dc5f238760d9'),UUID_TO_BIN('380f4720-3e9c-4978-aa2f-a0baa7764c46'),'Ripkynskyi','Ріпкинський'), (UUID_TO_BIN('ea6de9bd-466b-4727-ab0d-ae0d8f10bf84'),UUID_TO_BIN('5c5b2a34-1809-4576-9a8a-80ad08765521'),'Poltavskyi','Полтавський'), (UUID_TO_BIN('73c7c9a9-8a17-419c-93b8-d17e53e885b3'),UUID_TO_BIN('6986cfd9-de7e-4ae5-8a3b-5a525fd64c54'),'Petropavlivskyi','Петропавлівський'), (UUID_TO_BIN('4e84cc15-fcd4-4665-911b-a99dd4bf0171'),UUID_TO_BIN('d072b1af-958c-4497-ae7e-8c260c46f2c2'),'Svaliavskyi','Свалявський'), (UUID_TO_BIN('6b9d8cbb-15e8-496d-8e50-6e102154cf4a'),UUID_TO_BIN('6986cfd9-de7e-4ae5-8a3b-5a525fd64c54'),'Tomakivskyi','Томаківський'), (UUID_TO_BIN('86c18899-b282-4fc4-849e-82231bef97c4'),UUID_TO_BIN('6e519726-42c4-4bcf-bab5-33537464420c'),'Biliaivskyi','Біляївський'), (UUID_TO_BIN('7a6a5bf1-2741-4d32-b603-74ac21ab00ec'),UUID_TO_BIN('0c985663-1dab-4db0-9f91-a0f63ff6ce2b'),'Polonskyi','Полонський'), (UUID_TO_BIN('79933683-880f-4cd7-a468-9e4fb1eebf27'),UUID_TO_BIN('0c985663-1dab-4db0-9f91-a0f63ff6ce2b'),'Vinkovetskyi','Віньковецький'), (UUID_TO_BIN('a8f57e4f-1fd8-4249-be04-6d5e6a59074c'),UUID_TO_BIN('4056d002-6967-4821-8104-0c3122d85f2b'),'Vyshhorodskyi','Вишгородський'), (UUID_TO_BIN('1a3bebdc-d7ce-4ec4-9002-3c014c089b30'),UUID_TO_BIN('6986cfd9-de7e-4ae5-8a3b-5a525fd64c54'),'Mahdalynivskyi','Магдалинівський'), (UUID_TO_BIN('a16369ff-c43c-41d5-8f13-93c2eb25fd5e'),UUID_TO_BIN('6c2664fe-8808-48d1-b5b4-99a51e756181'),'Verkhovynskyi','Верховинський'), (UUID_TO_BIN('3be7f496-3015-4065-8293-7caf0ed24b58'),UUID_TO_BIN('6986cfd9-de7e-4ae5-8a3b-5a525fd64c54'),'Piatykhatskyi','П\'ятихатський'), (UUID_TO_BIN('daea2d6f-35e5-498e-9257-519c2a82ba20'),UUID_TO_BIN('740692b8-ad6a-4eb2-8fa8-895c73c35d9f'),'Cherniakhivskyi','Черняхівський'), (UUID_TO_BIN('e87281d8-dd53-46dd-8876-d5b4465ed8c7'),UUID_TO_BIN('08811c88-aab0-44e9-aaff-303cf09c881f'),'Blagovishchenskii','Благовіщенський'), (UUID_TO_BIN('96cb9c5f-865d-4625-9df9-847729f1b391'),UUID_TO_BIN('b809979d-c2b1-49ab-9342-635c399e2937'),'Veselynivskyi','Веселинівський'), (UUID_TO_BIN('642a655a-5541-4118-ad53-e8057e69a0f1'),UUID_TO_BIN('a80fa392-71b5-433f-88dd-e9205f251bd2'),'Novopskovskyi','Новопсковський'), (UUID_TO_BIN('2b71b540-3e8a-494c-9593-1e4545c6b84f'),UUID_TO_BIN('85cb6296-67bf-4164-989e-ae1756b39ef7'),'Krasnohradskyi','Красноградський'), (UUID_TO_BIN('36991732-e888-4176-b54d-0ecc7091a946'),UUID_TO_BIN('a80fa392-71b5-433f-88dd-e9205f251bd2'),'Troitskyi','Троїцький'), (UUID_TO_BIN('a40f479c-9777-41f2-8a2f-e4ac7a0c0ce5'),UUID_TO_BIN('8b6bde37-4494-4be1-8ca9-a2408ce27569'),'Brodivskyi','Бродівський'), (UUID_TO_BIN('8c134630-2bc2-4f1f-83ff-19a3166e7f6c'),UUID_TO_BIN('f863f8c5-5117-4b62-81bd-a1101cbd2231'),'Dubenskyi','Дубенський'), (UUID_TO_BIN('0ac543b7-0087-495a-8280-7011214690f4'),UUID_TO_BIN('9551cc05-f9fe-4c84-a4ac-72d9d8634e01'),'Chernivetskyi','Чернівецький'), (UUID_TO_BIN('e260e3cf-8c5d-4891-a7c9-c0cbb1e1dd3b'),UUID_TO_BIN('6e519726-42c4-4bcf-bab5-33537464420c'),'Artsyzkyi','Арцизький'), (UUID_TO_BIN('a4468eb7-0feb-4884-b594-9444354b4c8c'),UUID_TO_BIN('85cb6296-67bf-4164-989e-ae1756b39ef7'),'Balakliiskyi','Балаклійський'), (UUID_TO_BIN('dfacdaf1-1c0f-41be-b176-e20f0845014b'),UUID_TO_BIN('6e519726-42c4-4bcf-bab5-33537464420c'),'Izmailskyi','Ізмаїльський'), (UUID_TO_BIN('454e5526-2d23-4808-a775-f4a3abeba0d3'),UUID_TO_BIN('7339525f-641a-40ce-8b5a-5fd1c04eadf9'),'Velykopysarivskyi','Великописарівський'), (UUID_TO_BIN('31c9daf3-4cc5-44e1-8a18-b812861dd11b'),UUID_TO_BIN('6986cfd9-de7e-4ae5-8a3b-5a525fd64c54'),'Sofiivskyi','Софіївський'), (UUID_TO_BIN('ea74a559-ba5d-4196-b4dd-c854eeb306d5'),UUID_TO_BIN('0101a5e9-b0ad-4046-b389-cccc3fd478bc'),'Ivanivskyi','Іванівський'), (UUID_TO_BIN('724ab4f1-0a9e-4af6-8363-f2cac3ee23c2'),UUID_TO_BIN('f863f8c5-5117-4b62-81bd-a1101cbd2231'),'Mlynivskyi','Млинівський'), (UUID_TO_BIN('7e8a15c7-96c3-41ea-8f49-29d1c8204c6b'),UUID_TO_BIN('9a3460ca-4544-4c82-a3cc-4fcade294762'),'Umanskyi','Уманський'), (UUID_TO_BIN('0eaddb70-2715-4449-9495-c17f305c8452'),UUID_TO_BIN('08811c88-aab0-44e9-aaff-303cf09c881f'),'Dobrovelychkivskyi','Добровеличківський'), (UUID_TO_BIN('acab09b1-1ef4-424a-9eea-997f7dc9ab4e'),UUID_TO_BIN('0c985663-1dab-4db0-9f91-a0f63ff6ce2b'),'Bilohirskyi','Білогірський'), (UUID_TO_BIN('2139bed0-2ee7-40bf-ac23-d6d7322a0879'),UUID_TO_BIN('9551cc05-f9fe-4c84-a4ac-72d9d8634e01'),'Bershadskyi','Бершадський'), (UUID_TO_BIN('05b498a3-1ff0-4ba4-b900-cdc79cd084a6'),UUID_TO_BIN('f863f8c5-5117-4b62-81bd-a1101cbd2231'),'Radyvylivskyi','Радивилівський'), (UUID_TO_BIN('8c8f53e7-7403-4f97-a05c-4dabb4475c63'),UUID_TO_BIN('7339525f-641a-40ce-8b5a-5fd1c04eadf9'),'Seredyno-Budskyi','Середино-Будський'), (UUID_TO_BIN('c8781f0e-9be1-4178-8f61-10ce1f710780'),UUID_TO_BIN('0c985663-1dab-4db0-9f91-a0f63ff6ce2b'),'Derazhnianskyi','Деражнянський'), (UUID_TO_BIN('111455b3-13ce-4e2f-bafb-073a6b47d8c3'),UUID_TO_BIN('75f83dab-3380-4d99-92ba-de3d64b67100'),'Kelmenetskyi','Кельменецький'), (UUID_TO_BIN('88db2f5b-b412-4e37-8534-88748d4c0be6'),UUID_TO_BIN('9551cc05-f9fe-4c84-a4ac-72d9d8634e01'),'Orativskyi','Оратівський'), (UUID_TO_BIN('20e66e1b-a597-47ba-b704-ed5a7dc13c16'),UUID_TO_BIN('380f4720-3e9c-4978-aa2f-a0baa7764c46'),'Horodnianskyi','Городнянський'), (UUID_TO_BIN('cc5e880c-13df-4fbc-aeb8-09ba31e07202'),UUID_TO_BIN('6986cfd9-de7e-4ae5-8a3b-5a525fd64c54'),'Krynychanskyi','Криничанський'), (UUID_TO_BIN('4e23a79f-2272-4c8a-81da-e7cc5c690467'),UUID_TO_BIN('6986cfd9-de7e-4ae5-8a3b-5a525fd64c54'),'Mezhivskyi','Межівський'), (UUID_TO_BIN('97b8ddbd-e96a-4ff4-a2b7-cc6f4b52a36a'),UUID_TO_BIN('380f4720-3e9c-4978-aa2f-a0baa7764c46'),'Koropskyi','Коропський'), (UUID_TO_BIN('10caa9eb-eeeb-4dec-a6a9-b53349bc92bc'),UUID_TO_BIN('c84902fb-f390-4266-9409-d9bd24f98320'),'Berezhanskyi','Бережанський'), (UUID_TO_BIN('da8f70db-52a3-4688-9dc0-f13537749c67'),UUID_TO_BIN('6e519726-42c4-4bcf-bab5-33537464420c'),'Berezivskyi','Березівський'), (UUID_TO_BIN('cdc9a5b2-9aea-4611-86f5-7827557ff4d9'),UUID_TO_BIN('c84902fb-f390-4266-9409-d9bd24f98320'),'Zalishchytskyi','Заліщицький'), (UUID_TO_BIN('d9802706-544d-44d9-bb83-d4cb810264de'),UUID_TO_BIN('3c9e1962-2ee4-436b-851a-843e00c2a197'),'Liubomlskyi','Любомльський'), (UUID_TO_BIN('374c90b7-3e14-4dc1-846a-86dfc274f729'),UUID_TO_BIN('8b6bde37-4494-4be1-8ca9-a2408ce27569'),'Stryiskyi','Стрийський'), (UUID_TO_BIN('538fa055-94db-48ce-a6e4-440a9dd4e231'),UUID_TO_BIN('85cb6296-67bf-4164-989e-ae1756b39ef7'),'Kupianskyi','Куп\'янський'), (UUID_TO_BIN('c9539a91-a0c0-42f2-b945-96e25fae0020'),UUID_TO_BIN('0c985663-1dab-4db0-9f91-a0f63ff6ce2b'),'Kamianets-Podilskyi','Кам\'янець-Подільський'), (UUID_TO_BIN('379fb3bf-73d2-42e2-9e62-40d103ba77d6'),UUID_TO_BIN('1f676250-3921-42df-8010-dc6d09fe2be4'),'Bakhmutskii','Бахмутський'), (UUID_TO_BIN('8c6f0765-f1ce-4ee6-a8bd-4646b777c326'),UUID_TO_BIN('3c9e1962-2ee4-436b-851a-843e00c2a197'),'Lokachynskyi','Локачинський'), (UUID_TO_BIN('e0c2bd41-6605-4e45-81bc-ab65ff4e268e'),UUID_TO_BIN('08811c88-aab0-44e9-aaff-303cf09c881f'),'Novoukrainskyi','Новоукраїнський'), (UUID_TO_BIN('7926d478-5794-495b-a5fa-9ba1ab4637c9'),UUID_TO_BIN('0101a5e9-b0ad-4046-b389-cccc3fd478bc'),'Novovorontsovskyi','Нововоронцовський'), (UUID_TO_BIN('cbb4064b-be68-47e8-bf05-bd337720f5a1'),UUID_TO_BIN('1f676250-3921-42df-8010-dc6d09fe2be4'),'Marinskyi','Мар\'їнський'), (UUID_TO_BIN('7aec5e27-41e3-45be-853d-4ab67978c043'),UUID_TO_BIN('c84902fb-f390-4266-9409-d9bd24f98320'),'Pidvolochyskyi','Підволочиський'), (UUID_TO_BIN('adcd5dd9-c65f-4b0f-ae94-baea9cfd77d2'),UUID_TO_BIN('380f4720-3e9c-4978-aa2f-a0baa7764c46'),'Snovskii','Сновський'), (UUID_TO_BIN('e930ed17-ada6-4208-9198-3d1dc42e1c0d'),UUID_TO_BIN('9a3460ca-4544-4c82-a3cc-4fcade294762'),'Chyhyrynskyi','Чигиринський'), (UUID_TO_BIN('1f34a9cc-be6c-407b-b0ea-5178b3f682e7'),UUID_TO_BIN('b809979d-c2b1-49ab-9342-635c399e2937'),'Vitovskii','Вітовський'), (UUID_TO_BIN('baa28cac-4317-489d-bc4e-9c7a6727f2a4'),UUID_TO_BIN('08811c88-aab0-44e9-aaff-303cf09c881f'),'Svitlovodskyi','Світловодський'), (UUID_TO_BIN('c1196b26-f134-49ed-8dd0-e531232e576e'),UUID_TO_BIN('f863f8c5-5117-4b62-81bd-a1101cbd2231'),'Zarichnenskyi','Зарічненський'), (UUID_TO_BIN('ffb76b87-5063-49a9-8a1d-cb25a48325f8'),UUID_TO_BIN('5c5b2a34-1809-4576-9a8a-80ad08765521'),'Chutivskyi','Чутівський'), (UUID_TO_BIN('913a059d-5b05-4093-aef2-90fc9618117a'),UUID_TO_BIN('740692b8-ad6a-4eb2-8fa8-895c73c35d9f'),'Baranivskyi','Баранівський'), (UUID_TO_BIN('6bd80e47-f981-42d5-b545-241eebc2b80d'),UUID_TO_BIN('740692b8-ad6a-4eb2-8fa8-895c73c35d9f'),'Popilnianskyi','Попільнянський'), (UUID_TO_BIN('89323c92-6c2c-4559-97af-61a6e23fb4fe'),UUID_TO_BIN('6986cfd9-de7e-4ae5-8a3b-5a525fd64c54'),'Kryvorizʹkyy','Криворізький'), (UUID_TO_BIN('ef3520e8-4eab-4919-a518-906e87ce99bb'),UUID_TO_BIN('9a3460ca-4544-4c82-a3cc-4fcade294762'),'Lysianskyi','Лисянський'), (UUID_TO_BIN('7b7ce63b-e42c-4e88-930c-184898529273'),UUID_TO_BIN('6e519726-42c4-4bcf-bab5-33537464420c'),'Tarutynskyi','Тарутинський'), (UUID_TO_BIN('3d62d2ef-8925-4152-aead-8d391fff2339'),UUID_TO_BIN('5c5b2a34-1809-4576-9a8a-80ad08765521'),'Pyriatynskyi','Пирятинський'), (UUID_TO_BIN('70ee61d5-6331-4312-b153-c79b6be9afa6'),UUID_TO_BIN('f863f8c5-5117-4b62-81bd-a1101cbd2231'),'Bereznivskyi','Березнівський'), (UUID_TO_BIN('1b58062d-50a2-49ae-a917-eb84c31fd202'),UUID_TO_BIN('90963eea-493c-457e-ae10-0af1b8352a50'),'Veselivskyi','Веселівський'), (UUID_TO_BIN('9874aa6d-998e-44c4-abf4-4072bebd0820'),UUID_TO_BIN('0c985663-1dab-4db0-9f91-a0f63ff6ce2b'),'Teofipolskyi','Теофіпольський'), (UUID_TO_BIN('87091575-7c4b-45bc-ba86-db9d559f2882'),UUID_TO_BIN('6e519726-42c4-4bcf-bab5-33537464420c'),'Rozdilnianskyi','Роздільнянський'), (UUID_TO_BIN('3d6eae08-d5ad-47c9-9f3a-085b93398eb1'),UUID_TO_BIN('3c9e1962-2ee4-436b-851a-843e00c2a197'),'Liubeshivskyi','Любешівський'), (UUID_TO_BIN('b5796bdd-c746-4cda-ae7c-2ac1aa30f745'),UUID_TO_BIN('6e519726-42c4-4bcf-bab5-33537464420c'),'Kodymskyi','Кодимський'), (UUID_TO_BIN('598875e3-b2b5-4265-a44c-d9aa9f87515d'),UUID_TO_BIN('380f4720-3e9c-4978-aa2f-a0baa7764c46'),'Bakhmatskyi','Бахмацький'), (UUID_TO_BIN('4178f57c-9894-4264-9ae4-4715d2909ec1'),UUID_TO_BIN('4056d002-6967-4821-8104-0c3122d85f2b'),'Makarivskyi','Макарівський'), (UUID_TO_BIN('1ff3d281-2c58-4f6c-961c-e6fe41f49ed7'),UUID_TO_BIN('9551cc05-f9fe-4c84-a4ac-72d9d8634e01'),'Khmilnytskyi','Хмільницький'), (UUID_TO_BIN('7da43e50-7595-458a-9675-424984ef38eb'),UUID_TO_BIN('380f4720-3e9c-4978-aa2f-a0baa7764c46'),'Varvynskyi','Варвинський'), (UUID_TO_BIN('248603ea-9aef-44ba-be81-4363758fdd9f'),UUID_TO_BIN('8b6bde37-4494-4be1-8ca9-a2408ce27569'),'Sambirskyi','Самбірський'), (UUID_TO_BIN('009d384e-9f8e-414c-a742-c7b7bb5ac11a'),UUID_TO_BIN('0c985663-1dab-4db0-9f91-a0f63ff6ce2b'),'Starosyniavskyi','Старосинявський'), (UUID_TO_BIN('60870ddf-5859-4a97-853c-1f1f3061ba32'),UUID_TO_BIN('90963eea-493c-457e-ae10-0af1b8352a50'),'Novomykolaivskyi','Новомиколаївський'), (UUID_TO_BIN('78d0af7f-5bf4-4560-ad54-f02986330404'),UUID_TO_BIN('4056d002-6967-4821-8104-0c3122d85f2b'),'Myronivskyi','Миронівський'), (UUID_TO_BIN('eb1376dd-339c-44f9-b774-f4811f81ba2d'),UUID_TO_BIN('3c9e1962-2ee4-436b-851a-843e00c2a197'),'Ivanychivskyi','Іваничівський'), (UUID_TO_BIN('ccca19f5-60db-4c38-a472-005af44765bd'),UUID_TO_BIN('08811c88-aab0-44e9-aaff-303cf09c881f'),'Vilshanskyi','Вільшанський'), (UUID_TO_BIN('66740b23-e2d6-40ad-8310-fa9172a50a79'),UUID_TO_BIN('6e519726-42c4-4bcf-bab5-33537464420c'),'Podilskii','Подільський'), (UUID_TO_BIN('c5d963a9-b0ae-4d28-870b-b7e86038be3c'),UUID_TO_BIN('6986cfd9-de7e-4ae5-8a3b-5a525fd64c54'),'Nikopolskyi','Нікопольський'), (UUID_TO_BIN('8be1b40e-9ab7-4b3c-b4e9-3432488182e3'),UUID_TO_BIN('0101a5e9-b0ad-4046-b389-cccc3fd478bc'),'Oleshkivskii','Олешківський'), (UUID_TO_BIN('216f8f5f-5610-4710-aeb6-e17d9bb63326'),UUID_TO_BIN('8b6bde37-4494-4be1-8ca9-a2408ce27569'),'Mostyskyi','Мостиський'), (UUID_TO_BIN('650f414d-ebf7-4664-8fbe-16d605769373'),UUID_TO_BIN('9a3460ca-4544-4c82-a3cc-4fcade294762'),'Cherkaskyi','Черкаський'), (UUID_TO_BIN('cb1db87e-6b97-41ce-b096-d143b1c29d6b'),UUID_TO_BIN('7339525f-641a-40ce-8b5a-5fd1c04eadf9'),'Burynskyi','Буринський'), (UUID_TO_BIN('c9771ece-e643-41bb-b880-b878ba378053'),UUID_TO_BIN('a80fa392-71b5-433f-88dd-e9205f251bd2'),'Stanychno-Luhanskyi','Станично-Луганський'), (UUID_TO_BIN('a3ac7be8-1736-4cba-8f6f-038fed287b85'),UUID_TO_BIN('b809979d-c2b1-49ab-9342-635c399e2937'),'Yelanetskyi','Єланецький'), (UUID_TO_BIN('41a457da-850f-4185-be0f-225f416b6dd9'),UUID_TO_BIN('f863f8c5-5117-4b62-81bd-a1101cbd2231'),'Hoshchanskyi','Гощанський'), (UUID_TO_BIN('865c4b2a-3d60-48d5-95c7-2b17b1c7cf22'),UUID_TO_BIN('9551cc05-f9fe-4c84-a4ac-72d9d8634e01'),'Litynskyi','Літинський'), (UUID_TO_BIN('b1da4d97-f38e-4afe-939f-307da663f7ca'),UUID_TO_BIN('6e519726-42c4-4bcf-bab5-33537464420c'),'Baltskyi','Балтський'), (UUID_TO_BIN('563e1dae-6ce6-4413-b846-8040647c6490'),UUID_TO_BIN('d072b1af-958c-4497-ae7e-8c260c46f2c2'),'Velykobereznianskyi','Великоберезнянський'), (UUID_TO_BIN('ca28a08f-15c1-45b5-802c-b147b946ddf1'),UUID_TO_BIN('6c2664fe-8808-48d1-b5b4-99a51e756181'),'Rohatynskyi','Рогатинський'), (UUID_TO_BIN('17128101-b8c9-4201-8d27-4898152f40a4'),UUID_TO_BIN('4056d002-6967-4821-8104-0c3122d85f2b'),'Bohuslavskyi','Богуславський'), (UUID_TO_BIN('1dd98061-fb0b-422f-885c-c303121962cb'),UUID_TO_BIN('75f83dab-3380-4d99-92ba-de3d64b67100'),'Storozhynetskyi','Сторожинецький'), (UUID_TO_BIN('f1a49665-7c9e-46ac-8472-67d95370e279'),UUID_TO_BIN('1f676250-3921-42df-8010-dc6d09fe2be4'),'Mangushskii','Мангушський'), (UUID_TO_BIN('dfcecde5-34c4-4b59-9344-295e430f6ed0'),UUID_TO_BIN('85cb6296-67bf-4164-989e-ae1756b39ef7'),'Vovchanskyi','Вовчанський'), (UUID_TO_BIN('f2cbe5bc-ef64-498f-b6a1-7c798f6babe3'),UUID_TO_BIN('6e519726-42c4-4bcf-bab5-33537464420c'),'Saratskyi','Саратський'), (UUID_TO_BIN('202a5234-5324-4c8a-9b59-437ed8c0e4d0'),UUID_TO_BIN('0c985663-1dab-4db0-9f91-a0f63ff6ce2b'),'Dunaievetskyi','Дунаєвецький'), (UUID_TO_BIN('f60157d1-13d9-4074-9e5a-858c6d5f7369'),UUID_TO_BIN('7339525f-641a-40ce-8b5a-5fd1c04eadf9'),'Shostkynskyi','Шосткинський'), (UUID_TO_BIN('37d6e41f-97fd-4af9-9936-9ad028971cc2'),UUID_TO_BIN('6986cfd9-de7e-4ae5-8a3b-5a525fd64c54'),'Kryvorizkyi','Криворізький'), (UUID_TO_BIN('33d43c1b-1b02-4393-8ba5-2a1a389cd98e'),UUID_TO_BIN('c84902fb-f390-4266-9409-d9bd24f98320'),'Lanovetskyi','Лановецький'), (UUID_TO_BIN('1a710854-cffd-49b2-b53b-cec03ff1d627'),UUID_TO_BIN('85cb6296-67bf-4164-989e-ae1756b39ef7'),'Zmiivskyi','Зміївський'), (UUID_TO_BIN('4642bee2-a37a-4bd8-8152-b66a1e099777'),UUID_TO_BIN('08811c88-aab0-44e9-aaff-303cf09c881f'),'Znamianskyi','Знам\'янський'), (UUID_TO_BIN('2fa955fd-24fd-4641-a23d-673f574e14e7'),UUID_TO_BIN('1f676250-3921-42df-8010-dc6d09fe2be4'),'Slovianskyi','Слов\'янський'), (UUID_TO_BIN('4b4abb25-0827-432d-97ce-2aea30bff031'),UUID_TO_BIN('6e519726-42c4-4bcf-bab5-33537464420c'),'Ananivskyi','Ананьївський'), (UUID_TO_BIN('28b89142-93bb-4fb8-9a10-bfa64bf3df72'),UUID_TO_BIN('5c5b2a34-1809-4576-9a8a-80ad08765521'),'Dykanskyi','Диканський'), (UUID_TO_BIN('a931830b-8c28-433c-b64a-241915719b1e'),UUID_TO_BIN('380f4720-3e9c-4978-aa2f-a0baa7764c46'),'Bobrovytskyi','Бобровицький'), (UUID_TO_BIN('6afe56b7-7ad8-4a62-ba25-5dc46495b893'),UUID_TO_BIN('7339525f-641a-40ce-8b5a-5fd1c04eadf9'),'Yampilskyi','Ямпільський'), (UUID_TO_BIN('4a100997-5f0f-4dfb-a6df-36ad2ca1220b'),UUID_TO_BIN('740692b8-ad6a-4eb2-8fa8-895c73c35d9f'),'Pulinskii','Пулинський'), (UUID_TO_BIN('16eab168-1a5c-429e-86df-230630cf67a9'),UUID_TO_BIN('5c5b2a34-1809-4576-9a8a-80ad08765521'),'Mashivskyi','Машівський'), (UUID_TO_BIN('88f59b18-0bf1-47f5-ba75-9167c2107ad6'),UUID_TO_BIN('3c9e1962-2ee4-436b-851a-843e00c2a197'),'Ratnivskyi','Ратнівський'), (UUID_TO_BIN('00f6c766-2913-499d-b0eb-592ef81ccedf'),UUID_TO_BIN('85cb6296-67bf-4164-989e-ae1756b39ef7'),'Zolochivskyi','Золочівський'), (UUID_TO_BIN('f1c74cf0-fcd6-441c-bd73-94e03db93958'),UUID_TO_BIN('5c5b2a34-1809-4576-9a8a-80ad08765521'),'Lokhvytskyi','Лохвицький'), (UUID_TO_BIN('8c2790fa-dda5-4dbd-89b4-8cb6c9a8bb94'),UUID_TO_BIN('85cb6296-67bf-4164-989e-ae1756b39ef7'),'Blyzniukivskyi','Близнюківський'), (UUID_TO_BIN('90875371-8191-407d-b786-b8bb21864741'),UUID_TO_BIN('85cb6296-67bf-4164-989e-ae1756b39ef7'),'Shevchenkivskyi','Шевченківський'), (UUID_TO_BIN('f7a2782d-4a87-4410-a7d8-93eb5147ff2a'),UUID_TO_BIN('6e519726-42c4-4bcf-bab5-33537464420c'),'Velykomykhailivskyi','Великомихайлівський'), (UUID_TO_BIN('b2fd10e4-fd51-4b58-99f7-8b7dc286b062'),UUID_TO_BIN('08811c88-aab0-44e9-aaff-303cf09c881f'),'Haivoronskyi','Гайворонський'), (UUID_TO_BIN('8e7ee846-3d37-4982-abce-dff1337faef5'),UUID_TO_BIN('a80fa392-71b5-433f-88dd-e9205f251bd2'),'Kreminskyi','Кремінський'), (UUID_TO_BIN('7bf49d48-c1c1-4a79-afe7-345362573100'),UUID_TO_BIN('c84902fb-f390-4266-9409-d9bd24f98320'),'Husiatynskyi','Гусятинський'), (UUID_TO_BIN('9caa5cfb-d69c-4303-84a3-edce0b5684e7'),UUID_TO_BIN('85cb6296-67bf-4164-989e-ae1756b39ef7'),'Velykoburlutskyi','Великобурлуцький'), (UUID_TO_BIN('cb73d661-5ac2-415b-800a-d348ff1d29de'),UUID_TO_BIN('4056d002-6967-4821-8104-0c3122d85f2b'),'Kaharlytskyi','Кагарлицький'), (UUID_TO_BIN('161fa7c8-74c8-414c-91af-3c3ed7307fc4'),UUID_TO_BIN('f863f8c5-5117-4b62-81bd-a1101cbd2231'),'Dubrovytskyi','Дубровицький'), (UUID_TO_BIN('c98869b2-3838-45f0-9664-dc2389b3e403'),UUID_TO_BIN('08811c88-aab0-44e9-aaff-303cf09c881f'),'Novoarkhanhelskyi','Новоархангельський'), (UUID_TO_BIN('59e22de8-848b-470f-a872-cde9f2d3e369'),UUID_TO_BIN('380f4720-3e9c-4978-aa2f-a0baa7764c46'),'Koriukivskyi','Корюківський'), (UUID_TO_BIN('408ae8f8-62f8-4766-89cd-672b8bd209f2'),UUID_TO_BIN('a80fa392-71b5-433f-88dd-e9205f251bd2'),'Bilovodskyi','Біловодський'), (UUID_TO_BIN('b32823ab-c2ae-44c2-92eb-30768329ce34'),UUID_TO_BIN('740692b8-ad6a-4eb2-8fa8-895c73c35d9f'),'Radomyshlskyi','Радомишльський'), (UUID_TO_BIN('c2324878-c4ed-4e00-b11a-6e54dca6dd6d'),UUID_TO_BIN('b809979d-c2b1-49ab-9342-635c399e2937'),'Kryvoozerskyi','Кривоозерський'), (UUID_TO_BIN('c40144f3-c490-47ef-93c7-ccc71655d702'),UUID_TO_BIN('5c5b2a34-1809-4576-9a8a-80ad08765521'),'Shyshatskyi','Шишацький'), (UUID_TO_BIN('c796ee61-7884-49f6-8631-b65753e988cb'),UUID_TO_BIN('9551cc05-f9fe-4c84-a4ac-72d9d8634e01'),'Tyvrivskyi','Тиврівський'), (UUID_TO_BIN('1a574a3e-94b8-4f90-ac3d-7d6f9903c68d'),UUID_TO_BIN('0101a5e9-b0ad-4046-b389-cccc3fd478bc'),'Kalanchatskyi','Каланчацький'), (UUID_TO_BIN('088205be-0d32-4609-a03c-b5acca1fac62'),UUID_TO_BIN('6c2664fe-8808-48d1-b5b4-99a51e756181'),'Sniatynskyi','Снятинський'), (UUID_TO_BIN('4edf0967-54f6-443f-b5b7-1c83adb5c2fd'),UUID_TO_BIN('9a3460ca-4544-4c82-a3cc-4fcade294762'),'Khrystynivskyi','Христинівський'), (UUID_TO_BIN('ba9446c0-6b4b-4c7e-8da5-65fd3a491fb5'),UUID_TO_BIN('4056d002-6967-4821-8104-0c3122d85f2b'),'Zhurivskyi','Згурівський'), (UUID_TO_BIN('b98c9c43-1f3c-4d20-93e9-168ce11ea1a4'),UUID_TO_BIN('6986cfd9-de7e-4ae5-8a3b-5a525fd64c54'),'Kam\'yansʹkyy','Кам\'янський'), (UUID_TO_BIN('33197c4c-b235-41be-b462-faf0f5a8b1cf'),UUID_TO_BIN('8b6bde37-4494-4be1-8ca9-a2408ce27569'),'Kamianka-Buzkyi','Кам\'янка-Бузький'), (UUID_TO_BIN('36e0b71c-1d69-47c8-8485-0b5a28429d9b'),UUID_TO_BIN('75f83dab-3380-4d99-92ba-de3d64b67100'),'Khotynskyi','Хотинський'), (UUID_TO_BIN('1928eaff-7247-4e46-90ab-b5b91c63a160'),UUID_TO_BIN('4056d002-6967-4821-8104-0c3122d85f2b'),'Brovarskyi','Броварський'), (UUID_TO_BIN('17e90e27-3c5d-4574-b2de-f2083accf414'),UUID_TO_BIN('75f83dab-3380-4d99-92ba-de3d64b67100'),'Hertsaivskyi','Герцаївський'), (UUID_TO_BIN('d60771c8-d12a-4d15-9d56-b5155403c30f'),UUID_TO_BIN('4056d002-6967-4821-8104-0c3122d85f2b'),'Obukhivskyi','Обухівський'), (UUID_TO_BIN('c71e0c6c-8af9-4669-b8e1-a897ba614287'),UUID_TO_BIN('4056d002-6967-4821-8104-0c3122d85f2b'),'Buchanskii','Бучанський'), (UUID_TO_BIN('5a005115-db9a-40ba-9240-b08f88daaa51'),UUID_TO_BIN('6986cfd9-de7e-4ae5-8a3b-5a525fd64c54'),'Verkhnodniprovskyi','Верхньодніпровський'), (UUID_TO_BIN('767e8997-36fe-4195-b145-624c429df33e'),UUID_TO_BIN('4056d002-6967-4821-8104-0c3122d85f2b'),'Pereiaslav-Khmelnytskyi','Переяслав-Хмельницький'), (UUID_TO_BIN('021d31ba-7382-4ac8-a822-4b94899cdaae'),UUID_TO_BIN('3c9e1962-2ee4-436b-851a-843e00c2a197'),'Manevytskyi','Маневицький'), (UUID_TO_BIN('798abf85-f88c-41c9-8083-22252f24cb94'),UUID_TO_BIN('75f83dab-3380-4d99-92ba-de3d64b67100'),'Novoselytskyi','Новоселицький'), (UUID_TO_BIN('d2ab6570-5124-400e-b28f-5a92a2b3c353'),UUID_TO_BIN('0101a5e9-b0ad-4046-b389-cccc3fd478bc'),'Chaplynskyi','Чаплинський'), (UUID_TO_BIN('35c586fa-2391-4bb3-afe4-90685a6ad3f4'),UUID_TO_BIN('3c9e1962-2ee4-436b-851a-843e00c2a197'),'Kamin-Kashyrskyi','Камінь-Каширський'), (UUID_TO_BIN('61c39003-06a7-4cf5-a3c4-7e34be2a48b4'),UUID_TO_BIN('6e519726-42c4-4bcf-bab5-33537464420c'),'Bilhorod-Dnistrovskyi','Білгород-Дністровський'), (UUID_TO_BIN('8a885387-b949-4680-94d3-59025de23de9'),UUID_TO_BIN('0c985663-1dab-4db0-9f91-a0f63ff6ce2b'),'Yarmolynetskyi','Ярмолинецький'), (UUID_TO_BIN('bc2456c3-3e34-43dc-82e3-f6ca435e5105'),UUID_TO_BIN('9a3460ca-4544-4c82-a3cc-4fcade294762'),'Zhashkivskyi','Жашківський'), (UUID_TO_BIN('ac67607b-2075-41b2-a96f-cb0d43bb9a36'),UUID_TO_BIN('90963eea-493c-457e-ae10-0af1b8352a50'),'Prymorskyi','Приморський'), (UUID_TO_BIN('cad498f3-7d04-4842-8680-39ef4e015412'),UUID_TO_BIN('6986cfd9-de7e-4ae5-8a3b-5a525fd64c54'),'Apostolivskyi','Апостолівський'), (UUID_TO_BIN('ddc07ec4-53cb-4971-be7f-6542046cbc7b'),UUID_TO_BIN('1f676250-3921-42df-8010-dc6d09fe2be4'),'Oleksandrivskyi','Олександрівський'), (UUID_TO_BIN('a6333b83-eff2-4277-b4f1-6740ed02a72d'),UUID_TO_BIN('85cb6296-67bf-4164-989e-ae1756b39ef7'),'Derhachivskyi','Дергачівський'), (UUID_TO_BIN('0ab23991-9984-426d-9304-b8d4e50ac6ab'),UUID_TO_BIN('90963eea-493c-457e-ae10-0af1b8352a50'),'Pryazovskyi','Приазовський'), (UUID_TO_BIN('e8ab4e38-c5ae-4c12-9ab6-71fb438c2fed'),UUID_TO_BIN('4056d002-6967-4821-8104-0c3122d85f2b'),'Tarashchanskyi','Таращанський'), (UUID_TO_BIN('144ecc18-4283-4555-8e27-cc48d31022a6'),UUID_TO_BIN('9551cc05-f9fe-4c84-a4ac-72d9d8634e01'),'Haisynskyi','Гайсинський'), (UUID_TO_BIN('ec614a0c-974f-4d48-b65b-cfcc219924f7'),UUID_TO_BIN('9a3460ca-4544-4c82-a3cc-4fcade294762'),'Kamianskyi','Кам\'янський'), (UUID_TO_BIN('b77eeb50-67db-4444-a30b-e80e52acb3be'),UUID_TO_BIN('9a3460ca-4544-4c82-a3cc-4fcade294762'),'Zvenyhorodskyi','Звенигородський'), (UUID_TO_BIN('2db15130-3de8-401b-afa0-bd408e3c2138'),UUID_TO_BIN('9551cc05-f9fe-4c84-a4ac-72d9d8634e01'),'Zhmerynskyi','Жмеринський'), (UUID_TO_BIN('238d00fd-3fde-4c6b-9934-92fe942c38d9'),UUID_TO_BIN('740692b8-ad6a-4eb2-8fa8-895c73c35d9f'),'Chudnivskyi','Чуднівський'), (UUID_TO_BIN('82dfcd7f-e6f9-430a-8921-932b073883b8'),UUID_TO_BIN('740692b8-ad6a-4eb2-8fa8-895c73c35d9f'),'Olevskyi','Олевський'), (UUID_TO_BIN('3b7f7f3a-da34-4085-92c6-964bc8d2a63c'),UUID_TO_BIN('9a3460ca-4544-4c82-a3cc-4fcade294762'),'Chornobaivskyi','Чорнобаївський'), (UUID_TO_BIN('35016bc9-951a-428d-ba20-3dd927b41e55'),UUID_TO_BIN('b809979d-c2b1-49ab-9342-635c399e2937'),'Bratskyi','Братський'), (UUID_TO_BIN('f1e61584-3a5f-4076-a773-dceb3ea05c15'),UUID_TO_BIN('6c2664fe-8808-48d1-b5b4-99a51e756181'),'Kolomyiskyi','Коломийський'), (UUID_TO_BIN('0a6d554b-2ae3-45e6-a930-2563ae1fe4fa'),UUID_TO_BIN('9a3460ca-4544-4c82-a3cc-4fcade294762'),'Drabivskyi','Драбівський'), (UUID_TO_BIN('2bf90cab-a0c5-4d48-8288-337acad5525b'),UUID_TO_BIN('c84902fb-f390-4266-9409-d9bd24f98320'),'Zborivskyi','Зборівський'), (UUID_TO_BIN('60f8563e-da38-4a28-9e5f-d9b21a837dcd'),UUID_TO_BIN('90963eea-493c-457e-ae10-0af1b8352a50'),'Berdianskyi','Бердянський'), (UUID_TO_BIN('ac170107-e912-4ab4-b0d2-b83c1e2ce4f9'),UUID_TO_BIN('c84902fb-f390-4266-9409-d9bd24f98320'),'Kozivskyi','Козівський'), (UUID_TO_BIN('3326fa24-0ae8-43f3-928e-ea9aa3eb802c'),UUID_TO_BIN('6e519726-42c4-4bcf-bab5-33537464420c'),'Zakharivskii','Захарівський'), (UUID_TO_BIN('8d42c9db-e522-4cee-973a-5f1915fa42b1'),UUID_TO_BIN('740692b8-ad6a-4eb2-8fa8-895c73c35d9f'),'Yemilchynskyi','Ємільчинський'), (UUID_TO_BIN('635e940e-56a6-41f9-88b0-666743201eb0'),UUID_TO_BIN('6e519726-42c4-4bcf-bab5-33537464420c'),'Reniiskyi','Ренійський'), (UUID_TO_BIN('11c5d1ca-97ae-4c04-b759-7703bc525e6f'),UUID_TO_BIN('d072b1af-958c-4497-ae7e-8c260c46f2c2'),'Perechynskyi','Перечинський'), (UUID_TO_BIN('5dcb93f2-32c5-44c9-b5f1-de8f6079d3fd'),UUID_TO_BIN('c84902fb-f390-4266-9409-d9bd24f98320'),'Zbarazkyi','Збаразький'), (UUID_TO_BIN('f32d4abb-f018-41ea-abdb-008b615293ea'),UUID_TO_BIN('0c985663-1dab-4db0-9f91-a0f63ff6ce2b'),'Volochyskyi','Волочиський'), (UUID_TO_BIN('1b139282-1828-4131-8e1a-02538159c3ed'),UUID_TO_BIN('9551cc05-f9fe-4c84-a4ac-72d9d8634e01'),'Tomashpilskyi','Томашпільський'), (UUID_TO_BIN('1f6fc798-64f6-4094-8a20-931577a2e1c3'),UUID_TO_BIN('d072b1af-958c-4497-ae7e-8c260c46f2c2'),'Uzhhorodskyi','Ужгородський'), (UUID_TO_BIN('0da6327f-3795-45d7-b7a3-0d58c6b6efd1'),UUID_TO_BIN('08811c88-aab0-44e9-aaff-303cf09c881f'),'Holovanivskyi','Голованівський'), (UUID_TO_BIN('1e8771bc-a83f-4956-9673-9006fc279009'),UUID_TO_BIN('85cb6296-67bf-4164-989e-ae1756b39ef7'),'Valkivskyi','Валківський'), (UUID_TO_BIN('9a025b32-5821-4984-9f69-f8cefabf01f6'),UUID_TO_BIN('f863f8c5-5117-4b62-81bd-a1101cbd2231'),'Rokytnivskyi','Рокитнівський'), (UUID_TO_BIN('2b731ce6-4aa2-461b-839b-f12ff9ae9771'),UUID_TO_BIN('0c985663-1dab-4db0-9f91-a0f63ff6ce2b'),'Starokostiantynivskyi','Старокостянтинівський'), (UUID_TO_BIN('388dfd39-bf75-474a-854e-812f069b77ea'),UUID_TO_BIN('08811c88-aab0-44e9-aaff-303cf09c881f'),'Ustynivskyi','Устинівський'), (UUID_TO_BIN('3a3a5575-dd7a-4a81-94e0-cbb87213fca7'),UUID_TO_BIN('90963eea-493c-457e-ae10-0af1b8352a50'),'Huliaipilskyi','Гуляйпільський'), (UUID_TO_BIN('dac1fae9-3dc5-40af-92b3-5359c1e729d3'),UUID_TO_BIN('740692b8-ad6a-4eb2-8fa8-895c73c35d9f'),'Khoroshivskii','Хорошівський'), (UUID_TO_BIN('70a42182-1338-42f7-be25-2e25eb249b56'),UUID_TO_BIN('7339525f-641a-40ce-8b5a-5fd1c04eadf9'),'Okhtyrskyi','Охтирський'), (UUID_TO_BIN('1497525d-9bb3-4a76-ba3d-995683f8cc5d'),UUID_TO_BIN('08811c88-aab0-44e9-aaff-303cf09c881f'),'Kropivnitskii','Кропивницький'), (UUID_TO_BIN('e66cdc89-5f4e-4a1f-9c80-f25bc0aae6e2'),UUID_TO_BIN('0101a5e9-b0ad-4046-b389-cccc3fd478bc'),'Velykolepetyskyi','Великолепетиський'), (UUID_TO_BIN('aa34cd32-7066-4830-a1bd-617220ff3494'),UUID_TO_BIN('5c5b2a34-1809-4576-9a8a-80ad08765521'),'Kremenchutskyi','Кременчуцький'), (UUID_TO_BIN('59f31319-84ec-4dc6-8c08-01a1d10e76fc'),UUID_TO_BIN('9551cc05-f9fe-4c84-a4ac-72d9d8634e01'),'Vinnytskyi','Вінницький'), (UUID_TO_BIN('e40fabe7-0eae-4f91-835e-00fd7f53e456'),UUID_TO_BIN('90963eea-493c-457e-ae10-0af1b8352a50'),'Yakymivskyi','Якимівський'), (UUID_TO_BIN('72a3ec83-e565-46a1-adf6-067707828d3c'),UUID_TO_BIN('90963eea-493c-457e-ae10-0af1b8352a50'),'Polohivskyi','Пологівський'), (UUID_TO_BIN('043b02fc-54db-40ff-9b80-1e2beee522f6'),UUID_TO_BIN('6c2664fe-8808-48d1-b5b4-99a51e756181'),'Tysmenytskyi','Тисменицький'), (UUID_TO_BIN('1bb0d3d7-5879-4a51-9dc8-eee23c3bbbab'),UUID_TO_BIN('6986cfd9-de7e-4ae5-8a3b-5a525fd64c54'),'Dniprovskii','Дніпровський'), (UUID_TO_BIN('c1e90feb-e2a2-46db-8658-a9d50fd0ef2e'),UUID_TO_BIN('8b6bde37-4494-4be1-8ca9-a2408ce27569'),'Drohobytskyi','Дрогобицький'), (UUID_TO_BIN('2dcca99a-38c8-417c-98a2-b001f610a301'),UUID_TO_BIN('85cb6296-67bf-4164-989e-ae1756b39ef7'),'Pervomaiskyi','Первомайський'), (UUID_TO_BIN('63692776-c0b2-4ad8-b389-ff5fcda352eb'),UUID_TO_BIN('1f676250-3921-42df-8010-dc6d09fe2be4'),'Nikolskii','Нікольський'), (UUID_TO_BIN('828e75d1-e0c0-429b-8f83-ef944fd70a7b'),UUID_TO_BIN('9a3460ca-4544-4c82-a3cc-4fcade294762'),'Mankivskyi','Маньківський'), (UUID_TO_BIN('86ea3175-9603-4889-9fea-908a5b57d8cd'),UUID_TO_BIN('b809979d-c2b1-49ab-9342-635c399e2937'),'Novobuzkyi','Новобузький'), (UUID_TO_BIN('18fd6dc6-fb90-4727-80f1-ff3ec2b81479'),UUID_TO_BIN('9a3460ca-4544-4c82-a3cc-4fcade294762'),'Shpolianskyi','Шполянський'), (UUID_TO_BIN('2531889d-2b0f-45be-872b-f67484be9097'),UUID_TO_BIN('380f4720-3e9c-4978-aa2f-a0baa7764c46'),'Nosivskyi','Носівський'), (UUID_TO_BIN('d36b8dae-fe8e-4d4f-a228-0337c4de0e09'),UUID_TO_BIN('f863f8c5-5117-4b62-81bd-a1101cbd2231'),'Sarnenskyi','Сарненський'), (UUID_TO_BIN('fab8d5b2-7feb-409d-8f21-4307f1862e30'),UUID_TO_BIN('5c5b2a34-1809-4576-9a8a-80ad08765521'),'Khorolskyi','Хорольський'), (UUID_TO_BIN('ea037635-e130-47ee-96c4-5fac997eba0e'),UUID_TO_BIN('4056d002-6967-4821-8104-0c3122d85f2b'),'Volodarskyi','Володарський'), (UUID_TO_BIN('6c6307ec-c341-4933-b528-618bbed2e7bf'),UUID_TO_BIN('6986cfd9-de7e-4ae5-8a3b-5a525fd64c54'),'Pokrovskyi','Покровський'), (UUID_TO_BIN('c4fb9676-a9e5-401c-be5f-fc9cdbe58368'),UUID_TO_BIN('4b50b91f-3905-44c2-9ddc-fbe44e85b7dc'),'',''), (UUID_TO_BIN('35078c3a-bc25-4bd9-a294-eb6b7eb2c21b'),UUID_TO_BIN('9a3460ca-4544-4c82-a3cc-4fcade294762'),'Korsun-Shevchenkivskyi','Корсунь-Шевченківський'), (UUID_TO_BIN('3e6d962f-c305-4a7a-a5e0-2d07773f4097'),UUID_TO_BIN('4056d002-6967-4821-8104-0c3122d85f2b'),'Skvyrskyi','Сквирський'), (UUID_TO_BIN('cc0a51b6-7530-4782-b4c5-dbb3450b0139'),UUID_TO_BIN('6986cfd9-de7e-4ae5-8a3b-5a525fd64c54'),'Pavlohradskyi','Павлоградський'), (UUID_TO_BIN('a0d6bd27-c986-48a9-8c1f-e49472b2c0ec'),UUID_TO_BIN('6e519726-42c4-4bcf-bab5-33537464420c'),'Oknianskii','Окнянський'), (UUID_TO_BIN('98bd8a44-879e-4537-a2e0-3167af68be6b'),UUID_TO_BIN('9551cc05-f9fe-4c84-a4ac-72d9d8634e01'),'Murovanokurylovetskyi','Мурованокуриловецький'), (UUID_TO_BIN('1730f7e0-ab77-40ef-9570-56d4578b0763'),UUID_TO_BIN('8b6bde37-4494-4be1-8ca9-a2408ce27569'),'Buskyi','Буський'), (UUID_TO_BIN('b82dc8fb-065d-462f-9df3-9d8fddff51fc'),UUID_TO_BIN('0c985663-1dab-4db0-9f91-a0f63ff6ce2b'),'Khmelnytskyi','Хмельницький'), (UUID_TO_BIN('84d97fd8-63aa-4d1c-8c1a-fa9aec267113'),UUID_TO_BIN('9a3460ca-4544-4c82-a3cc-4fcade294762'),'Horodyshchenskyi','Городищенський'), (UUID_TO_BIN('4013ee5a-15b4-4656-a69c-284a870726a8'),UUID_TO_BIN('8b6bde37-4494-4be1-8ca9-a2408ce27569'),'Mykolaivskyi','Миколаївський'), (UUID_TO_BIN('06c7d958-9fe6-435e-8b45-0c2d9b521852'),UUID_TO_BIN('380f4720-3e9c-4978-aa2f-a0baa7764c46'),'Prylutskyi','Прилуцький'), (UUID_TO_BIN('4cc1f421-45a1-4cff-9432-8288b8422fb4'),UUID_TO_BIN('1f676250-3921-42df-8010-dc6d09fe2be4'),'Limanskii','Лиманський'), (UUID_TO_BIN('e8f24d09-0b6f-462a-9551-3871f106c193'),UUID_TO_BIN('4056d002-6967-4821-8104-0c3122d85f2b'),'Stavyshchenskyi','Ставищенський'), (UUID_TO_BIN('ea22e60f-5297-4f1a-875c-5bb93005aac9'),UUID_TO_BIN('0c985663-1dab-4db0-9f91-a0f63ff6ce2b'),'Slavutskyi','Славутський'), (UUID_TO_BIN('7767132f-240e-4dd0-a26d-9efb67996985'),UUID_TO_BIN('740692b8-ad6a-4eb2-8fa8-895c73c35d9f'),'Ovrutskyi','Овруцький'), (UUID_TO_BIN('7c7c4e9a-3afe-4f51-b28d-9763e00a0cf4'),UUID_TO_BIN('1f676250-3921-42df-8010-dc6d09fe2be4'),'Volnovaskyi','Волноваський'), (UUID_TO_BIN('e0f3add5-91d9-46f8-8c5c-1e352b8d8511'),UUID_TO_BIN('6c2664fe-8808-48d1-b5b4-99a51e756181'),'Horodenkivskyi','Городенківський'), (UUID_TO_BIN('80a152f0-d7b6-4f93-ae64-c196f2298641'),UUID_TO_BIN('f863f8c5-5117-4b62-81bd-a1101cbd2231'),'Zdolbunivskyi','Здолбунівський'), (UUID_TO_BIN('3d44a3bb-ee48-4f91-8e2c-467f980279b3'),UUID_TO_BIN('0101a5e9-b0ad-4046-b389-cccc3fd478bc'),'Skadovskyi','Скадовський'), (UUID_TO_BIN('0149c135-854a-4f51-8048-b3360a8b18a1'),UUID_TO_BIN('8b6bde37-4494-4be1-8ca9-a2408ce27569'),'Zhydachivskyi','Жидачівський'), (UUID_TO_BIN('fcc5dad5-254c-48f8-96d0-db080461b08d'),UUID_TO_BIN('5c5b2a34-1809-4576-9a8a-80ad08765521'),'Zinkivskyi','Зіньківський'), (UUID_TO_BIN('1763bdc6-f63e-4ee9-a722-965818087c95'),UUID_TO_BIN('9551cc05-f9fe-4c84-a4ac-72d9d8634e01'),'Barskyi','Барський'), (UUID_TO_BIN('d8852fbf-5826-4902-af08-8061ab1109bb'),UUID_TO_BIN('f863f8c5-5117-4b62-81bd-a1101cbd2231'),'Koretskyi','Корецький'), (UUID_TO_BIN('ae4071d4-b6bd-4aad-b908-910ae921ff0e'),UUID_TO_BIN('8b6bde37-4494-4be1-8ca9-a2408ce27569'),'Turkivskyi','Турківський'), (UUID_TO_BIN('d3ba35c1-5eca-4164-acf8-23dd84c0472c'),UUID_TO_BIN('7339525f-641a-40ce-8b5a-5fd1c04eadf9'),'Bilopilskyi','Білопільський'), (UUID_TO_BIN('778de513-6f15-43e5-a28f-8dcee2a08428'),UUID_TO_BIN('0101a5e9-b0ad-4046-b389-cccc3fd478bc'),'Velykooleksandrivskyi','Великоолександрівський'), (UUID_TO_BIN('497d6be6-6457-43ad-be5e-1fb32760f6bc'),UUID_TO_BIN('380f4720-3e9c-4978-aa2f-a0baa7764c46'),'Menskyi','Менський'), (UUID_TO_BIN('c310ff37-bb77-40fd-8d74-85cb67fe0880'),UUID_TO_BIN('0c985663-1dab-4db0-9f91-a0f63ff6ce2b'),'Shepetivskyi','Шепетівський'), (UUID_TO_BIN('0da42d6d-82ab-4783-af93-bd88471d3483'),UUID_TO_BIN('a80fa392-71b5-433f-88dd-e9205f251bd2'),'Bilokurakynskyi','Білокуракинський'), (UUID_TO_BIN('1024b1c2-a3d0-4671-93d6-1a44922558f6'),UUID_TO_BIN('85cb6296-67bf-4164-989e-ae1756b39ef7'),'Novovodolazkyi','Нововодолазький'), (UUID_TO_BIN('5b3ab6cc-aabc-468d-bd6c-4af4630495cb'),UUID_TO_BIN('9a3460ca-4544-4c82-a3cc-4fcade294762'),'Monastyryshchenskyi','Монастирищенський');INSERT INTO city (id, district_id, name_en, name_ua) VALUES  (UUID_TO_BIN('5d62c718-6da1-4ae3-bf38-0f49a79d4454'),UUID_TO_BIN('088205be-0d32-4609-a03c-b5acca1fac62'),'Zabolotiv','Заболотів'), (UUID_TO_BIN('bc4f9253-54ac-4865-af9e-425915d5fcb0'),UUID_TO_BIN('102c9885-dec0-41e5-b1dd-e255bbeb602f'),'Honcharivske','Гончарівське'), (UUID_TO_BIN('f730d314-058e-4e9b-a1db-04f4c6a06a78'),UUID_TO_BIN('ca28a08f-15c1-45b5-802c-b147b946ddf1'),'Rohatyn','Рогатин'), (UUID_TO_BIN('66a72803-c841-41e5-aff1-119840081210'),UUID_TO_BIN('8a885387-b949-4680-94d3-59025de23de9'),'Skarzhyntsi','Скаржинці'), (UUID_TO_BIN('70cdab33-9710-4bf8-8fda-76208362574b'),UUID_TO_BIN('50dbdb3e-6dbb-4d19-92b8-c8b38f3751bd'),'Chernihivka','Чернігівка'), (UUID_TO_BIN('94216275-9a94-4066-a24b-745465c59311'),UUID_TO_BIN('b8f6297b-844b-4217-9476-831fb6454e96'),'Kalush','Калуш'), (UUID_TO_BIN('accef75d-c6c4-4294-a1c2-b6e7d3c31840'),UUID_TO_BIN('1763bdc6-f63e-4ee9-a722-965818087c95'),'Bar','Бар'), (UUID_TO_BIN('60f799f1-444c-4ee9-b69c-65cc97059bca'),UUID_TO_BIN('96cb9c5f-865d-4625-9df9-847729f1b391'),'Veselynove','Веселинове'), (UUID_TO_BIN('12f14ed3-447a-4b56-b16d-f0eca1084b6d'),UUID_TO_BIN('c4fb9676-a9e5-401c-be5f-fc9cdbe58368'),'Kamianske','Кам\'янське'), (UUID_TO_BIN('1a1639ca-f6d3-461e-b438-df82236ef2ec'),UUID_TO_BIN('c4fb9676-a9e5-401c-be5f-fc9cdbe58368'),'Novyi Rozdil','Новий Розділ'), (UUID_TO_BIN('853233dd-3e9f-4c86-a299-50181eebe67b'),UUID_TO_BIN('a4468eb7-0feb-4884-b594-9444354b4c8c'),'Balakliia','Балаклія'), (UUID_TO_BIN('1d0ad664-717f-4d1b-bfb8-4fefe0c79792'),UUID_TO_BIN('17128101-b8c9-4201-8d27-4898152f40a4'),'Bohuslav','Богуслав'), (UUID_TO_BIN('226c9f32-7a6f-4664-a1cc-d2b4972f7195'),UUID_TO_BIN('c3d8ecbb-b01a-4324-a555-ee8fbb00a768'),'Stara Vyzhivka','Стара Вижівка'), (UUID_TO_BIN('b577b028-f66a-4aab-97ab-eff831e8d0bb'),UUID_TO_BIN('c2324878-c4ed-4e00-b11a-6e54dca6dd6d'),'Kryve Ozero','Криве Озеро'), (UUID_TO_BIN('e127cc66-0e70-4b92-9efc-b009f079731b'),UUID_TO_BIN('7aec5e27-41e3-45be-853d-4ab67978c043'),'Skalat','Скалат'), (UUID_TO_BIN('c390caae-593e-48a7-8d15-2ee50146a835'),UUID_TO_BIN('cb101250-8108-4e1e-9d92-bec47a7ef246'),'Oliivka','Оліївка'), (UUID_TO_BIN('0a532c7c-4728-4e0f-8373-d30d486daadd'),UUID_TO_BIN('cad498f3-7d04-4842-8680-39ef4e015412'),'Zelenodolsk','Зеленодольськ'), (UUID_TO_BIN('10192e8f-9db7-4327-abfb-279d705cc412'),UUID_TO_BIN('1bb0d3d7-5879-4a51-9dc8-eee23c3bbbab'),'Liubymivka','Любимівка'), (UUID_TO_BIN('1936e4b9-403f-4caa-a043-2c3400d6fe79'),UUID_TO_BIN('5285201b-5d37-4e2b-a7da-120f69eada90'),'Volodymyr-Volynskyi','Володимир-Волинський'), (UUID_TO_BIN('26cc5d44-0d45-4257-9228-d6998933f3f6'),UUID_TO_BIN('c4fb9676-a9e5-401c-be5f-fc9cdbe58368'),'Chervonohrad','Червоноград'), (UUID_TO_BIN('c6e4a5e3-d142-4aa0-9e4c-1d1474b455e0'),UUID_TO_BIN('6512e5d8-1390-49f2-901f-b0a7bc05f736'),'Orlivshchyna','Орлівщина'), (UUID_TO_BIN('222bc577-dbea-40f5-8c06-c0383cdd084a'),UUID_TO_BIN('cb101250-8108-4e1e-9d92-bec47a7ef246'),'Ozerne','Озерне'), (UUID_TO_BIN('333f6c9f-3e30-46c1-8d90-aa469d0e1c86'),UUID_TO_BIN('6a947dfd-4849-4561-ab3e-f5581f247f56'),'Tlumach','Тлумач'), (UUID_TO_BIN('ace97c2c-6bc0-4d56-b14c-1fc806eba292'),UUID_TO_BIN('d877592f-6701-476f-8704-aba811c88289'),'Mizhhiria','Міжгір\'я'), (UUID_TO_BIN('7705cd4e-8a1d-436a-a12a-7db7ff862205'),UUID_TO_BIN('c4fb9676-a9e5-401c-be5f-fc9cdbe58368'),'Kryvyi Rih','Кривий Ріг'), (UUID_TO_BIN('a8b1005f-c1b6-4007-886b-9157d0bee202'),UUID_TO_BIN('828e75d1-e0c0-429b-8f83-ef944fd70a7b'),'Mankivka','Маньківка'), (UUID_TO_BIN('04581ff2-915e-4d93-a1be-a5437ba10b94'),UUID_TO_BIN('dd012cf7-a479-4579-8612-abb7d2262967'),'Myropil','Миропіль'), (UUID_TO_BIN('0a3bdf6a-209c-47e6-a146-1484cefdc885'),UUID_TO_BIN('c4fb9676-a9e5-401c-be5f-fc9cdbe58368'),'Odesa,road Fontanska,building 17/19','Одеса,дорога Фонтанська,building 17/19'), (UUID_TO_BIN('e66b4eb3-2194-40e4-9210-fe0c61c3737e'),UUID_TO_BIN('1b58062d-50a2-49ae-a917-eb84c31fd202'),'Vesele','Веселе'), (UUID_TO_BIN('4da9c554-149b-40d1-b036-017418319344'),UUID_TO_BIN('c4fb9676-a9e5-401c-be5f-fc9cdbe58368'),'Vinnytsia,passage Kyivskyi,building 27','Вінниця,проїзд Київський,building 27'), (UUID_TO_BIN('4c990d3e-4a04-49c2-8b0b-a6d1c7f8dc7a'),UUID_TO_BIN('d3ba35c1-5eca-4164-acf8-23dd84c0472c'),'Vorozhba','Ворожба'), (UUID_TO_BIN('a42d92d3-6016-4385-9c96-eb421e76cbe3'),UUID_TO_BIN('d9802706-544d-44d9-bb83-d4cb810264de'),'Starovoitove','Старовойтове'), (UUID_TO_BIN('0dbb8803-25e4-45c0-960d-5bfe2b649516'),UUID_TO_BIN('86c18899-b282-4fc4-849e-82231bef97c4'),'Lativka,road Baltska,building 148,Housing H','Латівка,дорога Балтська,building 148,Housing Г'), (UUID_TO_BIN('77639138-1c8c-4e98-b886-a688cb86ccee'),UUID_TO_BIN('c4fb9676-a9e5-401c-be5f-fc9cdbe58368'),'Odesa,road Liustdorfska,building 5','Одеса,дорога Люстдорфська,building 5'), (UUID_TO_BIN('71ef031e-0203-4d85-ad52-f22704a0ae9f'),UUID_TO_BIN('7da43e50-7595-458a-9675-424984ef38eb'),'Varva','Варва'), (UUID_TO_BIN('320f1ca6-82a2-4274-8a08-09e727ba86dd'),UUID_TO_BIN('bb3e593d-1a38-4fbf-bacd-bd28e26de4fa'),'Kipti','Кіпті'), (UUID_TO_BIN('64cbc4ff-3057-4c31-b4ea-ad7c5417759b'),UUID_TO_BIN('ea037635-e130-47ee-96c4-5fac997eba0e'),'Volodarka','Володарка'), (UUID_TO_BIN('4ae79ef5-b3b5-47e4-afec-4c8aa167a3f8'),UUID_TO_BIN('ba2b97e1-e5a5-4f44-bd0b-a8533b883b34'),'Baikivtsi','Байківці'), (UUID_TO_BIN('7612fe77-699b-4514-bbfe-0d4292a47e00'),UUID_TO_BIN('cc5e880c-13df-4fbc-aeb8-09ba31e07202'),'Krynychky','Кринички'), (UUID_TO_BIN('ef4661f1-9243-4e33-bbb0-5c271ca3d9aa'),UUID_TO_BIN('c4fb9676-a9e5-401c-be5f-fc9cdbe58368'),'Sloviansk','Слов\'янськ'), (UUID_TO_BIN('5a455105-748a-48fc-aede-28047b9fa3ea'),UUID_TO_BIN('c4fb9676-a9e5-401c-be5f-fc9cdbe58368'),'Novovolynsk','Нововолинськ'), (UUID_TO_BIN('7a62c6b3-bd88-4457-a2c0-2160a31129b2'),UUID_TO_BIN('c4fb9676-a9e5-401c-be5f-fc9cdbe58368'),'Hola Prystan','Гола Пристань'), (UUID_TO_BIN('05f391a0-5140-476d-b5a3-6cd859d88098'),UUID_TO_BIN('c4fb9676-a9e5-401c-be5f-fc9cdbe58368'),'Yuzhne','Южне'), (UUID_TO_BIN('89c4fc88-a587-49ea-bcf5-a2a886e7ef56'),UUID_TO_BIN('c4fb9676-a9e5-401c-be5f-fc9cdbe58368'),'Kremenchuk','Кременчук'), (UUID_TO_BIN('e4bc5422-ebcb-4a10-85f8-6c764b78fb93'),UUID_TO_BIN('5a005115-db9a-40ba-9240-b08f88daaa51'),'Novomykolaivka','Новомиколаївка'), (UUID_TO_BIN('e93c321b-00e0-457a-b104-0f16aecc285e'),UUID_TO_BIN('a4468eb7-0feb-4884-b594-9444354b4c8c'),'Andriivka','Андріївка'), (UUID_TO_BIN('763b5349-5256-4a96-9a88-e7e1d4c639ec'),UUID_TO_BIN('642a655a-5541-4118-ad53-e8057e69a0f1'),'Novopskov','Новопсков'), (UUID_TO_BIN('cda9f316-60b3-4612-a094-428c959241d6'),UUID_TO_BIN('0a6d554b-2ae3-45e6-a930-2563ae1fe4fa'),'Drabiv','Драбів'), (UUID_TO_BIN('e8fee2e2-f4fa-4f20-acd1-d249cb895b15'),UUID_TO_BIN('fcc5dad5-254c-48f8-96d0-db080461b08d'),'Zinkiv','Зіньків'), (UUID_TO_BIN('33f46fa4-2fcd-4183-ae0d-9a3b5077c8d0'),UUID_TO_BIN('6512e5d8-1390-49f2-901f-b0a7bc05f736'),'Melioratyvne','Меліоративне'), (UUID_TO_BIN('093c79a2-4060-49db-8ebe-1b9c7223fea8'),UUID_TO_BIN('8be1b40e-9ab7-4b3c-b4e9-3432488182e3'),'Vynohradove','Виноградове'), (UUID_TO_BIN('0826720e-b465-43c5-8982-cbfa45d553a3'),UUID_TO_BIN('e7f02a79-3068-47c9-8036-1fe48fc3763c'),'Darivka','Дар\'ївка'), (UUID_TO_BIN('e5dea15a-ebb1-435d-a13e-55dcc3b7accd'),UUID_TO_BIN('aabb8917-4f45-4760-a97b-a0aa498df781'),'Rozhniativ','Рожнятів'), (UUID_TO_BIN('8f07a016-6b28-4691-84dd-619bc5a3de89'),UUID_TO_BIN('2b731ce6-4aa2-461b-839b-f12ff9ae9771'),'Starokostiantyniv','Старокостянтинів'), (UUID_TO_BIN('7e5757d0-55ed-4acb-9aa1-aa983b464dbc'),UUID_TO_BIN('a40f479c-9777-41f2-8a2f-e4ac7a0c0ce5'),'Brody','Броди'), (UUID_TO_BIN('c997c992-7c89-403d-acd3-ebee021a02f3'),UUID_TO_BIN('c4fb9676-a9e5-401c-be5f-fc9cdbe58368'),'Kryvyi Rih,microareaEn Girnitskii,building 36A','Кривий Ріг'), (UUID_TO_BIN('608e6ef8-53ec-4645-835b-54fe0f5e7a66'),UUID_TO_BIN('e930ed17-ada6-4208-9198-3d1dc42e1c0d'),'Chyhyryn','Чигирин'), (UUID_TO_BIN('aefadac4-0b2e-4332-b406-58c6e69fdc1e'),UUID_TO_BIN('5bfa5082-ced1-4d12-a094-5ea010c36200'),'Novooleksiivka','Новоолексіївка'), (UUID_TO_BIN('7e66086a-c993-4587-a5a5-c1a8e4069cca'),UUID_TO_BIN('0da6327f-3795-45d7-b7a3-0d58c6b6efd1'),'Holovanivsk','Голованівськ'), (UUID_TO_BIN('80a3a6e2-f8e1-4c71-bb75-f8a51c533e94'),UUID_TO_BIN('2e1fbf69-ce63-4e20-9c54-e005710bc30e'),'Petrodolynske','Петродолинське'), (UUID_TO_BIN('3a9f7065-e170-4799-bb36-4696d142e1d5'),UUID_TO_BIN('72c55970-9059-4c3d-9f61-a20f9818e17a'),'Shchastia','Щастя'), (UUID_TO_BIN('0e8b272e-8e7f-4368-8d1f-4879e665d3fd'),UUID_TO_BIN('b2fd10e4-fd51-4b58-99f7-8b7dc286b062'),'Haivoron','Гайворон'), (UUID_TO_BIN('291cde72-f6d7-41ec-9444-d573ddbeb911'),UUID_TO_BIN('c4fb9676-a9e5-401c-be5f-fc9cdbe58368'),'Zaporizhzhia,prospect Sobornii,building 109B','Запоріжжя'), (UUID_TO_BIN('75a84a7d-b0fb-48ef-8614-3d0db1a67152'),UUID_TO_BIN('82dfcd7f-e6f9-430a-8921-932b073883b8'),'Novi Bilokorovychi','Нові Білокоровичі'), (UUID_TO_BIN('6fac8ca3-d62a-4c97-93a6-17ee6a48db74'),UUID_TO_BIN('38232ebc-3457-4af4-ac9d-8a5fb9044e4d'),'Vilniansk','Вільнянськ'), (UUID_TO_BIN('8655cfbe-e16b-4b2a-9085-297d4dd777f6'),UUID_TO_BIN('6a947dfd-4849-4561-ab3e-f5581f247f56'),'Obertyn','Обертин'), (UUID_TO_BIN('7f667752-df27-4cbc-af13-fdfd0ae208cd'),UUID_TO_BIN('84dd23bc-40bb-4d73-a7f9-cdf5254116f4'),'Lyptsi','Липці'), (UUID_TO_BIN('9b51126d-edba-49f8-8f93-237f86efcd60'),UUID_TO_BIN('e72db989-3921-4db5-93ac-b67b919b1bce'),'Irshava','Іршава'), (UUID_TO_BIN('1b0d80d5-6f82-46d1-b924-b43edfbce89e'),UUID_TO_BIN('5dcb93f2-32c5-44c9-b5f1-de8f6079d3fd'),'Vyshnivets','Вишнівець'), (UUID_TO_BIN('53cc6a16-395a-421c-a9c2-89bc997c8fb7'),UUID_TO_BIN('5b3ab6cc-aabc-468d-bd6c-4af4630495cb'),'Monastyryshche','Монастирище'), (UUID_TO_BIN('39e6dcdf-eb07-4cc1-a6ca-c20e70680aac'),UUID_TO_BIN('c4fb9676-a9e5-401c-be5f-fc9cdbe58368'),'Myrnohrad','Мирноград'), (UUID_TO_BIN('e94a3264-f914-4d8b-83cc-25ddcdfb64a8'),UUID_TO_BIN('84dd23bc-40bb-4d73-a7f9-cdf5254116f4'),'Pisochyn','Пісочин'), (UUID_TO_BIN('58e921d1-551b-4f91-b836-3ac4e804ca2e'),UUID_TO_BIN('454e5526-2d23-4808-a775-f4a3abeba0d3'),'Velyka Pysarivka','Велика Писарівка'), (UUID_TO_BIN('0a45e701-5f74-4d16-8614-e97d28413d69'),UUID_TO_BIN('021d31ba-7382-4ac8-a822-4b94899cdaae'),'Manevychi','Маневичі'), (UUID_TO_BIN('92b13b92-c760-437f-8b88-9125d4b897af'),UUID_TO_BIN('61e7175c-a767-451e-8998-5026a4446702'),'Mykhailivka','Михайлівка'), (UUID_TO_BIN('22f8dada-f7d6-4e1d-b212-4a55f200903b'),UUID_TO_BIN('86c18899-b282-4fc4-849e-82231bef97c4'),'Usatove,not specified 462 Km Plius 100 M Ash Kiyiv-odesa','Усатове,н/в 462 Км Плюс 100 М Аш Київ-одеса'), (UUID_TO_BIN('5aaf0eff-17fb-4a6d-a999-00ab06cffad1'),UUID_TO_BIN('a38a797c-ac12-4100-85d3-d23386e57d30'),'Korostyshiv','Коростишів'), (UUID_TO_BIN('1244a465-83fd-4038-97f8-3d34e7287779'),UUID_TO_BIN('c4fb9676-a9e5-401c-be5f-fc9cdbe58368'),'Zhovti Vody','Жовті Води'), (UUID_TO_BIN('b241d1cb-132d-444a-81ba-ec06aecf2418'),UUID_TO_BIN('666df99a-48ef-4481-936b-c51320d49c66'),'Vasylivka','Василівка'), (UUID_TO_BIN('1a060353-202b-41ef-942b-537f83c6841b'),UUID_TO_BIN('c4fb9676-a9e5-401c-be5f-fc9cdbe58368'),'Pershotravensk','Першотравенськ'), (UUID_TO_BIN('956f3a93-b11d-4635-b619-183924de2c43'),UUID_TO_BIN('82b67cde-64ce-4898-8a32-32675b06a595'),'Demydivka','Демидівка'), (UUID_TO_BIN('31feadb9-383a-4886-90f7-76f45cc2e4e4'),UUID_TO_BIN('642a655a-5541-4118-ad53-e8057e69a0f1'),'Bilolutsk','Білолуцьк'), (UUID_TO_BIN('ee289d80-42f6-4448-bcae-68307084150e'),UUID_TO_BIN('a62c61e0-993a-4126-9ef1-de0c8899793a'),'Rovantsi','Рованці'), (UUID_TO_BIN('ff07ffef-5016-44f8-b86a-cc66f0bd09e0'),UUID_TO_BIN('59f31319-84ec-4dc6-8c08-01a1d10e76fc'),'Ahronomichne','Агрономічне'), (UUID_TO_BIN('6dacd1ae-9b92-4042-9677-7910c8bf14d1'),UUID_TO_BIN('422e4ed8-7ec3-4a90-b898-6ac91c2553c7'),'Velyka Bahachka','Велика Багачка'), (UUID_TO_BIN('6dc9e26b-0c68-461d-a935-69b34e111037'),UUID_TO_BIN('7767132f-240e-4dd0-a26d-9efb67996985'),'Ovruch','Овруч'), (UUID_TO_BIN('30766d5b-5cc3-4a34-8a4f-913aa590e5fc'),UUID_TO_BIN('375da1a2-91e9-4697-8562-43f76b4e50cf'),'Solotvyno','Солотвино'), (UUID_TO_BIN('4f3fccc6-6c9f-4240-a9e2-3c02f1e4dac1'),UUID_TO_BIN('59f31319-84ec-4dc6-8c08-01a1d10e76fc'),'Stepanivka','Степанівка'), (UUID_TO_BIN('1e6696ec-7481-4cef-b413-b6ff234b95cb'),UUID_TO_BIN('5f5745a2-c00f-4772-a9f2-8f4c9328927e'),'Synelnykove','Синельникове'), (UUID_TO_BIN('055ba7f3-379d-4916-9a73-2dad69866578'),UUID_TO_BIN('2f521fd7-90c1-4014-8aec-8c85e62eb0f1'),'Luzhany','Лужани'), (UUID_TO_BIN('339e765d-3bb1-4f72-834b-dafb8cef879a'),UUID_TO_BIN('ccdfe8e1-c6b8-4de1-a2dd-d1abffe1fca3'),'Zymna Voda','Зимна Вода'), (UUID_TO_BIN('b9e7df09-bd68-4e2d-b68a-2ea961052b29'),UUID_TO_BIN('86c18899-b282-4fc4-849e-82231bef97c4'),'Velykyi Dalnyk','Великий Дальник'), (UUID_TO_BIN('ccda2fd6-518f-4e06-931b-b805af4132ef'),UUID_TO_BIN('2787a918-41fb-4380-a446-75716dc2ee22'),'Rodinske','Родинське'), (UUID_TO_BIN('917c8260-00a1-4f61-8ae5-7734a078c411'),UUID_TO_BIN('c4fb9676-a9e5-401c-be5f-fc9cdbe58368'),'Kharkiv,embankment Chervonoshkilna,building 26','Харків,набережна Червоношкільна,building 26'), (UUID_TO_BIN('d2f56b3e-c2df-487d-938d-608d6498552e'),UUID_TO_BIN('28b89142-93bb-4fb8-9a10-bfa64bf3df72'),'Dykanka','Диканька'), (UUID_TO_BIN('e2748bbc-738a-4c64-84d9-62501b7eb641'),UUID_TO_BIN('3d6eae08-d5ad-47c9-9f3a-085b93398eb1'),'Liubeshiv','Любешів'), (UUID_TO_BIN('802a4beb-ddcd-4a61-a0d7-3f8ce5f341b5'),UUID_TO_BIN('db969234-f4b7-4a05-8d63-d79d43c53ac9'),'Shatsk','Шацьк'), (UUID_TO_BIN('5a90c41b-f47a-4f84-b060-b97d14601b20'),UUID_TO_BIN('06c7d958-9fe6-435e-8b45-0c2d9b521852'),'Pryluky','Прилуки'), (UUID_TO_BIN('ef3ac952-d7f0-48f0-bc1e-1da3ad3eb70c'),UUID_TO_BIN('c4fb9676-a9e5-401c-be5f-fc9cdbe58368'),'Bucha','Буча'), (UUID_TO_BIN('e4227554-ee6a-42df-b6ab-ec85c06f0544'),UUID_TO_BIN('782c5142-0f39-4d6c-9761-820284c26c66'),'Nedryhailiv','Недригайлів'), (UUID_TO_BIN('c66ff6ef-b669-4aeb-876a-4656bf89c7b4'),UUID_TO_BIN('c310ff37-bb77-40fd-8d74-85cb67fe0880'),'Shepetivka','Шепетівка'), (UUID_TO_BIN('c52f9dea-9dd3-4ed4-a3b2-ee86b679797f'),UUID_TO_BIN('b97357fe-4e2f-4630-a3c5-a67ddeda0ee0'),'Druzhba','Дружба'), (UUID_TO_BIN('1feca505-0de8-4e1a-a5a5-c8272e08c969'),UUID_TO_BIN('aabb8917-4f45-4760-a97b-a0aa498df781'),'Broshniv','Брошнів'), (UUID_TO_BIN('845ac7a8-d975-434a-a0af-58bb4dd1954b'),UUID_TO_BIN('86c18899-b282-4fc4-849e-82231bef97c4'),'Dachne','Дачне'), (UUID_TO_BIN('d6227725-c0bb-4ad7-8739-94c7e3469b32'),UUID_TO_BIN('82dfcd7f-e6f9-430a-8921-932b073883b8'),'Bilokorovychi','Білокоровичі'), (UUID_TO_BIN('97fa606f-7733-4925-9c88-b008b52f6b5c'),UUID_TO_BIN('2e1fbf69-ce63-4e20-9c54-e005710bc30e'),'Limanka,array Veselkovyi','Лиманка,масив Веселковий'), (UUID_TO_BIN('055d3c7e-d772-4cdf-b305-35dba6f62f36'),UUID_TO_BIN('379bec2d-2453-4ec0-9267-d998c35ec810'),'Ostroh','Острог'), (UUID_TO_BIN('e50e8b53-ae95-47ed-9f32-ca7af0edd162'),UUID_TO_BIN('b32823ab-c2ae-44c2-92eb-30768329ce34'),'Mistechko','Городок'), (UUID_TO_BIN('1d5c951a-061e-4bd9-8bad-a3730550c21f'),UUID_TO_BIN('7e8a15c7-96c3-41ea-8f49-29d1c8204c6b'),'Sobkivka','Собківка'), (UUID_TO_BIN('88bcd043-4f77-4113-891b-6d0c08e3d830'),UUID_TO_BIN('ac170107-e912-4ab4-b0d2-b83c1e2ce4f9'),'Kozova','Козова'), (UUID_TO_BIN('631b2578-03e3-4a7d-af38-82c8c13863a3'),UUID_TO_BIN('11c5d1ca-97ae-4c04-b759-7703bc525e6f'),'Perechyn','Перечин'), (UUID_TO_BIN('00b48bea-db07-4080-879e-88d091e26c21'),UUID_TO_BIN('80a152f0-d7b6-4f93-ae64-c196f2298641'),'Zdolbuniv','Здолбунів'), (UUID_TO_BIN('8231021f-ebd3-45cd-852c-a182adabee7c'),UUID_TO_BIN('2bf90cab-a0c5-4d48-8288-337acad5525b'),'Zboriv','Зборів'), (UUID_TO_BIN('70ba274f-49fa-44df-9337-484bb16396e9'),UUID_TO_BIN('812b5a15-d9d2-4946-a5bb-ea585834c69a'),'Kryzhanivka','Крижанівка'), (UUID_TO_BIN('d2781735-b344-4e8a-b76d-f0b7d64f9380'),UUID_TO_BIN('88db2f5b-b412-4e37-8534-88748d4c0be6'),'Orativ','Оратів'), (UUID_TO_BIN('953f4870-6fd2-46f1-bc45-aff218e0d299'),UUID_TO_BIN('33019bd5-6596-4684-b2ce-62d89290428d'),'Vasylkiv','Васильків'), (UUID_TO_BIN('1a3377c9-062f-4105-9b58-4f554686fb0a'),UUID_TO_BIN('76e00d11-f896-4b3a-bd21-1dd3d117ae5d'),'Nova Odesa','Нова Одеса'), (UUID_TO_BIN('88e7f979-1523-4197-98e2-8121bb7ed4e0'),UUID_TO_BIN('227a54e8-3f3a-40dd-ab27-b70a48bc2e9f'),'Krasnokutsk','Краснокутськ'), (UUID_TO_BIN('3c4aa08e-61e7-4009-987f-ed80dd141834'),UUID_TO_BIN('cad498f3-7d04-4842-8680-39ef4e015412'),'Apostolove','Апостолове'), (UUID_TO_BIN('64c243db-2ea4-4bf9-b017-b1e745639e25'),UUID_TO_BIN('8b364e7c-c027-4971-9ec3-e1d55d02d201'),'Bilytske','Білицьке'), (UUID_TO_BIN('62c1d9b6-d314-46ba-b485-17ee31e011eb'),UUID_TO_BIN('812b5a15-d9d2-4946-a5bb-ea585834c69a'),'Kurisove','Курісове'), (UUID_TO_BIN('be1ca1fb-b26f-4069-952d-2a0273faa13b'),UUID_TO_BIN('7767132f-240e-4dd0-a26d-9efb67996985'),'Pershotravneve','Першотравневе'), (UUID_TO_BIN('fd68b026-00f3-4eb4-8c53-2bfac2f46fd1'),UUID_TO_BIN('1730f7e0-ab77-40ef-9570-56d4578b0763'),'Busk','Буськ'), (UUID_TO_BIN('243539d0-86b7-44d0-b7c7-35173d7b762e'),UUID_TO_BIN('1b139282-1828-4131-8e1a-02538159c3ed'),'Tomashpil','Томашпіль'), (UUID_TO_BIN('1758e687-a76c-4de5-99e4-4dd67afdbedf'),UUID_TO_BIN('c4fb9676-a9e5-401c-be5f-fc9cdbe58368'),'Kharkiv,maidan Konstytutsii,building 21/2','Харків,майдан Конституції,building 21/2'), (UUID_TO_BIN('09757e30-cb7c-4b9a-823d-7bd2f465192b'),UUID_TO_BIN('c23002f3-02cf-44dd-b724-8770c460d55e'),'Starobilsk','Старобільськ'), (UUID_TO_BIN('b6a93485-3914-4eee-a15a-5e5f088d22b3'),UUID_TO_BIN('4f3acdaa-4e07-46c0-937b-834ce86bbff3'),'Sokal','Сокаль'), (UUID_TO_BIN('74cc5500-218c-4781-9379-0861c44f7063'),UUID_TO_BIN('0184cc02-332b-4402-9d96-8235030387c2'),'Berehomet','Берегомет'), (UUID_TO_BIN('72c612fe-5eed-4b21-a505-fb4992213b51'),UUID_TO_BIN('a6333b83-eff2-4277-b4f1-6740ed02a72d'),'Derhachi','Дергачі'), (UUID_TO_BIN('6c340b17-8b3b-4213-9fc0-1d7acd8aa66f'),UUID_TO_BIN('a3ac7be8-1736-4cba-8f6f-038fed287b85'),'Yelanets','Єланець'), (UUID_TO_BIN('bd9cac2c-16c2-4012-abdd-629de2ab6792'),UUID_TO_BIN('c4fb9676-a9e5-401c-be5f-fc9cdbe58368'),'Odesa,road Liustdorfska,building 140V/2','Одеса,дорога Люстдорфська,building 140В/2'), (UUID_TO_BIN('59e4c352-9a57-4845-aac4-2228dc046d51'),UUID_TO_BIN('7c7c4e9a-3afe-4f51-b28d-9763e00a0cf4'),'Volodymyrivka','Володимирівка'), (UUID_TO_BIN('60e8d687-a201-4ac2-8e89-35d9cce1db8e'),UUID_TO_BIN('e8934b71-9b6e-4336-9eb8-03b166ca1f49'),'Ruzhyn','Ружин'), (UUID_TO_BIN('f4194df4-7382-40f7-a451-e79269641a80'),UUID_TO_BIN('36991732-e888-4176-b54d-0ecc7091a946'),'Troitske,quarter Molodizhnyi,building 28a','Троїцьке,квартал Молодіжний,building 28а'), (UUID_TO_BIN('3471be37-0458-4226-946d-0d4ef246077d'),UUID_TO_BIN('c4fb9676-a9e5-401c-be5f-fc9cdbe58368'),'Odesa,road Mykolaivska,building 231,Housing B','Одеса,дорога Миколаївська,building 231,Housing Б'), (UUID_TO_BIN('351e6230-d63f-4399-8eb6-cfe15df4fed0'),UUID_TO_BIN('c4fb9676-a9e5-401c-be5f-fc9cdbe58368'),'Ternopil','Тернопіль'), (UUID_TO_BIN('842a3621-661f-4ec7-9d98-2b1d4daedce6'),UUID_TO_BIN('375da1a2-91e9-4697-8562-43f76b4e50cf'),'Neresnytsia','Нересниця'), (UUID_TO_BIN('3542e923-8560-42d2-bf96-dec91940dd71'),UUID_TO_BIN('408ae8f8-62f8-4766-89cd-672b8bd209f2'),'Bilovodsk','Біловодськ'), (UUID_TO_BIN('4b746ca0-1c34-4ca7-95cd-876c05cc3c30'),UUID_TO_BIN('767e8997-36fe-4195-b145-624c429df33e'),'Pereiaslav','Переяслав'), (UUID_TO_BIN('81a8705e-e6f8-47dd-ba01-336680a86c59'),UUID_TO_BIN('c98869b2-3838-45f0-9664-dc2389b3e403'),'Novoarkhanhelsk','Новоархангельськ'), (UUID_TO_BIN('33040454-e620-400e-b9e9-8da256560ac8'),UUID_TO_BIN('91e87827-2431-401f-a0d6-ea3fc8fee272'),'Peremyshliany','Перемишляни'), (UUID_TO_BIN('7cef9bce-bad5-4ec4-92e7-595c4a40cbf5'),UUID_TO_BIN('100706ae-b608-474f-b24f-ee01b107a2d0'),'Hryshkivtsi','Гришківці'), (UUID_TO_BIN('b4179920-e01d-4079-aa59-5e4bc33f0e53'),UUID_TO_BIN('1bb0d3d7-5879-4a51-9dc8-eee23c3bbbab'),'Stari Kodaky','Старі Кодаки'), (UUID_TO_BIN('3d616e6d-c98f-48a5-9378-e864a0f85ccc'),UUID_TO_BIN('049a71a7-df7c-4bd5-98b4-ded2cec81121'),'Tulchyn','Тульчин'), (UUID_TO_BIN('7d18d9c5-1490-4412-bf0b-7b45a9ca22c6'),UUID_TO_BIN('ccdfe8e1-c6b8-4de1-a2dd-d1abffe1fca3'),'Pasiky-Zubrytski','Пасіки-Зубрицькі'), (UUID_TO_BIN('07ece0d4-b10e-4bd2-b1fc-6933f667df0f'),UUID_TO_BIN('248603ea-9aef-44ba-be81-4363758fdd9f'),'Novyi Kalyniv','Новий Калинів'), (UUID_TO_BIN('7a54a2d8-7a1b-4d1c-8186-78b2013be0ee'),UUID_TO_BIN('9a545a4f-2950-43fd-902a-a51c383b9c6e'),'Vyshkovo','Вишково'), (UUID_TO_BIN('a0ee0d3d-e95f-44ca-b9cb-66614f05a2f8'),UUID_TO_BIN('a31e04a6-4294-4b57-8795-1f6336bca1f7'),'Andrushivka','Андрушівка'), (UUID_TO_BIN('60b598d1-2133-463a-a88a-286829b7bfd6'),UUID_TO_BIN('e8f24d09-0b6f-462a-9551-3871f106c193'),'Stavyshche','Ставище'), (UUID_TO_BIN('b699fe37-aacf-4c66-ad6e-ed5a3ef9552c'),UUID_TO_BIN('efab1e8c-6c4b-4851-b613-b42dddf2635b'),'Karlivka','Карлівка'), (UUID_TO_BIN('fa084290-aee2-4c08-94dc-117448ddcf5c'),UUID_TO_BIN('c4fb9676-a9e5-401c-be5f-fc9cdbe58368'),'Chernihiv,prospect Myru,building 33PODZEMNЫIPEREKHOD','Чернігів'), (UUID_TO_BIN('a0de8325-5c94-42de-aea9-1557f88b5650'),UUID_TO_BIN('dfacdaf1-1c0f-41be-b176-e20f0845014b'),'Izmail','Ізмаїл'), (UUID_TO_BIN('9c8d0bf5-a8e5-4b2c-9da4-53c3ff782365'),UUID_TO_BIN('d2ab6570-5124-400e-b28f-5a92a2b3c353'),'Chaplynka','Чаплинка'), (UUID_TO_BIN('e87d1a23-1aca-40fd-88b1-b7926c4fe591'),UUID_TO_BIN('d649ab37-5ca0-41d3-a7ec-e77213f94c8f'),'Kehychivka','Кегичівка'), (UUID_TO_BIN('27aed5e1-9812-4665-bb82-55f8f0129cbc'),UUID_TO_BIN('97672c8c-7f56-41c6-8781-54c6fdf62b1b'),'Krolevets','Кролевець'), (UUID_TO_BIN('dec11dee-4cda-4832-bf9f-4dfee7b634ec'),UUID_TO_BIN('c4fb9676-a9e5-401c-be5f-fc9cdbe58368'),'Odesa,road Liustdorfska,building 55/6','Одеса,дорога Люстдорфська,building 55/6'), (UUID_TO_BIN('7ae4dd39-61ae-411d-91ee-1993017c0c9d'),UUID_TO_BIN('0020f095-69db-4a22-a6fb-443e3e771e9a'),'Krasnopavlivka','Краснопавлівка'), (UUID_TO_BIN('1fde2111-7760-48a5-a7d5-28d6c64b198d'),UUID_TO_BIN('5285201b-5d37-4e2b-a7da-120f69eada90'),'Ustyluh','Устилуг'), (UUID_TO_BIN('123ffa83-1bb5-4102-87ab-467313ab7b48'),UUID_TO_BIN('9a545a4f-2950-43fd-902a-a51c383b9c6e'),'Khust','Хуст'), (UUID_TO_BIN('4b9a3b43-7667-409c-9b5e-3129d8e4c659'),UUID_TO_BIN('1989a932-7879-4048-ae4d-15e0f4d0199e'),'Horodnytsia','Городниця'), (UUID_TO_BIN('23c496d9-a7b1-4eb2-823d-23479b7649ca'),UUID_TO_BIN('c4fb9676-a9e5-401c-be5f-fc9cdbe58368'),'Kaniv','Канів'), (UUID_TO_BIN('4f651abe-1b51-4698-a885-cbb8ee9e4420'),UUID_TO_BIN('84dd23bc-40bb-4d73-a7f9-cdf5254116f4'),'Pisochyn,entrance Naberezhnyi,building 7','Пісочин,в\'їзд Набережний,building 7'), (UUID_TO_BIN('23c82727-c22e-4489-881f-84631a0a726c'),UUID_TO_BIN('e444eab1-61ff-4491-a19a-e5c0578b1ab1'),'Mohyliv-Podilskyi','Могилів-Подільський'), (UUID_TO_BIN('e34dbb1d-cd9e-4752-af6e-e6b8093e3f02'),UUID_TO_BIN('cc5e880c-13df-4fbc-aeb8-09ba31e07202'),'Bozhedarivka','Божедарівка'), (UUID_TO_BIN('a1a8c148-84bd-4e06-85b9-f01e311311a7'),UUID_TO_BIN('0c4a6c6c-c13a-4b64-80c0-0c5020105fe1'),'Kiliia','Кілія'), (UUID_TO_BIN('128f1d56-f9fe-4699-a74e-99cff343b37a'),UUID_TO_BIN('1b139282-1828-4131-8e1a-02538159c3ed'),'Vapniarka','Вапнярка'), (UUID_TO_BIN('901dbb0f-8f5b-4216-9952-93d8b5ff4a31'),UUID_TO_BIN('8c8f53e7-7403-4f97-a05c-4dabb4475c63'),'Seredyna-Buda','Середина-Буда'), (UUID_TO_BIN('ba2dded5-7582-4613-8151-8038bb2e918a'),UUID_TO_BIN('c4fb9676-a9e5-401c-be5f-fc9cdbe58368'),'Zolotonosha','Золотоноша'), (UUID_TO_BIN('b17c2d45-5e43-46c4-bab9-74c3465c8b44'),UUID_TO_BIN('7f6d7b37-e1a7-4e7a-b551-045cd816effd'),'Barvinkove','Барвінкове'), (UUID_TO_BIN('62042ec4-ebf5-4e99-8368-effcb32129f6'),UUID_TO_BIN('78d0af7f-5bf4-4560-ad54-f02986330404'),'Myronivka','Миронівка'), (UUID_TO_BIN('a8d83142-56b3-4c32-b9c9-a7a2e8bd5fb5'),UUID_TO_BIN('f1a49665-7c9e-46ac-8472-67d95370e279'),'Yalta','Ялта'), (UUID_TO_BIN('82ed38f3-7f4f-44f3-94f1-6455e3243726'),UUID_TO_BIN('5a005115-db9a-40ba-9240-b08f88daaa51'),'Verkhnodniprovsk','Верхньодніпровськ'), (UUID_TO_BIN('0c11ef45-d2b7-4ee3-9473-f382b4869708'),UUID_TO_BIN('812b5a15-d9d2-4946-a5bb-ea585834c69a'),'Dobroslav','Доброслав'), (UUID_TO_BIN('b1a5e8c9-3c76-4f91-9aa8-530f25e937c3'),UUID_TO_BIN('c4fb9676-a9e5-401c-be5f-fc9cdbe58368'),'Dobropillia','Добропілля'), (UUID_TO_BIN('4991fa7d-1352-4b0f-9351-70ca170da247'),UUID_TO_BIN('379fb3bf-73d2-42e2-9e62-40d103ba77d6'),'Chasiv Yar','Часів Яр'), (UUID_TO_BIN('ce4af348-e133-4b37-a724-a24a629895b6'),UUID_TO_BIN('4178f57c-9894-4264-9ae4-4715d2909ec1'),'Makariv','Макарів'), (UUID_TO_BIN('d3cb5d03-ec49-4a8d-a538-451818a234f6'),UUID_TO_BIN('c4fb9676-a9e5-401c-be5f-fc9cdbe58368'),'Odesa,not specified 6-i km Ovidiopolskoi,building 10,Housing 2','Одеса,н/в 6-й км Овідіопольської дороги,building 10,Housing 2'), (UUID_TO_BIN('cbd16749-46c6-4d7b-8332-bd8f7422b49a'),UUID_TO_BIN('b5796bdd-c746-4cda-ae7c-2ac1aa30f745'),'Kodyma','Кодима'), (UUID_TO_BIN('d60b2a01-e7e1-4787-9082-493de844e7d2'),UUID_TO_BIN('5b63a527-59a8-4bfa-9e42-43a42563eecc'),'Nemyriv','Немирів'), (UUID_TO_BIN('c0e937f1-eed8-497b-b5ad-6d7b0ce3788e'),UUID_TO_BIN('c4fb9676-a9e5-401c-be5f-fc9cdbe58368'),'Boryslav','Борислав'), (UUID_TO_BIN('9c5b56c5-a4ba-476c-92ed-bea4bad63e60'),UUID_TO_BIN('6b9d8cbb-15e8-496d-8e50-6e102154cf4a'),'Tomakivka','Томаківка'), (UUID_TO_BIN('93adb41a-4372-4815-ba3c-8fca95d3653c'),UUID_TO_BIN('c4fb9676-a9e5-401c-be5f-fc9cdbe58368'),'Liubotyn','Люботин'), (UUID_TO_BIN('8e8b41e4-1f18-4ab7-b99a-5954553e9496'),UUID_TO_BIN('c4fb9676-a9e5-401c-be5f-fc9cdbe58368'),'Chop','Чоп'), (UUID_TO_BIN('a2a29759-e387-4c62-9c2a-b8c541f6faca'),UUID_TO_BIN('35016bc9-951a-428d-ba20-3dd927b41e55'),'Bratske','Братське'), (UUID_TO_BIN('86650c68-d248-48c9-91fe-f5e7876db4fe'),UUID_TO_BIN('724ab4f1-0a9e-4af6-8363-f2cac3ee23c2'),'Mlyniv','Млинів'), (UUID_TO_BIN('c20d4472-1e75-4539-b69c-c54ef05c351b'),UUID_TO_BIN('c796ee61-7884-49f6-8631-b65753e988cb'),'Selyshche','cityUa'), (UUID_TO_BIN('8ca0338c-c384-4333-a94a-7dcd5da8e177'),UUID_TO_BIN('5bfa5082-ced1-4d12-a094-5ea010c36200'),'Henicheska Hirka','Генічеська Гірка'), (UUID_TO_BIN('8ddff126-a318-4b42-94a4-fbdcd2e6552b'),UUID_TO_BIN('a8f57e4f-1fd8-4249-be04-6d5e6a59074c'),'Novi Petrivtsi','Нові Петрівці'), (UUID_TO_BIN('457c1339-b927-4f8e-9feb-aa92a033c42d'),UUID_TO_BIN('1e8771bc-a83f-4956-9673-9006fc279009'),'Valky','Валки'), (UUID_TO_BIN('e1e8d361-9e49-4bf5-b2df-b1ceb24c9223'),UUID_TO_BIN('ae4071d4-b6bd-4aad-b908-910ae921ff0e'),'Turka','Турка'), (UUID_TO_BIN('4a6ab544-52cc-4a25-af77-9b67733b8a02'),UUID_TO_BIN('eb1376dd-339c-44f9-b774-f4811f81ba2d'),'Ivanychi','Іваничі'), (UUID_TO_BIN('6c255eb3-e338-419a-a003-89b9caf48008'),UUID_TO_BIN('f1c74cf0-fcd6-441c-bd73-94e03db93958'),'Zavodske','Заводське'), (UUID_TO_BIN('52a6f808-ff52-4202-b6a0-3405458fee36'),UUID_TO_BIN('7bf49d48-c1c1-4a79-afe7-345362573100'),'Husiatyn','Гусятин'), (UUID_TO_BIN('b1ebf30f-d383-4d32-80ab-ab1acb4b0617'),UUID_TO_BIN('cdc9a5b2-9aea-4611-86f5-7827557ff4d9'),'Zalishchyky','Заліщики'), (UUID_TO_BIN('6d277778-7f21-4662-9953-637a04a5ab65'),UUID_TO_BIN('ef3520e8-4eab-4919-a518-906e87ce99bb'),'Lysianka','Лисянка'), (UUID_TO_BIN('15882407-729f-4ca8-9eef-9439834141bb'),UUID_TO_BIN('c0f58525-7bd3-4fb4-8fa0-831689f8e79e'),'Turiisk','Турійськ'), (UUID_TO_BIN('659e1a89-bcc9-4634-b22a-a077b06532be'),UUID_TO_BIN('0c25e444-7e62-43e8-8e93-04e566cd725c'),'Arbuzynka','Арбузинка'), (UUID_TO_BIN('caacc63d-5733-4433-a2a1-594ff18ae466'),UUID_TO_BIN('c4fb9676-a9e5-401c-be5f-fc9cdbe58368'),'Kremenchuk,quarter 278,building 18','Кременчук,квартал 278,building 18'), (UUID_TO_BIN('14c20ace-e05d-4599-874b-9110c88022b8'),UUID_TO_BIN('a501853b-972c-4183-a9d1-37779daedf7a'),'Talalaivka','Талалаївка'), (UUID_TO_BIN('bf064395-9c84-463d-bfa8-23287deb71f6'),UUID_TO_BIN('62c33774-becf-4a0b-93be-ecf0c74f14d4'),'Bolhrad','Болград'), (UUID_TO_BIN('f6c4e7de-6191-4de2-89bb-c3f7f0f5eff7'),UUID_TO_BIN('4013ee5a-15b4-4656-a69c-284a870726a8'),'Mykolaiv','Миколаїв'), (UUID_TO_BIN('0df24b79-6660-425b-b0a7-2d0927b5a5ca'),UUID_TO_BIN('bb3e593d-1a38-4fbf-bacd-bd28e26de4fa'),'Oster','Остер'), (UUID_TO_BIN('27d386d0-f315-4bf6-8e8a-800c068b3a01'),UUID_TO_BIN('8c73828c-f2a8-4d3a-b26c-077caae6f6c6'),'Kulykivka','Куликівка'), (UUID_TO_BIN('17f0b74e-2c81-4ec7-be35-8da2f010c947'),UUID_TO_BIN('778de513-6f15-43e5-a28f-8dcee2a08428'),'Velyka Oleksandrivka','Велика Олександрівка'), (UUID_TO_BIN('fd998386-1647-4d85-8001-a329a998d3dc'),UUID_TO_BIN('c4fb9676-a9e5-401c-be5f-fc9cdbe58368'),'Odesa,road Ovidiopilska,building 1','Одеса,дорога Овідіопільська,building  1'), (UUID_TO_BIN('981b50bc-ca4f-47ff-932f-ac3ed70146e7'),UUID_TO_BIN('ec18c217-fa26-49d6-a2f8-7ba41355af3e'),'Pechenihy','Печеніги'), (UUID_TO_BIN('964a7504-c753-4f1e-b672-a4d7df55a00e'),UUID_TO_BIN('6720015f-e4cd-4aab-b6a0-bffb791b586a'),'Zachepylivka','Зачепилівка'), (UUID_TO_BIN('ef0ea126-2dc3-4fdc-b89d-3e5cf40e50d9'),UUID_TO_BIN('d7261a87-9dea-4068-a69f-ce388d2f9b0f'),'Kabychivka','Кабичівка'), (UUID_TO_BIN('96dcbc45-94fe-4107-9faa-8dbafaebfaa7'),UUID_TO_BIN('2139bed0-2ee7-40bf-ac23-d6d7322a0879'),'Dzhulynka','Джулинка'), (UUID_TO_BIN('9b55f4f9-6d0d-418b-97a3-6d3d73f8997b'),UUID_TO_BIN('72c55970-9059-4c3d-9f61-a20f9818e17a'),'Novoaidar','Новоайдар'), (UUID_TO_BIN('382d558e-d907-4095-bf71-828b83be191f'),UUID_TO_BIN('4e23a79f-2272-4c8a-81da-e7cc5c690467'),'Mezhova','Межова'), (UUID_TO_BIN('ab9672ae-9ce1-4c14-a291-b813f5087300'),UUID_TO_BIN('86c18899-b282-4fc4-849e-82231bef97c4'),'Biliaivka','Біляївка'), (UUID_TO_BIN('c229d658-589b-41a2-820d-39e73caaf15d'),UUID_TO_BIN('33d43c1b-1b02-4393-8ba5-2a1a389cd98e'),'Lanivtsi','Ланівці'), (UUID_TO_BIN('057a4131-d8e2-4ce4-970d-740b1f37e664'),UUID_TO_BIN('798abf85-f88c-41c9-8083-22252f24cb94'),'Novoselytsia','Новоселиця'), (UUID_TO_BIN('f4577f2e-8cdc-4577-a1a0-e85d69767b66'),UUID_TO_BIN('961b3b16-e841-48ae-b01a-213d50dc2931'),'Berezanka','Березанка'), (UUID_TO_BIN('e5bff126-c10f-4493-9d96-c4272ddf43e7'),UUID_TO_BIN('0de9fe58-84a8-4c2b-bf8a-d8434041fb16'),'Izium','Ізюм'), (UUID_TO_BIN('fcf3344c-8d5a-4371-83ed-6e75492e03a9'),UUID_TO_BIN('dac1fae9-3dc5-40af-92b3-5359c1e729d3'),'Nova Borova','Нова Борова'), (UUID_TO_BIN('57a31c3b-cd0c-4e6f-9b0b-5105fcf7506c'),UUID_TO_BIN('c4fb9676-a9e5-401c-be5f-fc9cdbe58368'),'Kramatorsk','Краматорськ'), (UUID_TO_BIN('e68a5d75-3263-4e76-b724-c8c716dab040'),UUID_TO_BIN('c4fb9676-a9e5-401c-be5f-fc9cdbe58368'),'','Харків'), (UUID_TO_BIN('525415cf-e71e-4dff-8402-0f17cc28d0fb'),UUID_TO_BIN('1dd98061-fb0b-422f-885c-c303121962cb'),'Storozhynets','Сторожинець'), (UUID_TO_BIN('72377d1a-d3b0-47cf-b926-aff9a7f4709b'),UUID_TO_BIN('2e1fbf69-ce63-4e20-9c54-e005710bc30e'),'Ovidiopol','Овідіополь'), (UUID_TO_BIN('1caadc2a-5852-4195-9fb5-77ab7f7a9280'),UUID_TO_BIN('7a6a5bf1-2741-4d32-b603-74ac21ab00ec'),'Poninka','Понінка'), (UUID_TO_BIN('4965200f-964f-4f99-ae13-925398d61f8b'),UUID_TO_BIN('f2cbe5bc-ef64-498f-b6a1-7c798f6babe3'),'Zoria','Зоря'), (UUID_TO_BIN('96398e8c-6b37-4a75-aeaa-13ef897b388b'),UUID_TO_BIN('102c9885-dec0-41e5-b1dd-e255bbeb602f'),'Khaliavyn,kilometre 4-i Homelskoho Shose,building 6','Халявин,кілометр 4-й Гомельського highway,building 6'), (UUID_TO_BIN('b58869f7-8945-4a46-8374-ce031285b5bd'),UUID_TO_BIN('3be7f496-3015-4065-8293-7caf0ed24b58'),'Piatykhatky','П\'ятихатки'), (UUID_TO_BIN('e5fa4c21-d863-4d49-9d2a-504caab8dc03'),UUID_TO_BIN('538fa055-94db-48ce-a6e4-440a9dd4e231'),'Kupiansk','Куп\'янськ'), (UUID_TO_BIN('460c3d72-e8b0-4d99-b23b-d85677fd1068'),UUID_TO_BIN('0184cc02-332b-4402-9d96-8235030387c2'),'Ispas','Іспас'), (UUID_TO_BIN('a55dcdf5-f526-49e2-910a-a895314781e9'),UUID_TO_BIN('3e6d962f-c305-4a7a-a5e0-2d07773f4097'),'Skvyra','Сквира'), (UUID_TO_BIN('86a90dd0-7009-4da5-9d1a-b72b775464b8'),UUID_TO_BIN('a23478f1-7ed8-482a-aec7-1cbc5f9e912c'),'Sakhnovshchyna','Сахновщина'), (UUID_TO_BIN('26ad3bea-3afb-4fc6-ba6f-147602a24f4a'),UUID_TO_BIN('ec614a0c-974f-4d48-b65b-cfcc219924f7'),'Kosari','Косарі'), (UUID_TO_BIN('fd9582bf-bd77-4f66-9996-8ed7b8a3b49d'),UUID_TO_BIN('4e84cc15-fcd4-4665-911b-a99dd4bf0171'),'Svaliava','Свалява'), (UUID_TO_BIN('7767d83e-0b74-4430-9850-15bc844c28b2'),UUID_TO_BIN('c1e90feb-e2a2-46db-8658-a9d50fd0ef2e'),'Stebnyk','Стебник'), (UUID_TO_BIN('ad8bab55-be55-44c2-933f-38b4e5c74a98'),UUID_TO_BIN('5f5745a2-c00f-4772-a9f2-8f4c9328927e'),'Ilarionove','Іларіонове'), (UUID_TO_BIN('c97d7e21-ca34-4488-ae09-ce08154c409a'),UUID_TO_BIN('c4fb9676-a9e5-401c-be5f-fc9cdbe58368'),'Bakhmut','Бахмут'), (UUID_TO_BIN('87f4a817-2e73-4423-a9f6-e87566c0d3d5'),UUID_TO_BIN('082de1d9-6567-410b-a909-c92e718d99aa'),'Novosilky','Новосілки'), (UUID_TO_BIN('3aaa44f8-5bf8-45b8-bf5a-d67a24551ded'),UUID_TO_BIN('c4fb9676-a9e5-401c-be5f-fc9cdbe58368'),'Lysychansk,quarter Skhidnyi,building 1A','Лисичанськ,квартал Східний,building 1А'), (UUID_TO_BIN('a208813b-4616-4e8d-8e78-a3ce25ff6297'),UUID_TO_BIN('adcd5dd9-c65f-4b0f-ae94-baea9cfd77d2'),'Snovsk','Сновськ'), (UUID_TO_BIN('c40ca482-3aa2-4b99-b34d-06ae7ac993fd'),UUID_TO_BIN('61e7175c-a767-451e-8998-5026a4446702'),'Rozdol','Роздол'), (UUID_TO_BIN('03c4eb68-38bd-46d8-9217-817002cdcc5e'),UUID_TO_BIN('dfcecde5-34c4-4b59-9344-295e430f6ed0'),'Staryi Saltiv','Старий Салтів'), (UUID_TO_BIN('a62aafd0-0d95-497d-9e4e-4f6db8d8eefe'),UUID_TO_BIN('812b5a15-d9d2-4946-a5bb-ea585834c69a'),'Kominternivske','Комінтернівське'), (UUID_TO_BIN('2171dc25-8d16-416c-baf7-17993800ff3e'),UUID_TO_BIN('84dd23bc-40bb-4d73-a7f9-cdf5254116f4'),'Pivdenne','Південне'), (UUID_TO_BIN('ce453c6f-5e79-41c7-b814-cd9391b10598'),UUID_TO_BIN('1928eaff-7247-4e46-90ab-b5b91c63a160'),'Velyka Dymerka','Велика Димерка'), (UUID_TO_BIN('0c199c6e-5de4-4e49-8cbb-b874fca34935'),UUID_TO_BIN('5b63a527-59a8-4bfa-9e42-43a42563eecc'),'Bratslav','Брацлав'), (UUID_TO_BIN('4b77cb39-686b-455e-ac82-ec0579876429'),UUID_TO_BIN('c4fb9676-a9e5-401c-be5f-fc9cdbe58368'),'Odesa,prospect Dobrovolskoho,building 84,Housing A','Одеса'), (UUID_TO_BIN('4ac2219f-13de-4c5f-83ec-1e087dff7621'),UUID_TO_BIN('9d1e1454-dc6c-430f-8556-f9dc8ca2899c'),'Velyki Luchky','Великі Лучки'), (UUID_TO_BIN('ff4d407a-a896-4505-b6de-be35f358a9ac'),UUID_TO_BIN('2f521fd7-90c1-4014-8aec-8c85e62eb0f1'),'Kitsman','Кіцмань'), (UUID_TO_BIN('3241a122-3b0c-4156-9b71-0c6e4d21dc53'),UUID_TO_BIN('cb1db87e-6b97-41ce-b096-d143b1c29d6b'),'Buryn','Буринь'), (UUID_TO_BIN('a11d24ec-ca8f-4565-8715-bfe6dbaa0624'),UUID_TO_BIN('c4fb9676-a9e5-401c-be5f-fc9cdbe58368'),'Lysychansk','Лисичанськ'), (UUID_TO_BIN('9fe0f748-551d-4fb1-a78e-647e8b4ad52d'),UUID_TO_BIN('102c9885-dec0-41e5-b1dd-e255bbeb602f'),'Novoselivka','Новоселівка'), (UUID_TO_BIN('358ba74d-ebca-4d20-957f-c7a703db0cb1'),UUID_TO_BIN('599304ce-2707-4268-9c20-b9aee0f6e920'),'Rakhny Lisovi','Рахни Лісові'), (UUID_TO_BIN('0dc4c274-e32e-47e6-81c1-f653e2ce5bfc'),UUID_TO_BIN('c4fb9676-a9e5-401c-be5f-fc9cdbe58368'),'Odesa,array Raduzhnyi,building 4','Одеса,масив Радужний,building 4'), (UUID_TO_BIN('eba44c9a-3518-4c54-8b61-9e9713a29596'),UUID_TO_BIN('bc2456c3-3e34-43dc-82e3-f6ca435e5105'),'Buzivka','Бузівка'), (UUID_TO_BIN('523f0b41-58e6-4cdb-bf38-8f633448a8a1'),UUID_TO_BIN('acab09b1-1ef4-424a-9eea-997f7dc9ab4e'),'Yampil','Ямпіль'), (UUID_TO_BIN('fed2022e-e415-4386-af7a-68371e8bc51a'),UUID_TO_BIN('c4fb9676-a9e5-401c-be5f-fc9cdbe58368'),'Avdiivka','Авдіївка'), (UUID_TO_BIN('5e017468-5181-4ea7-90ee-1bef6e208ada'),UUID_TO_BIN('18fd6dc6-fb90-4727-80f1-ff3ec2b81479'),'Shpola','Шпола'), (UUID_TO_BIN('2512a8f4-0318-46ff-ba88-8c611a921d88'),UUID_TO_BIN('bc2456c3-3e34-43dc-82e3-f6ca435e5105'),'Zhashkiv','Жашків'), (UUID_TO_BIN('12bba60e-8e28-4338-9043-102310436ea6'),UUID_TO_BIN('1bb0d3d7-5879-4a51-9dc8-eee23c3bbbab'),'Oleksandrivka','Олександрівка'), (UUID_TO_BIN('949d9535-7546-4323-b209-f042ebe235e9'),UUID_TO_BIN('0c4a6c6c-c13a-4b64-80c0-0c5020105fe1'),'Vylkove','Вилкове'), (UUID_TO_BIN('f19b7002-3a38-4569-8c8c-1ad766e7555d'),UUID_TO_BIN('82dfcd7f-e6f9-430a-8921-932b073883b8'),'Olevsk','Олевськ'), (UUID_TO_BIN('ba1dfec9-be02-4492-9c09-0586f8bce21b'),UUID_TO_BIN('0e4219bc-86f7-40e9-9f5e-f2df41bdb3bf'),'Myrhorod','Миргород'), (UUID_TO_BIN('16a30a14-8324-4346-b869-0152f735b4c3'),UUID_TO_BIN('0b48ab60-0ea6-4a11-b0c0-f78334e2645d'),'Domanivka','Доманівка'), (UUID_TO_BIN('7fa2f4cd-a3f1-4a90-a74c-eca7ad38cc65'),UUID_TO_BIN('0d287b1c-1ca0-452a-adfc-8355c22a4c66'),'Primorske','Приморське'), (UUID_TO_BIN('259361bd-106a-4294-8d4a-8b0bd83d121c'),UUID_TO_BIN('c9539a91-a0c0-42f2-b945-96e25fae0020'),'Humentsi','Гуменці'), (UUID_TO_BIN('c90b5931-6dc6-4be4-bfed-554374bdadaa'),UUID_TO_BIN('1f6fc798-64f6-4094-8a20-931577a2e1c3'),'Velyki Lazy,microdistrictEn Novyi','Великі Лази,microdistrictEn Новий'), (UUID_TO_BIN('3c396a72-1881-453d-9742-8914377ae47a'),UUID_TO_BIN('913a059d-5b05-4093-aef2-90fc9618117a'),'Dovbysh','Довбиш'), (UUID_TO_BIN('a276778d-ab60-4101-b3f5-51e2b535cb87'),UUID_TO_BIN('c4fb9676-a9e5-401c-be5f-fc9cdbe58368'),'Kharkiv,maidan Konstytutsii,building 9','Харків,майдан Конституції,building 9'), (UUID_TO_BIN('0811d1ea-765f-4836-a402-5d9fda5fc4e1'),UUID_TO_BIN('c4fb9676-a9e5-401c-be5f-fc9cdbe58368'),'Vinnytsia,passage Stanislavskoho,building 7','Вінниця,проїзд Станіславського,building 7'), (UUID_TO_BIN('ded4ee39-cc9c-411b-b1f8-2376beb1d04b'),UUID_TO_BIN('563e1dae-6ce6-4413-b846-8040647c6490'),'Velykyi Bereznyi','Великий Березний'), (UUID_TO_BIN('6e064c48-1b85-4124-8df5-a90b9606c625'),UUID_TO_BIN('3a3a5575-dd7a-4a81-94e0-cbb87213fca7'),'Huliaipole','Гуляйполе'), (UUID_TO_BIN('00600930-cc0a-486d-8104-97d94035b695'),UUID_TO_BIN('84dd23bc-40bb-4d73-a7f9-cdf5254116f4'),'Merefa','Мерефа'), (UUID_TO_BIN('fd2d659b-189e-4a9e-9316-c6137de29c95'),UUID_TO_BIN('102c9885-dec0-41e5-b1dd-e255bbeb602f'),'Rivnopillia','Рівнопілля'), (UUID_TO_BIN('2ac78563-1e1e-47e7-a0da-2fe4a2bef16c'),UUID_TO_BIN('8272c675-940f-417d-92c5-15a444bd46e5'),'Komarno','Комарно'), (UUID_TO_BIN('7c7b9997-0bb8-41ed-9217-39a06c0bc7ea'),UUID_TO_BIN('b86ace09-e39e-4076-8bc7-ac5d3a3b4c22'),'Berestechko','Берестечко'), (UUID_TO_BIN('f78e8085-67c8-44dd-871b-1d8160023dfa'),UUID_TO_BIN('1bb0d3d7-5879-4a51-9dc8-eee23c3bbbab'),'Pidhorodne','Підгородне'), (UUID_TO_BIN('0aef1060-3f0d-4edc-bc87-80476c0bb517'),UUID_TO_BIN('798abf85-f88c-41c9-8083-22252f24cb94'),'Boiany','Бояни'), (UUID_TO_BIN('09075c69-4f9e-4035-94e4-d9ed0cd01db9'),UUID_TO_BIN('baa28cac-4317-489d-bc4e-9c7a6727f2a4'),'Vlasivka','Власівка'), (UUID_TO_BIN('87a0a529-0caf-4433-a308-da3300ea8392'),UUID_TO_BIN('a62c61e0-993a-4126-9ef1-de0c8899793a'),'Kniagininok','Княгининок'), (UUID_TO_BIN('19eb7111-e4f8-4763-8f05-1030c8c56647'),UUID_TO_BIN('650f414d-ebf7-4664-8fbe-16d605769373'),'Heronymivka','Геронимівка'), (UUID_TO_BIN('e4b2c3a6-bfb4-480a-9ac8-48d17fe5dd8f'),UUID_TO_BIN('4b66cce1-3d25-4245-985f-2471bf956b91'),'Baryshivka','Баришівка'), (UUID_TO_BIN('cc43d456-775a-4da8-ad5f-37750d00cc26'),UUID_TO_BIN('4cc1f421-45a1-4cff-9432-8288b8422fb4'),'Liman','Лиман'), (UUID_TO_BIN('76b7c5de-3541-4a10-9420-b725cc187107'),UUID_TO_BIN('72da55c9-db1e-4910-bc0b-8afc524071d4'),'Pryiutivka','Приютівка'), (UUID_TO_BIN('6911e61f-e343-42a7-bebe-b602190a8378'),UUID_TO_BIN('59f31319-84ec-4dc6-8c08-01a1d10e76fc'),'Vinnytski Khutory','Вінницькі Хутори'), (UUID_TO_BIN('2220d6dd-b232-4c1f-ab40-d0e3a90372bf'),UUID_TO_BIN('a4468eb7-0feb-4884-b594-9444354b4c8c'),'Donets','Донець'), (UUID_TO_BIN('6e84f78b-8e66-4fe4-aa77-a529ed137a8e'),UUID_TO_BIN('87091575-7c4b-45bc-ba86-db9d559f2882'),'Lymanske','Лиманське'), (UUID_TO_BIN('23313ba7-083f-4fa2-a0ba-bf9a61024642'),UUID_TO_BIN('a6333b83-eff2-4277-b4f1-6740ed02a72d'),'Derhachi,path Zolochivskiy,building 7','Дергачі,шлях Золочівський,building 7'), (UUID_TO_BIN('f4d58875-ab1b-4552-9625-a4c4e33079cb'),UUID_TO_BIN('4642bee2-a37a-4bd8-8152-b66a1e099777'),'Znamianka','Знам\'янка'), (UUID_TO_BIN('9cec785c-f6b0-485b-a725-187aca74747a'),UUID_TO_BIN('661c0f34-bf75-4ecf-b5ae-eea81841ffbe'),'Liublynets','Люблинець'), (UUID_TO_BIN('9a6e62ce-60a5-4001-8d6e-63529d6c18e0'),UUID_TO_BIN('0ea7012c-fee8-4474-a044-d7be3024543d'),'Bereznehuvate','Березнегувате'), (UUID_TO_BIN('78c20465-8282-4e5f-971c-ce3ce638cbab'),UUID_TO_BIN('c4fb9676-a9e5-401c-be5f-fc9cdbe58368'),'Odesa,road Fontanska,building 16,Housing 8','Одеса,дорога Фонтанська,building 16,Housing 8'), (UUID_TO_BIN('5dbdf0f9-cd5f-458f-8e66-aea675d498cf'),UUID_TO_BIN('ea74a559-ba5d-4196-b4dd-c854eeb306d5'),'Ivanivka','Іванівка'), (UUID_TO_BIN('9af2d8c0-8a7a-47a5-9031-1369d42fc788'),UUID_TO_BIN('202a5234-5324-4c8a-9b59-437ed8c0e4d0'),'Dunaivtsi','Дунаївці'), (UUID_TO_BIN('ae81053b-8695-4bed-a916-04019723f68b'),UUID_TO_BIN('f9952234-1542-4628-8ae6-1d7fb3cb66d8'),'Staryi Sambir','Старий Самбір'), (UUID_TO_BIN('b3d330f4-3ddc-4001-9f3e-ccd912e0a1d9'),UUID_TO_BIN('7a7743c4-7452-4e5a-8b07-02fa6bcc9406'),'Skala-Podilska','Скала-Подільська'), (UUID_TO_BIN('5f97a33e-5e2f-4b5c-a62f-fd6091395a19'),UUID_TO_BIN('a62c61e0-993a-4126-9ef1-de0c8899793a'),'Strumivka','Струмівка'), (UUID_TO_BIN('cfda41d0-4d72-4d53-a5dc-7d3a29493ba8'),UUID_TO_BIN('c4fb9676-a9e5-401c-be5f-fc9cdbe58368'),'Sievierodonetsk','Сєвєродонецьк'), (UUID_TO_BIN('d118d5fd-5852-4c11-b0ea-f387f72229ff'),UUID_TO_BIN('00f6c766-2913-499d-b0eb-592ef81ccedf'),'Zolochiv','Золочів'), (UUID_TO_BIN('9b221576-1d0e-4d4c-b86e-e3b1f2ab4e6b'),UUID_TO_BIN('bb8c9136-c921-4bde-8209-eebaae5c645a'),'Mala Vyska','Мала Виска'), (UUID_TO_BIN('de009648-ae61-448b-bc8e-a8e621fd1335'),UUID_TO_BIN('1f6fc798-64f6-4094-8a20-931577a2e1c3'),'Rozivka','Розівка'), (UUID_TO_BIN('c76cfdb2-6e2c-4a3b-b169-c31868da12dd'),UUID_TO_BIN('37d6e41f-97fd-4af9-9936-9ad028971cc2'),'Novopillia','Новопілля'), (UUID_TO_BIN('236d4e41-7d1a-469b-be0e-012576de1280'),UUID_TO_BIN('c4fb9676-a9e5-401c-be5f-fc9cdbe58368'),'Yuzhnoukrainsk','Южноукраїнськ'), (UUID_TO_BIN('219a0af4-1c4d-467b-bfac-d002d24585ac'),UUID_TO_BIN('a6333b83-eff2-4277-b4f1-6740ed02a72d'),'Derhachi,path Zolochivskiy,building 8','Дергачі,шлях Золочівський,building 8'), (UUID_TO_BIN('645bb960-cba8-48f5-b42f-46a0b2a0f4d4'),UUID_TO_BIN('dfcecde5-34c4-4b59-9344-295e430f6ed0'),'Vovchansk','Вовчанськ'), (UUID_TO_BIN('d9f7d785-0e4e-446c-bba8-de0263f3ac99'),UUID_TO_BIN('8c2790fa-dda5-4dbd-89b4-8cb6c9a8bb94'),'Blyzniuky','Близнюки'), (UUID_TO_BIN('149cfa1f-a2fa-4c89-b443-10119a037095'),UUID_TO_BIN('c4fb9676-a9e5-401c-be5f-fc9cdbe58368'),'Vuhledar','Вугледар'), (UUID_TO_BIN('aa13ad00-d871-442e-bbcd-45f3605fb859'),UUID_TO_BIN('59f31319-84ec-4dc6-8c08-01a1d10e76fc'),'Yakushyntsi','Якушинці'), (UUID_TO_BIN('4f912022-4186-4785-83dc-f0d68ec481e7'),UUID_TO_BIN('4b6b94d5-1088-4676-8854-12e91f33b3ca'),'Radekhiv','Радехів'), (UUID_TO_BIN('093910a0-1c81-4e95-a72d-3b20d32195fa'),UUID_TO_BIN('c4fb9676-a9e5-401c-be5f-fc9cdbe58368'),'Vinnytsia,passage Kyivskyi,building 173','Вінниця,проїзд Київський,building 173'), (UUID_TO_BIN('632d1a62-a85e-4af4-9c0a-25aab8cc1e05'),UUID_TO_BIN('73c7c9a9-8a17-419c-93b8-d17e53e885b3'),'Mykolaivka','Миколаївка'), (UUID_TO_BIN('568b8ede-ca2f-4972-9eeb-9d9b92a9bce3'),UUID_TO_BIN('0c3061ca-3b2c-4c4b-b5b0-7dd451039a23'),'Bohorodchany','Богородчани'), (UUID_TO_BIN('1021eecc-84e0-4459-b181-64464767b0c1'),UUID_TO_BIN('c9539a91-a0c0-42f2-b945-96e25fae0020'),'Kamianets-Podilskyi,maidan Vidrodzhennia,building 1','Кам\'янець-Подільський,майдан Відродження,building 1'), (UUID_TO_BIN('0009bf08-0de7-4246-acb2-0c78955fa42d'),UUID_TO_BIN('72c55970-9059-4c3d-9f61-a20f9818e17a'),'Shchastia,quarter Enerhetykiv,building 2Л','Щастя,квартал Енергетиків,building 2Л'), (UUID_TO_BIN('88a2d874-71f8-4615-8643-377448c215b9'),UUID_TO_BIN('c4fb9676-a9e5-401c-be5f-fc9cdbe58368'),'Smila','Сміла'), (UUID_TO_BIN('c2a39f64-dbe8-4fe6-806c-0afbaadda3fe'),UUID_TO_BIN('c4fb9676-a9e5-401c-be5f-fc9cdbe58368'),'Boryspil','Бориспіль'), (UUID_TO_BIN('299bb579-fb6c-46f1-bf63-df7736c251d1'),UUID_TO_BIN('ba2b97e1-e5a5-4f44-bd0b-a8533b883b34'),'Velyka Berezovytsia','Велика Березовиця'), (UUID_TO_BIN('615b0029-ad1e-40dd-be37-a00e0d3f1d5d'),UUID_TO_BIN('bd0d6daa-3791-4c67-a69b-d65e203ed4e6'),'Shumsk','Шумськ'), (UUID_TO_BIN('02624f49-fe04-423b-ab5f-430700808453'),UUID_TO_BIN('f1e61584-3a5f-4076-a773-dceb3ea05c15'),'Pechenizhyn','Печеніжин'), (UUID_TO_BIN('63770551-7381-4a3e-849e-b471941d6809'),UUID_TO_BIN('a0d6bd27-c986-48a9-8c1f-e49472b2c0ec'),'Okni','Окни'), (UUID_TO_BIN('2a902062-a643-4c2e-b5f5-c32510aea8de'),UUID_TO_BIN('33019bd5-6596-4684-b2ce-62d89290428d'),'Hlevakha','Глеваха'), (UUID_TO_BIN('e1ec5aac-da17-49e1-af6d-36e3fb7f5203'),UUID_TO_BIN('c1196b26-f134-49ed-8dd0-e531232e576e'),'Zarichne','Зарічне'), (UUID_TO_BIN('bb5d2baf-60c5-4bf5-9bb5-1b363439a0ac'),UUID_TO_BIN('538fa055-94db-48ce-a6e4-440a9dd4e231'),'Kupiansk-Vuzlovyi','Куп\'янськ-Вузловий'), (UUID_TO_BIN('6ea6ced7-b8fe-44bc-9890-fd35165c53f2'),UUID_TO_BIN('61c39003-06a7-4cf5-a3c4-7e34be2a48b4'),'Starokozache','Старокозаче'), (UUID_TO_BIN('555a437c-27fb-4358-9cb0-6654e0b8067c'),UUID_TO_BIN('97b8ddbd-e96a-4ff4-a2b7-cc6f4b52a36a'),'Korop','Короп'), (UUID_TO_BIN('6c80df11-efb8-4ffd-a9da-6c4c7fffb963'),UUID_TO_BIN('4415c390-7417-45ae-9915-8104c1b72459'),'Yavoriv','Яворів'), (UUID_TO_BIN('aeff8911-b58b-440d-b008-867b8d50dafd'),UUID_TO_BIN('4415c390-7417-45ae-9915-8104c1b72459'),'Ivano-Frankove','Івано-Франкове'), (UUID_TO_BIN('d72f07c7-e71f-4073-8b37-0803fb8b21bd'),UUID_TO_BIN('06f569b7-2651-4246-8cc6-0813a8a9c392'),'Terebleche','Тереблече'), (UUID_TO_BIN('dbd55508-3fe7-4486-b1fb-ac2e7ed88ab7'),UUID_TO_BIN('01686a28-7c54-4171-99d3-28b2e14ad599'),'Koziatyn','Козятин'), (UUID_TO_BIN('446ac039-1a72-4784-bb15-a27f2d404588'),UUID_TO_BIN('795b17f6-48d8-4149-ae52-2aaddbdf59e7'),'Kosiv','Косів'), (UUID_TO_BIN('1390a3b3-01fd-4e7f-92c0-c0f4e37b1a54'),UUID_TO_BIN('0d287b1c-1ca0-452a-adfc-8355c22a4c66'),'Zaliznyi Port','Залізний Порт'), (UUID_TO_BIN('708978bb-bf09-437f-abf0-6d48a54cc164'),UUID_TO_BIN('ea97ecb3-e283-4000-a040-53fe10763ab3'),'Liubashivka','Любашівка'), (UUID_TO_BIN('8682fe81-21eb-4672-8258-c047a617064b'),UUID_TO_BIN('6bd80e47-f981-42d5-b545-241eebc2b80d'),'Popilnia','Попільня'), (UUID_TO_BIN('7dc3647c-a328-4678-94e7-6fd9b6ca7002'),UUID_TO_BIN('f4cb3adf-e331-4009-ad68-f57190c0126b'),'Kazanka','Казанка'), (UUID_TO_BIN('68b0c3ec-6c5f-40ce-8b75-4c653e4358eb'),UUID_TO_BIN('79933683-880f-4cd7-a468-9e4fb1eebf27'),'Vinkivtsi','Віньківці'), (UUID_TO_BIN('8614362c-1cc1-4922-94e7-20956191038c'),UUID_TO_BIN('34a19b19-4dfa-4a0c-aaa7-7c56e08b5ac0'),'Petrove','Петрове'), (UUID_TO_BIN('d83786f4-26dd-4cda-abf3-934b207bde48'),UUID_TO_BIN('661c0f34-bf75-4ecf-b5ae-eea81841ffbe'),'Kovel','Ковель'), (UUID_TO_BIN('80eb0513-784a-4e6a-a9e7-f260c05a6f64'),UUID_TO_BIN('aabb8917-4f45-4760-a97b-a0aa498df781'),'Broshniv-Osada','Брошнів-Осада'), (UUID_TO_BIN('c937b831-a16f-4063-99e6-f8cfe6d33326'),UUID_TO_BIN('c4fb9676-a9e5-401c-be5f-fc9cdbe58368'),'Lutsk','Луцьк'), (UUID_TO_BIN('b3e98ac0-569a-4b93-8d0a-21e040e83f9c'),UUID_TO_BIN('b2fd10e4-fd51-4b58-99f7-8b7dc286b062'),'Zavallia','Завалля'), (UUID_TO_BIN('e595fee8-cd02-4613-a5f5-d370fc2a8951'),UUID_TO_BIN('8c134630-2bc2-4f1f-83ff-19a3166e7f6c'),'Myrohoshcha Persha','Мирогоща Перша'), (UUID_TO_BIN('ac014bdf-a96b-4140-8b62-7c30e068a234'),UUID_TO_BIN('36e0b71c-1d69-47c8-8485-0b5a28429d9b'),'Khotyn','Хотин'), (UUID_TO_BIN('cb01702d-4597-44ab-8561-0b5c71395128'),UUID_TO_BIN('c4fb9676-a9e5-401c-be5f-fc9cdbe58368'),'Berezan','Березань'), (UUID_TO_BIN('7710cc75-000d-483a-b379-a0792720cf36'),UUID_TO_BIN('d1fc9a29-9971-4e4b-8a71-8fff85150650'),'Bilmak','Більмак'), (UUID_TO_BIN('095b4c5f-df4a-4ba3-ade5-f2172cb66874'),UUID_TO_BIN('c4fb9676-a9e5-401c-be5f-fc9cdbe58368'),'Chernivtsi,passage Parkovyi,building 2','Чернівці,проїзд Парковий,building 2'), (UUID_TO_BIN('cf8016f7-b50a-4898-91b9-d899c45371d7'),UUID_TO_BIN('9874aa6d-998e-44c4-abf4-4072bebd0820'),'Teofipol','Теофіполь'), (UUID_TO_BIN('96446bec-043f-4c8a-bff7-1f8a32a82ebe'),UUID_TO_BIN('1e12c9f2-a97f-4b30-a52b-ba07861d2f0d'),'Fastiv','Фастів'), (UUID_TO_BIN('abec6488-b84a-4645-ba64-cea4fb83cec1'),UUID_TO_BIN('35c586fa-2391-4bb3-afe4-90685a6ad3f4'),'Kamin-Kashyrskyi','Камінь-Каширський'), (UUID_TO_BIN('2c75ee01-df84-4f9e-9f8c-dd6ba22cbc4a'),UUID_TO_BIN('a6333b83-eff2-4277-b4f1-6740ed02a72d'),'Mala Danilovka','Мала Данилівка'), (UUID_TO_BIN('61ae0d81-a534-4755-9876-42573df4302b'),UUID_TO_BIN('0be37f36-ba20-4be4-946b-08744a1b071a'),'Velyka Novosilka','Велика Новосілка'), (UUID_TO_BIN('44b64686-72e5-41b3-8b3d-a8c22b486d1a'),UUID_TO_BIN('8671215c-49c9-47c7-b2a0-abe46509ddd6'),'Kulykiv','Куликів'), (UUID_TO_BIN('4c39967f-9870-48c0-a174-09e94a9b80c5'),UUID_TO_BIN('c71e0c6c-8af9-4669-b8e1-a897ba614287'),'Kotsiubynske','Коцюбинське'), (UUID_TO_BIN('5b3d114c-bd6e-4ba7-a04b-cb3317b57b78'),UUID_TO_BIN('1dd98061-fb0b-422f-885c-c303121962cb'),'Velykyi Kuchuriv','Великий Кучурів'), (UUID_TO_BIN('af3fbece-5585-460b-b61d-440e898e6fc2'),UUID_TO_BIN('cbb4064b-be68-47e8-bf05-bd337720f5a1'),'Kurakhove','Курахове'), (UUID_TO_BIN('4bebe9d1-d0af-4915-be58-ca0dd885b793'),UUID_TO_BIN('865c4b2a-3d60-48d5-95c7-2b17b1c7cf22'),'Lityn','Літин'), (UUID_TO_BIN('63993dee-d401-45c1-b6d6-d1f607899ae4'),UUID_TO_BIN('2ab52bc0-aaa4-4e87-917d-8f712b3a76cb'),'Orikhiv','Оріхів'), (UUID_TO_BIN('de74d360-3487-4ac1-91b1-a20b23c199e8'),UUID_TO_BIN('c4fb9676-a9e5-401c-be5f-fc9cdbe58368'),'Novodnistrovsk','Новодністровськ'), (UUID_TO_BIN('3b2661d5-2451-4d87-a832-dba5e18f553d'),UUID_TO_BIN('4edf0967-54f6-443f-b5b7-1c83adb5c2fd'),'Khrystynivka','Христинівка'), (UUID_TO_BIN('c5cac190-1f77-4f43-9fdd-7cf56ff0bf72'),UUID_TO_BIN('7ae091dc-3e4f-4c2e-b6de-bfb2e23f90fd'),'Ocheretyne,microareaEn Hidrobudivnykiv,building 14','Очеретине'), (UUID_TO_BIN('c70bee67-cce8-45a7-8405-1253b257d8e9'),UUID_TO_BIN('f1c74cf0-fcd6-441c-bd73-94e03db93958'),'Lokhvytsia','Лохвиця'), (UUID_TO_BIN('94578a86-42f7-45ab-8a5b-58c124fb5baf'),UUID_TO_BIN('2139bed0-2ee7-40bf-ac23-d6d7322a0879'),'Bershad','Бершадь'), (UUID_TO_BIN('fc444255-fd1d-40fa-86d2-3b2845c28a78'),UUID_TO_BIN('0149c135-854a-4f51-8048-b3360a8b18a1'),'Khodoriv','Ходорів'), (UUID_TO_BIN('e484b6f6-10d6-48ab-b77d-13cbb998c14f'),UUID_TO_BIN('dbca897b-573d-4701-9c3c-f3cbf3d262ba'),'Verkhnii Rohachyk','Верхній Рогачик'), (UUID_TO_BIN('a34f32f1-db72-42f9-a30c-db4bbac36dab'),UUID_TO_BIN('17709dfa-3bd3-4c7d-b850-dbeeed6868c4'),'Talne','Тальне'), (UUID_TO_BIN('995dcbd5-3ad7-4c33-a85b-b512e665e2ae'),UUID_TO_BIN('c6f4d094-5d49-451a-b7d1-cf4a054ecbdb'),'Chuhuiv','Чугуїв'), (UUID_TO_BIN('d352e066-47e5-44c7-bc5e-0e71e1d0729d'),UUID_TO_BIN('170b7e07-d6a0-4511-9d78-257f1df34de9'),'Lypova Dolyna','Липова Долина'), (UUID_TO_BIN('ad8df366-4e53-4284-b4c7-0216b8b61793'),UUID_TO_BIN('c4fb9676-a9e5-401c-be5f-fc9cdbe58368'),'Odesa,array Raduzhnyi,building 20','Одеса,масив Радужний,building 20'), (UUID_TO_BIN('3b324d7c-58cd-458d-bbaa-f181a6cfef3f'),UUID_TO_BIN('c4fb9676-a9e5-401c-be5f-fc9cdbe58368'),'Odesa,road Fontanska,building 55','Одеса,дорога Фонтанська,building 55'), (UUID_TO_BIN('c95d3e75-f12e-4dc2-9798-c1b7502ebcb1'),UUID_TO_BIN('0184cc02-332b-4402-9d96-8235030387c2'),'Vyzhnytsia','Вижниця'), (UUID_TO_BIN('d2d0dd9c-a421-4fe0-b55e-80ad17675d0f'),UUID_TO_BIN('b61a776c-42c9-43fb-a2a2-13f1a23c7a09'),'Lubny','Лубни'), (UUID_TO_BIN('5d94c500-8020-4347-9e6d-031e936a4dd9'),UUID_TO_BIN('c4fb9676-a9e5-401c-be5f-fc9cdbe58368'),'Odesa,road Liustdorfska,building 61','Одеса,дорога Люстдорфська,building 61'), (UUID_TO_BIN('5f602927-aea7-41ba-ba8a-7e9d0f916383'),UUID_TO_BIN('2e1fbf69-ce63-4e20-9c54-e005710bc30e'),'Lymanka','Лиманка'), (UUID_TO_BIN('09aae794-5716-4a14-bd4a-09ea0138f557'),UUID_TO_BIN('59f31319-84ec-4dc6-8c08-01a1d10e76fc'),'Zarvantsi','Зарванці'), (UUID_TO_BIN('b2f89d9f-2bee-4409-861a-6374bdba7e20'),UUID_TO_BIN('c4fb9676-a9e5-401c-be5f-fc9cdbe58368'),'Pokrov','Покров'), (UUID_TO_BIN('89009b45-7800-478e-bdcd-c682222e5fda'),UUID_TO_BIN('0da42d6d-82ab-4783-af93-bd88471d3483'),'Bilokurakyne','Білокуракине'), (UUID_TO_BIN('aa0d95bc-9121-448d-9433-d416cadc0a42'),UUID_TO_BIN('bb3e593d-1a38-4fbf-bacd-bd28e26de4fa'),'Desna','Десна'), (UUID_TO_BIN('d5980e3b-242b-427a-90dd-f5f803fb1ab4'),UUID_TO_BIN('f1a49665-7c9e-46ac-8472-67d95370e279'),'Urzuf','Урзуф'), (UUID_TO_BIN('8d5aa6ae-bf03-44d3-8f02-f44b8d5c5346'),UUID_TO_BIN('b77eeb50-67db-4444-a30b-e80e52acb3be'),'Shevchenkove','Шевченкове'), (UUID_TO_BIN('1b1ee569-dd77-44fc-813b-be6e112f95d2'),UUID_TO_BIN('eabead8b-3cfb-450c-986d-19b6287d268d'),'Chortkiv','Чортків'), (UUID_TO_BIN('bd4e335f-d19d-4a0e-be78-fbafeb52c31b'),UUID_TO_BIN('d60771c8-d12a-4d15-9d56-b5155403c30f'),'Ukrainka','Українка'), (UUID_TO_BIN('f3f43767-1d6c-4049-be91-fda0e3112266'),UUID_TO_BIN('e7f02a79-3068-47c9-8036-1fe48fc3763c'),'Bilozerka','Білозерка'), (UUID_TO_BIN('cca138cd-741f-4fa2-91a8-cf0474834979'),UUID_TO_BIN('6512e5d8-1390-49f2-901f-b0a7bc05f736'),'Cherkaske','Черкаське'), (UUID_TO_BIN('d78e44f3-fc8d-4462-a51b-28ba30e027dc'),UUID_TO_BIN('a4b8bfe6-6dd5-4cc3-920e-a6ea180c7553'),'Hornostaivka','Горностаївка'), (UUID_TO_BIN('fc9ba941-49eb-48e7-83b7-f103e5e4654d'),UUID_TO_BIN('c310ff37-bb77-40fd-8d74-85cb67fe0880'),'Hrytsiv','Гриців'), (UUID_TO_BIN('6a24396a-3464-4717-9f71-ed08a71448ac'),UUID_TO_BIN('b77eeb50-67db-4444-a30b-e80e52acb3be'),'Zvenyhorodka','Звенигородка'), (UUID_TO_BIN('08ca873f-60a8-4e42-a86c-5770db1ba1ba'),UUID_TO_BIN('daea2d6f-35e5-498e-9257-519c2a82ba20'),'Cherniakhiv','Черняхів'), (UUID_TO_BIN('597055a1-0042-41b4-a608-43600f3a3d6b'),UUID_TO_BIN('a45d4e4d-964f-4f51-9028-93763d3c5daf'),'Chervonoznamianka','Червонознам\'янка'), (UUID_TO_BIN('b9a0e996-6688-4751-88fe-8d1821ea43ed'),UUID_TO_BIN('c4fb9676-a9e5-401c-be5f-fc9cdbe58368'),'Kherson','Херсон'), (UUID_TO_BIN('a22ab31f-895c-47c7-b55a-f0fcca7a8ac0'),UUID_TO_BIN('082de1d9-6567-410b-a909-c92e718d99aa'),'Vyshneve','Вишневе'), (UUID_TO_BIN('eb3b23d0-0a31-4b91-a0e1-0fa69f5c3f0c'),UUID_TO_BIN('d013cb1f-84a7-4502-af43-bf77066b98e2'),'Hora','Гора'), (UUID_TO_BIN('0e37d8f5-2aa7-4667-a13c-a19c8bb0392f'),UUID_TO_BIN('05b498a3-1ff0-4ba4-b900-cdc79cd084a6'),'Radyvyliv','Радивилів'), (UUID_TO_BIN('43727da2-2f97-4057-a1e0-4ca3eefd5604'),UUID_TO_BIN('375da1a2-91e9-4697-8562-43f76b4e50cf'),'Dubove','Дубове'), (UUID_TO_BIN('747cb279-89ca-41f4-9c26-eb79244c652a'),UUID_TO_BIN('812b5a15-d9d2-4946-a5bb-ea585834c69a'),'Krasnosilka','Красносілка'), (UUID_TO_BIN('b935e6a4-1661-4117-973d-efcdfba0ff54'),UUID_TO_BIN('84dd23bc-40bb-4d73-a7f9-cdf5254116f4'),'Vasyshcheve','Васищеве'), (UUID_TO_BIN('935cc182-21cb-4425-8b91-30627b898631'),UUID_TO_BIN('88f59b18-0bf1-47f5-ba75-9167c2107ad6'),'Ratne','Ратне'), (UUID_TO_BIN('57c30b31-f770-4023-af7f-37bd978ad8fd'),UUID_TO_BIN('8fcdbf02-3f7e-41ae-a3a8-16d27da3e89d'),'Hremiache','Грем\'яче'), (UUID_TO_BIN('bfed1c16-d6bb-46f8-aa4f-3e73a13a257f'),UUID_TO_BIN('7bf49d48-c1c1-4a79-afe7-345362573100'),'Hrymailiv','Гримайлів'), (UUID_TO_BIN('e8c33dc9-393e-4ff2-8537-566f4ff76496'),UUID_TO_BIN('5a005115-db9a-40ba-9240-b08f88daaa51'),'Verkhivtseve','Верхівцеве'), (UUID_TO_BIN('8527a28d-4288-4203-b5b9-90c6e94bbd8c'),UUID_TO_BIN('9d1e1454-dc6c-430f-8556-f9dc8ca2899c'),'Chynadiiovo','Чинадійово'), (UUID_TO_BIN('513e2c77-c1e4-430a-b2ef-3b8361cde8ed'),UUID_TO_BIN('d8852fbf-5826-4902-af08-8061ab1109bb'),'Korets','Корець'), (UUID_TO_BIN('ceadc2ce-3fec-43cd-8dec-356ef537d776'),UUID_TO_BIN('bb8c9136-c921-4bde-8209-eebaae5c645a'),'Smoline','Смоліне'), (UUID_TO_BIN('794f8d46-2661-43e0-b33d-2a64605727e7'),UUID_TO_BIN('e40fabe7-0eae-4f91-835e-00fd7f53e456'),'Yakymivka','Якимівка'), (UUID_TO_BIN('7f6fa71d-1d2d-4d0e-b4aa-88e9e433b1a8'),UUID_TO_BIN('7a7743c4-7452-4e5a-8b07-02fa6bcc9406'),'Borshchiv','Борщів'), (UUID_TO_BIN('e066bbf8-4683-46bc-82b5-5172f81e450c'),UUID_TO_BIN('c4fb9676-a9e5-401c-be5f-fc9cdbe58368'),'Enerhodar','Енергодар'), (UUID_TO_BIN('05e4e456-156b-4b5d-8cf1-48211317b1cf'),UUID_TO_BIN('7ca43f1d-b8bc-45e2-be80-cfdf97c7af4a'),'Kremenets','Кременець'), (UUID_TO_BIN('d013e0fa-6e8e-4f50-b704-742d1a3eb13d'),UUID_TO_BIN('c0f0be43-0e3f-47a2-8da5-f0ba1f1e1f79'),'Nova Ushytsia','Нова Ушиця'), (UUID_TO_BIN('d4d8638e-9fd4-4c46-9a07-33feb2f1a8d9'),UUID_TO_BIN('2dcca99a-38c8-417c-98a2-b001f610a301'),'Pervomaiskyi','Первомайський'), (UUID_TO_BIN('91b31649-92d0-4a93-a93d-a5ab15ba367e'),UUID_TO_BIN('cc0a51b6-7530-4782-b4c5-dbb3450b0139'),'Bohdanivka','Богданівка'), (UUID_TO_BIN('49b966b8-a3f8-4ac5-bec8-b13aad8d529c'),UUID_TO_BIN('c9771ece-e643-41bb-b880-b878ba378053'),'Stanitsia Luganska,line Piata,building 4,Housing A','Станиця Луганська,лінія П\'ята,building 4,Housing А'), (UUID_TO_BIN('c176a05a-9070-48c1-a939-6b42da9f323f'),UUID_TO_BIN('01100177-492b-46dc-a273-7046a1a2a3a0'),'Trostianets','Тростянець'), (UUID_TO_BIN('59b8ca4a-03a2-4c40-b164-f148737112e3'),UUID_TO_BIN('ffb76b87-5063-49a9-8a1d-cb25a48325f8'),'Chutove','Чутове'), (UUID_TO_BIN('15ab57b2-3667-4a31-928b-cb729448f863'),UUID_TO_BIN('082de1d9-6567-410b-a909-c92e718d99aa'),'Lisnyky','Лісники'), (UUID_TO_BIN('a66de77e-51b0-4383-9f57-69b0325a5337'),UUID_TO_BIN('c5d963a9-b0ae-4d28-870b-b7e86038be3c'),'Nikopol','Нікополь'), (UUID_TO_BIN('dcbf00be-0958-4f4c-8956-566a5d370bf2'),UUID_TO_BIN('ea22e60f-5297-4f1a-875c-5bb93005aac9'),'Slavuta','Славута'), (UUID_TO_BIN('5732f9bf-481d-422d-baa1-2172c5c0e42e'),UUID_TO_BIN('c4fb9676-a9e5-401c-be5f-fc9cdbe58368'),'',''), (UUID_TO_BIN('1546a83e-c122-4564-87aa-e3e42f6eaeff'),UUID_TO_BIN('59f31319-84ec-4dc6-8c08-01a1d10e76fc'),'Voronovytsia','Вороновиця'), (UUID_TO_BIN('dadae125-63cd-4e65-a846-7771bd1b6d37'),UUID_TO_BIN('72da55c9-db1e-4910-bc0b-8afc524071d4'),'Nova Praha','Нова Прага'), (UUID_TO_BIN('5e212c04-1941-4252-bf20-5e1008a60b04'),UUID_TO_BIN('c4fb9676-a9e5-401c-be5f-fc9cdbe58368'),'Kharkiv,passage Sadovyi,building 16A','Харків,проїзд Садовий,building 16A'), (UUID_TO_BIN('79a36231-f9fa-4b9b-b86f-589929db1334'),UUID_TO_BIN('c4fb9676-a9e5-401c-be5f-fc9cdbe58368'),'Ivano-Frankivsk','Івано-Франківськ'), (UUID_TO_BIN('b378351a-c37c-4a6a-a5f5-73040ffa5053'),UUID_TO_BIN('0020f095-69db-4a22-a6fb-443e3e771e9a'),'Lozova','Лозова'), (UUID_TO_BIN('604c81ec-9c31-47d0-b4d4-be848f0807ee'),UUID_TO_BIN('59e22de8-848b-470f-a872-cde9f2d3e369'),'Koriukivka','Корюківка'), (UUID_TO_BIN('3c7d1b49-3a7f-4e57-beff-774c525e718c'),UUID_TO_BIN('4b8ffe1e-4ade-4a2c-98b2-5cbb961786ba'),'Borova','Борова'), (UUID_TO_BIN('88cd4877-eec8-49a3-9cc9-f21fd13fb129'),UUID_TO_BIN('6c1d2e77-e929-4fc7-b15f-52aba24d3263'),'Verbuvativka','Вербуватівка'), (UUID_TO_BIN('c181018c-aa6e-4a60-ab49-312d4d8be12f'),UUID_TO_BIN('c4fb9676-a9e5-401c-be5f-fc9cdbe58368'),'Odesa,road Liustdorfska,building 88','Одеса,дорога Люстдорфська,building 88'), (UUID_TO_BIN('ea9115f9-a984-46c7-9a8f-3d701353a5b8'),UUID_TO_BIN('13c97dac-4937-4353-a754-537ebd4f2770'),'Tetiiv','Тетіїв'), (UUID_TO_BIN('11b46b3d-7acc-4e55-b312-68fbf827bdd8'),UUID_TO_BIN('c4fb9676-a9e5-401c-be5f-fc9cdbe58368'),'Odesa,road Liustdorfska,building 55,Housing 2','Одеса,дорога Люстдорфська,building 55,Housing 2'), (UUID_TO_BIN('3aecfeb8-b7b5-4d6f-be7c-367f1ba59d4f'),UUID_TO_BIN('98bd8a44-879e-4537-a2e0-3167af68be6b'),'Murovani Kurylivtsi','Муровані Курилівці'), (UUID_TO_BIN('7f4083a0-68c0-4f08-8817-14d233340b2e'),UUID_TO_BIN('f1e61584-3a5f-4076-a773-dceb3ea05c15'),'Otyniia','Отинія'), (UUID_TO_BIN('b6cea242-09f8-4853-9a21-2c6f2e42fa98'),UUID_TO_BIN('216f8f5f-5610-4710-aeb6-e17d9bb63326'),'Sudova Vyshnia','Судова Вишня'), (UUID_TO_BIN('f1a5313b-5677-4d61-8fc8-1152b615976b'),UUID_TO_BIN('8d42c9db-e522-4cee-973a-5f1915fa42b1'),'Yemilchyne','Ємільчине'), (UUID_TO_BIN('fa4d7e3c-0af0-4ec9-ab4e-bbf09258e363'),UUID_TO_BIN('c4fb9676-a9e5-401c-be5f-fc9cdbe58368'),'Kharkiv,passage Stadionnyi,building 3','Харків,проїзд Стадіонний,building 3'), (UUID_TO_BIN('ed1d2a4b-c972-4270-acf9-dd69bfb43c3b'),UUID_TO_BIN('248603ea-9aef-44ba-be81-4363758fdd9f'),'Voiutychi','Воютичі'), (UUID_TO_BIN('2276c3cd-420d-43bc-ac26-3d9d706c1442'),UUID_TO_BIN('c9771ece-e643-41bb-b880-b878ba378053'),'Stanitsia Luganska','Станиця Луганська'), (UUID_TO_BIN('fd04ba35-bc7a-492b-868e-b24dd12a3132'),UUID_TO_BIN('375da1a2-91e9-4697-8562-43f76b4e50cf'),'Tiachiv','Тячів'), (UUID_TO_BIN('3d921e86-4d8a-499f-a083-7f01346a587a'),UUID_TO_BIN('33197c4c-b235-41be-b462-faf0f5a8b1cf'),'Kamianka-Buzka','Кам\'янка-Бузька'), (UUID_TO_BIN('c1d4f6a2-c12f-455d-87f6-b1e1e9c780fb'),UUID_TO_BIN('2e1fbf69-ce63-4e20-9c54-e005710bc30e'),'Lymanka,array Sovinion','Лиманка,масив Совіньйон'), (UUID_TO_BIN('e800d812-cd14-4edd-b7d4-651d62875467'),UUID_TO_BIN('72da55c9-db1e-4910-bc0b-8afc524071d4'),'Oleksandriia','Олександрія'), (UUID_TO_BIN('5fe3d971-330b-4ae5-9919-b8240546e23e'),UUID_TO_BIN('7bf49d48-c1c1-4a79-afe7-345362573100'),'Khorostkiv','Хоростків'), (UUID_TO_BIN('0de10213-82bd-4fd2-80d0-184e799d7278'),UUID_TO_BIN('0c3061ca-3b2c-4c4b-b5b0-7dd451039a23'),'Solotvyn','Солотвин'), (UUID_TO_BIN('0a977a54-9f69-4834-a0ec-4cc3d561bc93'),UUID_TO_BIN('599304ce-2707-4268-9c20-b9aee0f6e920'),'Sharhorod','Шаргород'), (UUID_TO_BIN('adb5ee52-daa2-406a-b7f6-73c3535282d9'),UUID_TO_BIN('961b3b16-e841-48ae-b01a-213d50dc2931'),'Kobleve','Коблеве'), (UUID_TO_BIN('e15edeac-ce10-4cca-8331-1bc1db5deea2'),UUID_TO_BIN('c4fb9676-a9e5-401c-be5f-fc9cdbe58368'),'Chernivtsi','Чернівці'), (UUID_TO_BIN('d0b1f8b2-4b52-4d72-b972-7f390eee313d'),UUID_TO_BIN('1ab944a3-dc63-4a20-8e41-14e015ea663b'),'Rakhiv','Рахів'), (UUID_TO_BIN('f7947f41-e92e-48fc-83b7-41442f225294'),UUID_TO_BIN('8a885387-b949-4680-94d3-59025de23de9'),'Yarmolyntsi','Ярмолинці'), (UUID_TO_BIN('8cfc7b38-7905-421a-8abe-3daf370f1d2d'),UUID_TO_BIN('c4fb9676-a9e5-401c-be5f-fc9cdbe58368'),'Myrnohrad,null Molodizhnyi,building 40a','Мирноград'), (UUID_TO_BIN('f25365cb-da26-441d-a888-cfdfc9d33aff'),UUID_TO_BIN('082de1d9-6567-410b-a909-c92e718d99aa'),'Khotiv','Хотів'), (UUID_TO_BIN('dd022799-1bc0-4960-b051-450c46a8878c'),UUID_TO_BIN('627f8fdc-ec1f-4442-8f38-ee4c4eac318a'),'Novhorod-Siverskyi','Новгород-Сіверський'), (UUID_TO_BIN('144559bf-05fa-40fe-9080-dfd907fd5396'),UUID_TO_BIN('795b17f6-48d8-4149-ae52-2aaddbdf59e7'),'Kuty','Кути'), (UUID_TO_BIN('aca3e5f2-253b-4243-8b76-8acab7219dc9'),UUID_TO_BIN('86867fa7-d4ef-4048-bed8-de7a07eb502c'),'Tokmak','Токмак'), (UUID_TO_BIN('f7a51e40-951b-4544-94d7-10bee6e4741a'),UUID_TO_BIN('b1da4d97-f38e-4afe-939f-307da663f7ca'),'Balta','Балта'), (UUID_TO_BIN('ea3e51b7-2362-4a94-b70d-08bb9594ec79'),UUID_TO_BIN('8c6f0765-f1ce-4ee6-a8bd-4646b777c326'),'Lokachi','Локачі'), (UUID_TO_BIN('9af7a5ad-fdbf-4b06-82d3-81bc6a7e97a5'),UUID_TO_BIN('c4fb9676-a9e5-401c-be5f-fc9cdbe58368'),'Rivne','Рівне'), (UUID_TO_BIN('f338e0ea-a077-40f4-9a83-d8d6bb55ee44'),UUID_TO_BIN('082de1d9-6567-410b-a909-c92e718d99aa'),'Kriukivshchyna','Крюківщина'), (UUID_TO_BIN('4a71a69b-1ced-4c9f-b0bd-6ef62bf93546'),UUID_TO_BIN('9caa5cfb-d69c-4303-84a3-edce0b5684e7'),'Velykyi Burluk','Великий Бурлук'), (UUID_TO_BIN('cc429ce4-e63d-4316-b4a6-e73a750946c7'),UUID_TO_BIN('68f31b2b-51fe-4a8d-8eff-e2e149aac11b'),'Chopovychi','Чоповичі'), (UUID_TO_BIN('592a50e2-3f60-4acc-ac23-87e3608e24ce'),UUID_TO_BIN('a62c61e0-993a-4126-9ef1-de0c8899793a'),'Boratyn','Боратин'), (UUID_TO_BIN('f15dddd3-258c-401b-b6db-158832e7d465'),UUID_TO_BIN('86c18899-b282-4fc4-849e-82231bef97c4'),'Lativka','Латівка'), (UUID_TO_BIN('b85c2b76-4e4c-4060-a74b-7c9e09708cf4'),UUID_TO_BIN('f2cbe5bc-ef64-498f-b6a1-7c798f6babe3'),'Sarata','Сарата'), (UUID_TO_BIN('2885751e-e223-4f28-8b95-866394849f13'),UUID_TO_BIN('7a7743c4-7452-4e5a-8b07-02fa6bcc9406'),'Melnytsia-Podilska','Мельниця-Подільська'), (UUID_TO_BIN('43f3e3a4-32cb-4292-8370-3d9116de81f8'),UUID_TO_BIN('dd955383-235b-4b77-a0e5-74da1abf7b4c'),'Lypovets','Липовець'), (UUID_TO_BIN('236021f4-406d-40ec-b1d5-2b15554f497d'),UUID_TO_BIN('ccca19f5-60db-4c38-a472-005af44765bd'),'Vilshanka','Вільшанка'), (UUID_TO_BIN('09563f5f-0a0e-4ef7-87e4-9e3581b172ec'),UUID_TO_BIN('dc68862b-8d96-43b8-8a2f-b6a4dc2d2a8e'),'Monastyryska','Монастириська'), (UUID_TO_BIN('24db99be-3ae3-4d16-8a17-a0349a9964cc'),UUID_TO_BIN('082de1d9-6567-410b-a909-c92e718d99aa'),'Boiarka','Боярка'), (UUID_TO_BIN('70773b69-b6c7-4cde-b709-a43eb22cb892'),UUID_TO_BIN('c4fb9676-a9e5-401c-be5f-fc9cdbe58368'),'Uman','Умань'), (UUID_TO_BIN('33ad6347-dd8a-49ed-a411-aa51557d0d49'),UUID_TO_BIN('082de1d9-6567-410b-a909-c92e718d99aa'),'Chaiky','Чайки'), (UUID_TO_BIN('9843da84-be7f-4c44-9401-060744623367'),UUID_TO_BIN('e8ab4e38-c5ae-4c12-9ab6-71fb438c2fed'),'Tarashcha','Тараща'), (UUID_TO_BIN('9ab6b716-e8f3-4ae8-abc3-4bde7f935b35'),UUID_TO_BIN('c4fb9676-a9e5-401c-be5f-fc9cdbe58368'),'Novohrad-Volynskyi','Новоград-Волинський'), (UUID_TO_BIN('28d448a3-e712-4c68-99ce-7c2ac09ad4d0'),UUID_TO_BIN('6512e5d8-1390-49f2-901f-b0a7bc05f736'),'Pereshchepyne','Перещепине'), (UUID_TO_BIN('2ae01d2b-69b0-4d28-8f1f-73839ba36dd6'),UUID_TO_BIN('83baa407-fcc7-4d3d-974a-91ff79f58931'),'Snihurivka','Снігурівка'), (UUID_TO_BIN('d9dcc82a-cd5b-4906-adec-6461aa9b5fe0'),UUID_TO_BIN('0eaddb70-2715-4449-9495-c17f305c8452'),'Dobrovelychkivka','Добровеличківка'), (UUID_TO_BIN('560affc7-8c2e-4b88-9fa3-19ab1a3ad793'),UUID_TO_BIN('9b67e2b5-4aae-4482-a8a2-ba0464da963d'),'Onufriivka','Онуфріївка'), (UUID_TO_BIN('003e7d0e-90f1-4949-b3fe-7322efaf0c46'),UUID_TO_BIN('143566f7-eb1f-453b-a4e3-84ff13e0286f'),'Luhyny','Лугини'), (UUID_TO_BIN('05897259-c630-43a5-8db9-784fe70c9e78'),UUID_TO_BIN('e91e971d-6fc4-499e-a9f7-5608edf9c4ae'),'Hadiach','Гадяч'), (UUID_TO_BIN('c2710d6c-7e24-4da0-9ebe-bc5e2bc3fce5'),UUID_TO_BIN('60ed3b0c-78be-4177-9bf9-eb3c37511c0b'),'Putyla','Путила'), (UUID_TO_BIN('b97ad640-3046-413b-96f6-1ecb930de56b'),UUID_TO_BIN('3b2a4576-f5a6-48e8-92cc-6b9725c93742'),'Reshetylivka','Решетилівка'), (UUID_TO_BIN('07fd6428-46b4-42a7-87f4-0bdfe30b7a42'),UUID_TO_BIN('e40fabe7-0eae-4f91-835e-00fd7f53e456'),'Kyrylivka','Кирилівка'), (UUID_TO_BIN('e974cf18-2c36-42f5-9e2b-13d4fa0c9ab6'),UUID_TO_BIN('0020f095-69db-4a22-a6fb-443e3e771e9a'),'Paniutyne','Панютине'), (UUID_TO_BIN('042d858b-1538-4217-a82d-52966c733c74'),UUID_TO_BIN('87091575-7c4b-45bc-ba86-db9d559f2882'),'Rozdilna','Роздільна'), (UUID_TO_BIN('4216e71c-9ada-4e43-b416-b82c6f8bf9ce'),UUID_TO_BIN('33019bd5-6596-4684-b2ce-62d89290428d'),'Kalynivka','Калинівка'), (UUID_TO_BIN('60a0a962-030c-4321-b48d-3fbbbbb17243'),UUID_TO_BIN('aa34cd32-7066-4830-a1bd-617220ff3494'),'Pishchane','Піщане'), (UUID_TO_BIN('1e2e828c-7885-4404-a5d3-2f8fb4194a14'),UUID_TO_BIN('5a005115-db9a-40ba-9240-b08f88daaa51'),'Dniprovske','Дніпровське'), (UUID_TO_BIN('ccbe33b0-96ab-49c4-9bc0-4aec5bf52aaa'),UUID_TO_BIN('4d2e6ed9-46bf-4b48-be8e-e95399dcde8a'),'Putyvl','Путивль'), (UUID_TO_BIN('6e7d82c8-6662-4680-8d75-c3a994e9aa7f'),UUID_TO_BIN('248603ea-9aef-44ba-be81-4363758fdd9f'),'Sambir','Самбір'), (UUID_TO_BIN('e9299552-bf90-401b-a35c-217271f7e6bb'),UUID_TO_BIN('2e1fbf69-ce63-4e20-9c54-e005710bc30e'),'Lymanka,array Veselkovyi,building 15,Housing 2','Лиманка,масив Веселковий,building 15,Housing 2'), (UUID_TO_BIN('01b1f09b-83eb-45d7-8271-53e2659bddad'),UUID_TO_BIN('8fcdbf02-3f7e-41ae-a3a8-16d27da3e89d'),'Kivertsi','Ківерці'), (UUID_TO_BIN('f2aea5f0-3a9d-499b-83b9-00e073f9da0b'),UUID_TO_BIN('c4fb9676-a9e5-401c-be5f-fc9cdbe58368'),'Marhanets','Марганець'), (UUID_TO_BIN('11010611-ce7b-471e-a803-b77b49ad2ac2'),UUID_TO_BIN('bb3e593d-1a38-4fbf-bacd-bd28e26de4fa'),'Kozelets','Козелець'), (UUID_TO_BIN('d6f65415-1af6-4a8e-848b-0fa3e333b535'),UUID_TO_BIN('f6e372d2-5d6d-4be5-8f0f-58fa8a699433'),'Milove','Мілове'), (UUID_TO_BIN('c3680739-f9ed-40a0-b7e1-f9fe20187fa4'),UUID_TO_BIN('1f6fc798-64f6-4094-8a20-931577a2e1c3'),'Velyka Dobron','Велика Добронь'), (UUID_TO_BIN('690b0774-1446-44f7-8b90-0406efce2950'),UUID_TO_BIN('c1e90feb-e2a2-46db-8658-a9d50fd0ef2e'),'Drohobych','Дрогобич'), (UUID_TO_BIN('09230d82-ebce-4970-97a4-fde8b4ccf006'),UUID_TO_BIN('c4fb9676-a9e5-401c-be5f-fc9cdbe58368'),'Dobropillia,microareaEn Molodizhnyi,building 27V','Добропілля'), (UUID_TO_BIN('2ae9ba0b-9d7c-4f4d-8da9-1815625bcd3f'),UUID_TO_BIN('1b7aa376-d8e2-4353-b1bf-c1996d636321'),'Svatove','Сватове'), (UUID_TO_BIN('765479a4-1930-46d3-a817-2bc8d786cfbf'),UUID_TO_BIN('1bb0d3d7-5879-4a51-9dc8-eee23c3bbbab'),'Doslidne','Дослідне'), (UUID_TO_BIN('cbd655e0-899c-4f7d-953e-74b5e3a0df06'),UUID_TO_BIN('c4fb9676-a9e5-401c-be5f-fc9cdbe58368'),'Irpin','Ірпінь'), (UUID_TO_BIN('52838779-1ad9-4aaf-b99a-ad2e54258710'),UUID_TO_BIN('a8f57e4f-1fd8-4249-be04-6d5e6a59074c'),'Dymer','Димер'), (UUID_TO_BIN('97af97a7-c1d7-44bf-9b14-3bd19c1121ca'),UUID_TO_BIN('11bffc91-701d-4505-9e7a-703749c0ad88'),'Klevan','Клевань'), (UUID_TO_BIN('6a5ac532-300d-46d5-bf10-eef32e836e63'),UUID_TO_BIN('216f8f5f-5610-4710-aeb6-e17d9bb63326'),'Mostyska','Мостиська'), (UUID_TO_BIN('f2efcdfe-9025-4e1c-8432-8140317e4465'),UUID_TO_BIN('84dd23bc-40bb-4d73-a7f9-cdf5254116f4'),'Rohan','Рогань'), (UUID_TO_BIN('b035ac3b-4024-4616-8285-ec78a66b3145'),UUID_TO_BIN('12194d82-9c44-4a84-addf-36575dcf0ca4'),'Shyriaieve','Ширяєве'), (UUID_TO_BIN('d551fa76-5ae8-48a3-95ed-2709f911cc20'),UUID_TO_BIN('c7964e90-1656-4fbd-9c0e-be75818cfa23'),'Popasna','Попасна'), (UUID_TO_BIN('a5e56023-19c5-49c9-9455-77435b8c2129'),UUID_TO_BIN('ccdfe8e1-c6b8-4de1-a2dd-d1abffe1fca3'),'Pustomyty','Пустомити'), (UUID_TO_BIN('0d873db0-ed22-4c56-be9a-de3a4fae4321'),UUID_TO_BIN('86ea3175-9603-4889-9fea-908a5b57d8cd'),'Novyi Buh','Новий Буг'), (UUID_TO_BIN('b3e145da-687f-486e-966b-348ec18a63e3'),UUID_TO_BIN('a62c61e0-993a-4126-9ef1-de0c8899793a'),'Boholiuby','Боголюби'), (UUID_TO_BIN('12c5c0be-4b16-4064-97b6-ee2ec336e7c6'),UUID_TO_BIN('16eab168-1a5c-429e-86df-230630cf67a9'),'Mashivka','Машівка'), (UUID_TO_BIN('be9711c3-c937-4e8f-9815-804616e53f2a'),UUID_TO_BIN('05b498a3-1ff0-4ba4-b900-cdc79cd084a6'),'Krupets','Крупець'), (UUID_TO_BIN('84bc5812-b061-4a1e-aef3-53a22a0c91e4'),UUID_TO_BIN('c4fb9676-a9e5-401c-be5f-fc9cdbe58368'),'Selydove','Селидове'), (UUID_TO_BIN('73dc3d8c-306c-4282-a7a1-dcfd131f2a31'),UUID_TO_BIN('a6333b83-eff2-4277-b4f1-6740ed02a72d'),'Solonytsivka','Солоницівка'), (UUID_TO_BIN('bf7c3f82-ca44-42e0-87f8-709f436bdeef'),UUID_TO_BIN('375da1a2-91e9-4697-8562-43f76b4e50cf'),'Ternovo','Терново'), (UUID_TO_BIN('682e9762-509b-4c46-8d0e-c09c55a26950'),UUID_TO_BIN('59f31319-84ec-4dc6-8c08-01a1d10e76fc'),'Stryzhavka','Стрижавка'), (UUID_TO_BIN('ad2ebc12-9388-42a2-8e48-c7f372553748'),UUID_TO_BIN('8be1b40e-9ab7-4b3c-b4e9-3432488182e3'),'Nova Maiachka','Нова Маячка'), (UUID_TO_BIN('c4ae5cc0-7370-4608-a0c3-92f69d8a0e22'),UUID_TO_BIN('11bffc91-701d-4505-9e7a-703749c0ad88'),'Kvasyliv','Квасилів'), (UUID_TO_BIN('378a3d07-4ab9-4865-8305-d8b54b32f318'),UUID_TO_BIN('c4fb9676-a9e5-401c-be5f-fc9cdbe58368'),'Myrnohrad,null Molodizhnyi,building 2/49','Мирноград'), (UUID_TO_BIN('592c9d91-d347-4936-9230-cb6976bdf4ff'),UUID_TO_BIN('87091575-7c4b-45bc-ba86-db9d559f2882'),'Kuchurhan','Кучурган'), (UUID_TO_BIN('5cc8d413-a47d-424d-a3c4-578e6c0dbc73'),UUID_TO_BIN('cdcbd031-c54f-4713-85dd-45c0eaaf59b5'),'Hlobyne','Глобине'), (UUID_TO_BIN('a9b5ab29-fc51-479c-960f-f80d191765d6'),UUID_TO_BIN('0dbda603-e2c5-4c6a-9788-abe125958495'),'Pidhaitsi','Підгайці'), (UUID_TO_BIN('c7350d2a-4da1-43ff-9720-88b7e06dbf8a'),UUID_TO_BIN('f1e61584-3a5f-4076-a773-dceb3ea05c15'),'Piadyky','П\'ядики'), (UUID_TO_BIN('388eab6e-2ff3-4b29-849f-8de8782d03e9'),UUID_TO_BIN('650f414d-ebf7-4664-8fbe-16d605769373'),'Biloziria','Білозір\'я'), (UUID_TO_BIN('f9aa2c95-d700-4b89-a2f7-b5a3b95f9248'),UUID_TO_BIN('f1e61584-3a5f-4076-a773-dceb3ea05c15'),'Nyzhnii Verbizh','Нижній Вербіж'), (UUID_TO_BIN('25b43ead-55bf-4335-b9e2-84d903133278'),UUID_TO_BIN('6c1d2e77-e929-4fc7-b15f-52aba24d3263'),'Yurivka','Юр\'ївка'), (UUID_TO_BIN('6a74930a-cb47-49bf-939e-0b5c8646512b'),UUID_TO_BIN('84d97fd8-63aa-4d1c-8c1a-fa9aec267113'),'Horodyshche','Городище'), (UUID_TO_BIN('2f290d19-b67a-4885-a8be-48d1ce7288f1'),UUID_TO_BIN('375da1a2-91e9-4697-8562-43f76b4e50cf'),'Kalyny','Калини'), (UUID_TO_BIN('be5b4edd-0f0a-4b25-b664-a85236b88af1'),UUID_TO_BIN('c4fb9676-a9e5-401c-be5f-fc9cdbe58368'),'Kharkiv,alley Zhasminovii,building 14','Харків,алея Жасминовий,building 14'), (UUID_TO_BIN('546dc67e-baf3-4204-b57c-040be36243d8'),UUID_TO_BIN('42a73b8c-1434-4387-9731-ef9768fbce52'),'Plysky','Плиски'), (UUID_TO_BIN('6194ad9a-5afd-4864-8628-fcc750bd2dfc'),UUID_TO_BIN('58faf3fe-79f8-4a92-b0dc-9a746ba057c4'),'Kozelshchyna','Козельщина'), (UUID_TO_BIN('03c401c9-f794-455f-a89f-aa18594a3ed3'),UUID_TO_BIN('812b5a15-d9d2-4946-a5bb-ea585834c69a'),'Chornomorske','Чорноморське'), (UUID_TO_BIN('2691f030-bd66-4498-abc3-a278a64e9971'),UUID_TO_BIN('69b078e0-556b-491c-9fc8-690b4f4495f0'),'Bohodukhiv','Богодухів'), (UUID_TO_BIN('67a8885b-8a6e-4bdb-a57e-d5f317ec851e'),UUID_TO_BIN('101eceba-f202-44f9-8e33-dc5f238760d9'),'Ripky','Ріпки'), (UUID_TO_BIN('377077be-04ae-483b-9d94-62c2c21f3aba'),UUID_TO_BIN('d36b8dae-fe8e-4d4f-a228-0337c4de0e09'),'Klesiv','Клесів'), (UUID_TO_BIN('f67f7657-0267-4e69-b0c3-498c720a8437'),UUID_TO_BIN('1bb0d3d7-5879-4a51-9dc8-eee23c3bbbab'),'Chumaky','Чумаки'), (UUID_TO_BIN('cfa1cb3f-27fe-4bb8-9dcd-770c94ae62f5'),UUID_TO_BIN('b65040f3-faf0-44ac-8f3c-45c880cbc878'),'Nizhyn','Ніжин'), (UUID_TO_BIN('ab6f5a64-d696-465a-83e0-f4b75308f8d0'),UUID_TO_BIN('2e1fbf69-ce63-4e20-9c54-e005710bc30e'),'Avanhard,array 10,building 206','Авангард,масив 10,building 206'), (UUID_TO_BIN('87d9ac10-e6a9-4682-83a5-80d916f17406'),UUID_TO_BIN('028681b3-ff35-4e2a-9564-4f5722519825'),'Sataniv','Сатанів'), (UUID_TO_BIN('f13f40f1-fdcd-4f9e-9f62-83c1cc4ae7d0'),UUID_TO_BIN('2e1fbf69-ce63-4e20-9c54-e005710bc30e'),'Avanhard','Авангард'), (UUID_TO_BIN('2b5bb8be-a748-4d6a-a472-33b99f53c983'),UUID_TO_BIN('ae3f5b7b-0252-430f-a7e6-00412a9cf800'),'Dolyna','Долина'), (UUID_TO_BIN('2549a15a-0693-4630-8316-1186add83794'),UUID_TO_BIN('f5d458d1-7af2-42fd-8f00-97cc903eff5c'),'Nyzhni Sirohozy','Нижні Сірогози'), (UUID_TO_BIN('2474f34f-2411-49f8-888f-da7b0429c59d'),UUID_TO_BIN('54e34273-13e8-4a29-babc-b4a4194fd290'),'Sokyriany','Сокиряни'), (UUID_TO_BIN('c1d54458-de78-49f3-86d7-ea345efec4b4'),UUID_TO_BIN('3d986888-3032-430a-b0e7-792bfe88045f'),'Illintsi','Іллінці'), (UUID_TO_BIN('b69c6a81-4e56-4b16-8ebd-be3d5331cbca'),UUID_TO_BIN('4deb3f62-4285-4113-b4f9-e609224048d0'),'Vradiivka','Врадіївка'), (UUID_TO_BIN('6b0849a9-3e78-4aa2-b0be-066d40694d68'),UUID_TO_BIN('90307483-740b-4e0a-aad0-c15ac656b8fd'),'Voznesensk','Вознесенськ'), (UUID_TO_BIN('37520efb-4bcc-4912-beb6-05b55e411795'),UUID_TO_BIN('aabb8917-4f45-4760-a97b-a0aa498df781'),'Perehinske','Перегінське'), (UUID_TO_BIN('807e7bba-f03f-4120-a60e-bffc7eeb37c6'),UUID_TO_BIN('69af70e0-28be-4f80-bd90-13919fc50aa6'),'Rokytne','Рокитне'), (UUID_TO_BIN('fc2547fb-2821-49c1-962d-5534f91588e2'),UUID_TO_BIN('e7f02a79-3068-47c9-8036-1fe48fc3763c'),'Chornobaivka','Чорнобаївка'), (UUID_TO_BIN('a1c21416-92c4-44db-a311-879da583852f'),UUID_TO_BIN('b2f02d20-5167-49e7-9c6c-cbacceca4385'),'Solone','Солоне'), (UUID_TO_BIN('dc7c5195-eac8-47ef-ad30-45f2df156575'),UUID_TO_BIN('8671215c-49c9-47c7-b2a0-abe46509ddd6'),'Rava-Ruska','Рава-Руська'), (UUID_TO_BIN('43c9ffa6-9fb1-4163-a21a-d35657810e6a'),UUID_TO_BIN('2e1fbf69-ce63-4e20-9c54-e005710bc30e'),'Prylymanske','Прилиманське'), (UUID_TO_BIN('b5b04923-e082-47b3-94c1-162f3d455f53'),UUID_TO_BIN('1bb0d3d7-5879-4a51-9dc8-eee23c3bbbab'),'Sursko-Lytovske','Сурсько-Литовське'), (UUID_TO_BIN('d2ae3ba0-0e38-4d28-8d8c-102428334e7e'),UUID_TO_BIN('c4fb9676-a9e5-401c-be5f-fc9cdbe58368'),'Vatutine','Ватутіне'), (UUID_TO_BIN('9653df87-8db6-4fc8-9836-370f80e9bbbc'),UUID_TO_BIN('5bfa5082-ced1-4d12-a094-5ea010c36200'),'Rikove','Рикове'), (UUID_TO_BIN('963d315b-b67a-47f7-91f0-fde0221f6ef7'),UUID_TO_BIN('c4fb9676-a9e5-401c-be5f-fc9cdbe58368'),'Slavutych','Славутич'), (UUID_TO_BIN('47d166d3-1474-47ee-b32a-fcd09e7ffc30'),UUID_TO_BIN('b56d5172-3bd0-45b4-a1db-b51131ecd8de'),'Kobeliaky','Кобеляки'), (UUID_TO_BIN('a26c64f5-11d8-4b30-a165-6b325361e298'),UUID_TO_BIN('66740b23-e2d6-40ad-8310-fa9172a50a79'),'Podilsk','Подільськ'), (UUID_TO_BIN('31c7ce64-165d-4711-b17d-f3a7723d9076'),UUID_TO_BIN('375da1a2-91e9-4697-8562-43f76b4e50cf'),'Bedevlia','Бедевля'), (UUID_TO_BIN('efe67558-e771-483d-a450-4114a36b06ca'),UUID_TO_BIN('b5001573-e16c-4584-ada2-939e0cf2455d'),'Novi Sanzhary','Нові Санжари'), (UUID_TO_BIN('f824274a-a303-41f1-b6f4-d46f6b499e6f'),UUID_TO_BIN('35b011f7-fee6-4561-a1bc-e87a3ee0345e'),'Balakleia','Балаклея'), (UUID_TO_BIN('1ea31969-f65a-4380-8167-074ed0427a42'),UUID_TO_BIN('f1a49665-7c9e-46ac-8472-67d95370e279'),'Bilosaraiska kosa','Білосарайська коса'), (UUID_TO_BIN('8abcd46d-3cd4-4ded-9f27-7797997fcf54'),UUID_TO_BIN('795b17f6-48d8-4149-ae52-2aaddbdf59e7'),'Yabluniv','Яблунів'), (UUID_TO_BIN('466b1dcd-fa1c-409f-bf3d-0acc557df735'),UUID_TO_BIN('e66cdc89-5f4e-4a1f-9c80-f25bc0aae6e2'),'Velyka Lepetykha','Велика Лепетиха'), (UUID_TO_BIN('22ada3da-c77f-41c3-b4e7-ba7165899925'),UUID_TO_BIN('9d1e1454-dc6c-430f-8556-f9dc8ca2899c'),'Mukacheve','Мукачево'), (UUID_TO_BIN('61ff8f2f-111d-477f-b61d-9fffd6a1489a'),UUID_TO_BIN('9d920aed-ba72-475b-a2ac-d210cc3714aa'),'Horshchyk','Горщик'), (UUID_TO_BIN('b83e0c3e-9883-449b-9c7d-fad846c6cada'),UUID_TO_BIN('bb8b3824-e387-497f-9bfd-0646c381f83a'),'Pohrebyshche','Погребище'), (UUID_TO_BIN('bd997d84-ac9e-41bc-b650-609e1bd48a65'),UUID_TO_BIN('b86ace09-e39e-4076-8bc7-ac5d3a3b4c22'),'Horokhiv','Горохів'), (UUID_TO_BIN('ea89e63a-0756-416f-bef6-f633b00b08b1'),UUID_TO_BIN('0789f694-4fd2-4e00-9ac3-c38b4c2ba91c'),'Rozhyshche','Рожище'), (UUID_TO_BIN('4d568a4c-fff0-4d69-b112-e7e6c93ca09a'),UUID_TO_BIN('3b7f7f3a-da34-4085-92c6-964bc8d2a63c'),'Chornobai','Чорнобай'), (UUID_TO_BIN('6a09fe44-5d9c-4541-a3a0-276b9a193920'),UUID_TO_BIN('8be1b40e-9ab7-4b3c-b4e9-3432488182e3'),'Oleshki','Олешки'), (UUID_TO_BIN('cb8cf1a8-cc49-4a01-86c0-bcf33d716755'),UUID_TO_BIN('7a6a5bf1-2741-4d32-b603-74ac21ab00ec'),'Polonne','Полонне'), (UUID_TO_BIN('a3836022-b2ea-4709-8e34-fbddcca9f27c'),UUID_TO_BIN('c900f1f5-cf4f-446a-8feb-e4ead6e1f518'),'Skole','Сколе'), (UUID_TO_BIN('0289888d-6a21-44ec-8902-430f713649d6'),UUID_TO_BIN('c4f3272f-6ba5-4815-9a79-fa8e1736480d'),'Rafalivka','Рафалівка'), (UUID_TO_BIN('926ed882-9344-4871-baf7-4d1225a7045d'),UUID_TO_BIN('e0c2bd41-6605-4e45-81bc-ab65ff4e268e'),'Novoukrainka','Новоукраїнка'), (UUID_TO_BIN('bf61e0bf-41ea-4590-a335-b3ea1ced343b'),UUID_TO_BIN('ea6de9bd-466b-4727-ab0d-ae0d8f10bf84'),'Shcherbani','Щербані'), (UUID_TO_BIN('c7be0b37-e76e-4b44-bd91-19bdec07d41c'),UUID_TO_BIN('bcdce52c-6129-4948-8acd-43b51ff3bc72'),'Hrushivka','Грушівка'), (UUID_TO_BIN('e8a2cfc3-a704-4f05-b9b2-468c12c45703'),UUID_TO_BIN('82d2044a-f0cd-4f95-833f-6e6844641394'),'Chemerivtsi','Чемерівці'), (UUID_TO_BIN('26646959-2bf4-4993-b89d-3796e8da02f9'),UUID_TO_BIN('a36ad68b-740f-451f-8e33-2a6f1685b9c0'),'Beryslav','Берислав'), (UUID_TO_BIN('d0bf3d24-de44-4928-984e-fd5ca6df42e1'),UUID_TO_BIN('82dfcd7f-e6f9-430a-8921-932b073883b8'),'Radovel','Радовель'), (UUID_TO_BIN('e6ecf871-05d3-471d-b7c9-de294c2d3c3c'),UUID_TO_BIN('70ee61d5-6331-4312-b153-c79b6be9afa6'),'Berezne','Березне'), (UUID_TO_BIN('888bccd2-6c0d-4197-8fc3-9c64ab1a004b'),UUID_TO_BIN('c796ee61-7884-49f6-8631-b65753e988cb'),'Hnivan','Гнівань'), (UUID_TO_BIN('57898ff4-978f-4b5e-9f43-0e6eaf705443'),UUID_TO_BIN('2e1fbf69-ce63-4e20-9c54-e005710bc30e'),'Karolino-Buhaz','Кароліно-Бугаз'), (UUID_TO_BIN('bfec50e3-4430-4a46-9c1c-fbd8b25bfd65'),UUID_TO_BIN('b97357fe-4e2f-4630-a3c5-a67ddeda0ee0'),'Mykulyntsi','Микулинці'), (UUID_TO_BIN('cff01b1d-170d-4712-aafb-05ca53b1500f'),UUID_TO_BIN('8671215c-49c9-47c7-b2a0-abe46509ddd6'),'Zhovkva','Жовква'), (UUID_TO_BIN('8c143ae1-7372-461a-b480-f260f2a983eb'),UUID_TO_BIN('798abf85-f88c-41c9-8083-22252f24cb94'),'Mahala','Магала'), (UUID_TO_BIN('c0a7c191-9cac-4ee6-b219-6bf9805e7ca9'),UUID_TO_BIN('375da1a2-91e9-4697-8562-43f76b4e50cf'),'Teresva','Тересва'), (UUID_TO_BIN('fee86452-c465-48bb-a07b-38338c7d7ed3'),UUID_TO_BIN('028681b3-ff35-4e2a-9564-4f5722519825'),'Horodok','Городок'), (UUID_TO_BIN('2a340550-731b-481f-856d-fefd4b2bc51d'),UUID_TO_BIN('2e1fbf69-ce63-4e20-9c54-e005710bc30e'),'Nova Dolyna','Нова Долина'), (UUID_TO_BIN('0baf07d3-b305-4533-aef8-645adca98489'),UUID_TO_BIN('c4fb9676-a9e5-401c-be5f-fc9cdbe58368'),'Odesa,road Liustdorfska,building 140,Housing 1','Одеса,дорога Люстдорфська,building 140,Housing 1'), (UUID_TO_BIN('6c65c098-e0dd-4742-bfc9-1ed21769fd45'),UUID_TO_BIN('1ab944a3-dc63-4a20-8e41-14e015ea663b'),'Velykyi Bychkiv','Великий Бичків'), (UUID_TO_BIN('e95ec6c7-9392-48f9-87db-26b0e8172563'),UUID_TO_BIN('84dd23bc-40bb-4d73-a7f9-cdf5254116f4'),'Bezliudivka','Безлюдівка'), (UUID_TO_BIN('6194e92d-ad76-4572-858e-5c53af2e1835'),UUID_TO_BIN('f60157d1-13d9-4074-9e5a-858c6d5f7369'),'Shostka','Шостка'), (UUID_TO_BIN('d107b785-41b5-47bd-b5cd-ce18e354895f'),UUID_TO_BIN('9d1e1454-dc6c-430f-8556-f9dc8ca2899c'),'Mukachevo','Мукачево'), (UUID_TO_BIN('30f53523-4069-44a3-a4dd-ec2d2c567fc8'),UUID_TO_BIN('60559ad7-b8fe-4196-aec6-f4703c2daf57'),'Petrykivka','Петриківка'), (UUID_TO_BIN('10ef17c7-9199-4985-b436-ea298a3b8a59'),UUID_TO_BIN('63692776-c0b2-4ad8-b389-ff5fcda352eb'),'Nikolske','Нікольське'), (UUID_TO_BIN('ce306410-52c2-42f8-9568-3b58009bc016'),UUID_TO_BIN('c4fb9676-a9e5-401c-be5f-fc9cdbe58368'),'Toretsk','Торецьк'), (UUID_TO_BIN('a9b28476-c2d3-4874-997a-f04c2c1f5a18'),UUID_TO_BIN('679e76d5-73a2-4ff4-9066-f7d53d0a10e5'),'Kamianka-Dniprovska','Кам\'янка-Дніпровська'), (UUID_TO_BIN('ef69d8e1-56c1-4158-be5a-c8d2b40e7964'),UUID_TO_BIN('d25d152c-688b-4382-be32-e0e0848cfe92'),'Liubar','Любар'), (UUID_TO_BIN('fe400856-98b9-4d4f-a3e0-fbb7f52912da'),UUID_TO_BIN('06f569b7-2651-4246-8cc6-0813a8a9c392'),'Hlyboka','Глибока'), (UUID_TO_BIN('6a3c67bf-b556-42cd-8bb9-cec245b2f253'),UUID_TO_BIN('70a42182-1338-42f7-be25-2e25eb249b56'),'Okhtyrka','Охтирка'), (UUID_TO_BIN('e51d21e6-8c63-4cc9-9ed1-1177ed6f7d9d'),UUID_TO_BIN('7ca43f1d-b8bc-45e2-be80-cfdf97c7af4a'),'Pochaiv','Почаїв'), (UUID_TO_BIN('4779d9e5-8d8b-4379-9bd0-913f8312f6a9'),UUID_TO_BIN('1ab944a3-dc63-4a20-8e41-14e015ea663b'),'Yasinia','Ясіня'), (UUID_TO_BIN('417d6dd4-a30d-42f8-af4e-f12f7e0a36ac'),UUID_TO_BIN('ed71c382-564c-41e9-9549-ad29101155af'),'Dvorichna','Дворічна'), (UUID_TO_BIN('bc555abd-87ed-4c45-8d66-3fe45685f850'),UUID_TO_BIN('8fcdbf02-3f7e-41ae-a3a8-16d27da3e89d'),'Olyka','Олика'), (UUID_TO_BIN('ebb6dc5b-46e8-4d04-ae75-65252849fc47'),UUID_TO_BIN('ea6de9bd-466b-4727-ab0d-ae0d8f10bf84'),'Sosnivka','Соснівка'), (UUID_TO_BIN('c3f9b5e4-3eb2-4acf-aa38-d2d5ac022b64'),UUID_TO_BIN('c4fb9676-a9e5-401c-be5f-fc9cdbe58368'),'Kakhovka','Каховка'), (UUID_TO_BIN('e323d653-f76f-4a45-ae05-0b978abb1084'),UUID_TO_BIN('8be1b40e-9ab7-4b3c-b4e9-3432488182e3'),'Radensk','Раденськ'), (UUID_TO_BIN('72200b9d-e49a-4683-99c6-c5a141c15e07'),UUID_TO_BIN('36e0b71c-1d69-47c8-8485-0b5a28429d9b'),'Nedoboivtsi','Недобоївці'), (UUID_TO_BIN('4ab851e3-6b6c-4762-acc9-1474d9387d33'),UUID_TO_BIN('bee780af-5306-4418-8795-41672b5fb873'),'Olhopil','Ольгопіль'), (UUID_TO_BIN('f476e242-3d11-49f9-b46f-582f323af807'),UUID_TO_BIN('2e1fbf69-ce63-4e20-9c54-e005710bc30e'),'Tairove','Таїрове'), (UUID_TO_BIN('2830dcc7-1924-4c11-abb8-06a53d328af4'),UUID_TO_BIN('c4fb9676-a9e5-401c-be5f-fc9cdbe58368'),'Odesa,road Fontanska,building 118,Housing 2','Одеса,дорога Фонтанська,building 118,Housing 2'), (UUID_TO_BIN('b2f19de9-4337-4c9d-962c-e922a3ae99fe'),UUID_TO_BIN('e87281d8-dd53-46dd-8876-d5b4465ed8c7'),'Blagovishchenske','Благовіщенське'), (UUID_TO_BIN('eb702aae-4f35-4ee6-928c-15e5cd008184'),UUID_TO_BIN('f7a2782d-4a87-4410-a7d8-93eb5147ff2a'),'Novoborysivka','Новоборисівка'), (UUID_TO_BIN('d12091d1-f8b0-4f1c-9abe-88b08c125bc4'),UUID_TO_BIN('375da1a2-91e9-4697-8562-43f76b4e50cf'),'Bushtyno','Буштино'), (UUID_TO_BIN('412b6e7d-530b-4572-b178-ab1a301f877b'),UUID_TO_BIN('390303d2-acf7-45f3-acd0-30b544fc2fab'),'Uzyn','Узин'), (UUID_TO_BIN('fdd3f8e1-a637-429b-ba31-787d437e7863'),UUID_TO_BIN('d25d152c-688b-4382-be32-e0e0848cfe92'),'Staryi Liubar','Старий Любар'), (UUID_TO_BIN('31399e2f-7c41-4926-af50-4b2358c79c4b'),UUID_TO_BIN('6afe56b7-7ad8-4a62-ba25-5dc46495b893'),'Svesa','Свеса'), (UUID_TO_BIN('740a3e9a-668a-4119-ad79-9e2c0e63578d'),UUID_TO_BIN('c4fb9676-a9e5-401c-be5f-fc9cdbe58368'),'Kharkiv,maidan Konstytutsii,building 2/2','Харків,майдан Конституції,building 2/2'), (UUID_TO_BIN('5d608e94-5e80-4f4d-b255-52b04b1bb98b'),UUID_TO_BIN('51352c76-e9e9-4634-90e3-890c8585a36f'),'Ivankiv','Іванків'), (UUID_TO_BIN('735e3df2-c44d-479d-bbf3-9c3892ab4830'),UUID_TO_BIN('248603ea-9aef-44ba-be81-4363758fdd9f'),'Rudky','Рудки'), (UUID_TO_BIN('03e447a5-39f8-4a94-a474-6cf98c7e6b6d'),UUID_TO_BIN('e72db989-3921-4db5-93ac-b67b919b1bce'),'Ilnytsia','Ільниця'), (UUID_TO_BIN('91797602-1a75-4f0e-ad1b-3a29124d09b2'),UUID_TO_BIN('bcd3415a-810c-48a8-abfb-a2dde9e97ee6'),'Novhorodka','Новгородка'), (UUID_TO_BIN('b8659d2d-c8ac-48c9-80c0-509216ae993e'),UUID_TO_BIN('2db15130-3de8-401b-afa0-bd408e3c2138'),'Zhmerynka','Жмеринка'), (UUID_TO_BIN('1d8d0849-2532-4d89-b5ed-acb5f0e6a908'),UUID_TO_BIN('1928eaff-7247-4e46-90ab-b5b91c63a160'),'Brovary','Бровари'), (UUID_TO_BIN('c5725fb2-c202-47b1-a4f8-b491b8205794'),UUID_TO_BIN('e07de180-2824-4ff8-a254-bdc51effee75'),'Klavdiievo-Tarasove','Клавдієво-Тарасове'), (UUID_TO_BIN('2507d116-d305-41c1-ba80-c6be638f2527'),UUID_TO_BIN('c4fb9676-a9e5-401c-be5f-fc9cdbe58368'),'Lysychansk,quarter Tsentralnyi,building 5A','Лисичанськ,квартал Центральний,building 5А'), (UUID_TO_BIN('995fe89c-5213-47da-ba1e-04e461ab1c4e'),UUID_TO_BIN('10caa9eb-eeeb-4dec-a6a9-b53349bc92bc'),'Berezhany','Бережани'), (UUID_TO_BIN('a11e5c41-9d87-43d1-ac90-9f5a1b4e215d'),UUID_TO_BIN('1497525d-9bb3-4a76-ba3d-995683f8cc5d'),'Cherniakhivka','Черняхівка'), (UUID_TO_BIN('772cdd98-ede9-4e8a-a849-6383d7724f43'),UUID_TO_BIN('f32d4abb-f018-41ea-abdb-008b615293ea'),'Viitivtsi','Війтівці'), (UUID_TO_BIN('fdb797f5-81f4-4993-be65-88f3f9f6ba79'),UUID_TO_BIN('c4fb9676-a9e5-401c-be5f-fc9cdbe58368'),'Chernivtsi,path Halytskyi,building 46zh','Чернівці,шлях Галицький,building 46ж'), (UUID_TO_BIN('298edd8a-43ea-46df-a719-84db9ae0fda8'),UUID_TO_BIN('c0f58525-7bd3-4fb4-8fa0-831689f8e79e'),'Lukiv','Луків'), (UUID_TO_BIN('7cb918bb-6b71-4079-a5d8-89189abb3d62'),UUID_TO_BIN('c4fb9676-a9e5-401c-be5f-fc9cdbe58368'),'Odesa,road Ovidiopilska,building 3v','Одеса,дорога Овідіопільська,building 3в'), (UUID_TO_BIN('7ff11a01-32a0-4562-94f7-86566bf81ea9'),UUID_TO_BIN('d9802706-544d-44d9-bb83-d4cb810264de'),'Liuboml','Любомль'), (UUID_TO_BIN('1c3cfd84-4250-420a-b143-037980872425'),UUID_TO_BIN('c4fb9676-a9e5-401c-be5f-fc9cdbe58368'),'Yaremche','Яремче'), (UUID_TO_BIN('4b50b487-a8b9-4c94-8aff-48b5f6c96979'),UUID_TO_BIN('111455b3-13ce-4e2f-bafb-073a6b47d8c3'),'Kelmentsi','Кельменці'), (UUID_TO_BIN('bcf10c8c-8177-4b1d-b6ce-0388e270081f'),UUID_TO_BIN('9d920aed-ba72-475b-a2ac-d210cc3714aa'),'Biloshitsi','Білошиці'), (UUID_TO_BIN('b6f536f6-4f4b-49c7-a58d-ab2918c6609c'),UUID_TO_BIN('ec614a0c-974f-4d48-b65b-cfcc219924f7'),'Kamianka','Кам\'янка'), (UUID_TO_BIN('0d32dbfc-6f67-4ba0-8377-81b60c6b5e6a'),UUID_TO_BIN('043b02fc-54db-40ff-9b80-1e2beee522f6'),'Tysmenytsia','Тисмениця'), (UUID_TO_BIN('56fe15ca-c547-46ec-979e-c41136326290'),UUID_TO_BIN('102c9885-dec0-41e5-b1dd-e255bbeb602f'),'Snovianka','Снов\'янка'), (UUID_TO_BIN('8779dcc7-6108-4b44-8556-82ec486db519'),UUID_TO_BIN('5dcb93f2-32c5-44c9-b5f1-de8f6079d3fd'),'Zbarazh','Збараж'), (UUID_TO_BIN('da9aa8c6-00bf-4d5d-b764-e76ab75b901b'),UUID_TO_BIN('650f414d-ebf7-4664-8fbe-16d605769373'),'Ruska Poliana','Руська Поляна'), (UUID_TO_BIN('76994e50-032a-4d0c-bd0b-733d01dda5ca'),UUID_TO_BIN('1497525d-9bb3-4a76-ba3d-995683f8cc5d'),'Velyka Severynka,not specified 44 Km Oleksandriiskoho Shose','Велика Северинка,н/в 44 Км Олександрійського highway'), (UUID_TO_BIN('38ae8155-9e51-4983-960b-83e7504736ba'),UUID_TO_BIN('798abf85-f88c-41c9-8083-22252f24cb94'),'Ridkivtsi','Рідківці'), (UUID_TO_BIN('202faf61-24cb-4824-9c9a-b1f20cf5ce4b'),UUID_TO_BIN('75a7219c-9b5e-4143-8e5d-a9cae8dda0ad'),'Hrebinka','Гребінка'), (UUID_TO_BIN('899dd2ec-0249-48fb-a9ab-31b113125135'),UUID_TO_BIN('c4fb9676-a9e5-401c-be5f-fc9cdbe58368'),'Odesa,road Mykolaivska,building 307/1','Одеса,дорога Миколаївська,building 307/1'), (UUID_TO_BIN('e6af14af-840d-493e-8ed2-6f617f7c635c'),UUID_TO_BIN('7aec5e27-41e3-45be-853d-4ab67978c043'),'Pidvolochysk','Підволочиськ'), (UUID_TO_BIN('27f13228-b970-4e8a-9c15-123406695422'),UUID_TO_BIN('c4fb9676-a9e5-401c-be5f-fc9cdbe58368'),'Truskavets','Трускавець'), (UUID_TO_BIN('d956dca1-ee76-42f2-a8d9-cc430d31be85'),UUID_TO_BIN('dd955383-235b-4b77-a0e5-74da1abf7b4c'),'Turbiv','Турбів'), (UUID_TO_BIN('175f5250-6456-4481-9b09-ce2e684cf796'),UUID_TO_BIN('b32823ab-c2ae-44c2-92eb-30768329ce34'),'Radomyshl','Радомишль'), (UUID_TO_BIN('7be5318a-6013-4411-b756-27dc49285a18'),UUID_TO_BIN('8355e882-9cc2-41c8-bf67-f5ba6b910768'),'Hlukhiv','Глухів'), (UUID_TO_BIN('fa9030f2-a096-4c56-9c16-750b3e136530'),UUID_TO_BIN('11677dde-a088-4547-bbdc-d4a2ac687bea'),'Savran','Саврань'), (UUID_TO_BIN('9c510095-7d38-4223-bf5f-13de73aebc53'),UUID_TO_BIN('cb73d661-5ac2-415b-800a-d348ff1d29de'),'Kaharlyk','Кагарлик'), (UUID_TO_BIN('826a9533-3dfa-4029-b28b-6098e4ed7430'),UUID_TO_BIN('71f3c3bb-5cf2-45ba-8f25-6060766976ff'),'Bashtanka','Баштанка'), (UUID_TO_BIN('ded7fa15-b15a-42ed-a258-dbbfb2bb8f0b'),UUID_TO_BIN('497d6be6-6457-43ad-be5e-1fb32760f6bc'),'Mena','Мена'), (UUID_TO_BIN('c600e656-4057-4970-a9e8-c9e0f595417d'),UUID_TO_BIN('b82dc8fb-065d-462f-9df3-9d8fddff51fc'),'Chornyi Ostriv','Чорний Острів'), (UUID_TO_BIN('9829e851-a60d-4fb9-ac1a-977cf2a4f642'),UUID_TO_BIN('da8f70db-52a3-4688-9dc0-f13537749c67'),'Berezivka','Березівка'), (UUID_TO_BIN('393b302d-e7fa-419e-97f6-c5479a6a8318'),UUID_TO_BIN('1a3bebdc-d7ce-4ec4-9002-3c014c089b30'),'Mahdalynivka','Магдалинівка'), (UUID_TO_BIN('7f48ba5e-04be-4ab2-877d-2fa960acf0d5'),UUID_TO_BIN('ac67607b-2075-41b2-a96f-cb0d43bb9a36'),'Prymorsk','Приморськ'), (UUID_TO_BIN('0307e03b-864b-47a1-8af7-785d08d61437'),UUID_TO_BIN('088205be-0d32-4609-a03c-b5acca1fac62'),'Sniatyn','Снятин'), (UUID_TO_BIN('dff6d346-8725-4052-955e-0e59ce0d5f5b'),UUID_TO_BIN('2e1fbf69-ce63-4e20-9c54-e005710bc30e'),'Velykodolynske','Великодолинське'), (UUID_TO_BIN('2c49c3ac-c6c5-406d-96a7-8a5a2c5e1a23'),UUID_TO_BIN('7767132f-240e-4dd0-a26d-9efb67996985'),'Slovechne','Словечне'), (UUID_TO_BIN('9a038db2-32ab-4402-ab1d-28d8daba00bd'),UUID_TO_BIN('6c6307ec-c341-4933-b528-618bbed2e7bf'),'Prosiana','Просяна'), (UUID_TO_BIN('4ca3b46d-3a82-4381-96b0-7725f245e286'),UUID_TO_BIN('d60771c8-d12a-4d15-9d56-b5155403c30f'),'Obukhiv','Обухів'), (UUID_TO_BIN('af4c662d-c775-4fcd-beb5-12dba3eeb2d1'),UUID_TO_BIN('598875e3-b2b5-4265-a44c-d9aa9f87515d'),'Bakhmach','Бахмач'), (UUID_TO_BIN('364e7e3e-a66f-4366-b0cc-2e68430d5b69'),UUID_TO_BIN('082de1d9-6567-410b-a909-c92e718d99aa'),'Tarasivka','Тарасівка'), (UUID_TO_BIN('85e80e49-addc-474d-977b-b8f81fbb52a9'),UUID_TO_BIN('1f6fc798-64f6-4094-8a20-931577a2e1c3'),'Serednie','Середнє'), (UUID_TO_BIN('089a9db8-0b50-4213-adcf-057251faa5ad'),UUID_TO_BIN('64ef2056-009a-4021-a5c6-5ddbd394738d'),'Narodychi','Народичі'), (UUID_TO_BIN('162af314-e3a3-407d-8241-0fc6cb3152ac'),UUID_TO_BIN('2d9c1876-b578-4284-b2ff-1c318d1bc9b5'),'Kotelva','Котельва'), (UUID_TO_BIN('b5aa2ab9-ea7e-46f5-9b37-e5bd4eb5014d'),UUID_TO_BIN('72a3ec83-e565-46a1-adf6-067707828d3c'),'Polohy','Пологи'), (UUID_TO_BIN('963a9e19-d360-4639-ae93-9e57592181cf'),UUID_TO_BIN('2e1fbf69-ce63-4e20-9c54-e005710bc30e'),'Lymanka,array Druzhnyi','Лиманка,масив Дружний'), (UUID_TO_BIN('a402c969-5274-4c5b-b9ae-1b2b3d3cb7d0'),UUID_TO_BIN('d60771c8-d12a-4d15-9d56-b5155403c30f'),'Kozyn','Козин'), (UUID_TO_BIN('7a6048f4-c1f7-47e0-ac23-ad5a6a99d31f'),UUID_TO_BIN('78b46626-ac2f-426b-9707-430e93345351'),'Sosnytsia','Сосниця'), (UUID_TO_BIN('d2b1e908-e894-4402-97e7-fa05d53189f2'),UUID_TO_BIN('c71e0c6c-8af9-4669-b8e1-a897ba614287'),'Hostomel','Гостомель'), (UUID_TO_BIN('cdb5e7a4-cbcf-4ef1-965e-7c7be538f78f'),UUID_TO_BIN('1bb0d3d7-5879-4a51-9dc8-eee23c3bbbab'),'Novooleksandrivka','Новоолександрівка'), (UUID_TO_BIN('b82e3977-b930-4b03-8569-109321878ab2'),UUID_TO_BIN('c4fb9676-a9e5-401c-be5f-fc9cdbe58368'),'Cherkasy','Черкаси'), (UUID_TO_BIN('93333177-be77-4454-9d49-4bb08e2204a7'),UUID_TO_BIN('b77eeb50-67db-4444-a30b-e80e52acb3be'),'Zvenyhorodka,building 74','Звенигородка,building 74'), (UUID_TO_BIN('736aed51-9728-40db-a881-725a5c377118'),UUID_TO_BIN('d36b8dae-fe8e-4d4f-a228-0337c4de0e09'),'Sarny','Сарни'), (UUID_TO_BIN('c6d50798-ca86-44f6-a531-62e540cfd11b'),UUID_TO_BIN('7e8a15c7-96c3-41ea-8f49-29d1c8204c6b'),'Stari Babany','Старі Бабани'), (UUID_TO_BIN('6011cd73-c924-45e7-a488-96f55842ebf0'),UUID_TO_BIN('84dd23bc-40bb-4d73-a7f9-cdf5254116f4'),'Vysokyi','Високий'), (UUID_TO_BIN('86962463-d0e2-46a4-90df-241beafa980c'),UUID_TO_BIN('17e90e27-3c5d-4574-b2de-f2083accf414'),'Hertsa','Герца'), (UUID_TO_BIN('e9a28b2c-76f5-4dcf-be27-abc2eb73c576'),UUID_TO_BIN('812b5a15-d9d2-4946-a5bb-ea585834c69a'),'Fontanka','Фонтанка'), (UUID_TO_BIN('d0120882-b306-4398-8577-e26c7d74c215'),UUID_TO_BIN('3d44a3bb-ee48-4f91-8e2c-467f980279b3'),'Lazurne','Лазурне'), (UUID_TO_BIN('b0c710a5-adba-4fc3-94eb-9f25d927d20b'),UUID_TO_BIN('635e940e-56a6-41f9-88b0-666743201eb0'),'Reni','Рені'), (UUID_TO_BIN('1b312f2f-b26f-46f3-9c20-1a0b7aa6cb57'),UUID_TO_BIN('ea6de9bd-466b-4727-ab0d-ae0d8f10bf84'),'Rozsoshentsi','Розсошенці'), (UUID_TO_BIN('b9801950-d0dc-4ee8-8124-62cf1afeae48'),UUID_TO_BIN('3e6adeaa-34e0-441a-a1ef-6ac70f52e962'),'Lanchyn','Ланчин'), (UUID_TO_BIN('93cdabd9-67f7-49aa-aa0e-3674bb5c45ce'),UUID_TO_BIN('e72db989-3921-4db5-93ac-b67b919b1bce'),'Dovhe','Довге'), (UUID_TO_BIN('9a5b5c1c-35c8-45f5-a821-c8be9ddbf84e'),UUID_TO_BIN('161fa7c8-74c8-414c-91af-3c3ed7307fc4'),'Dubrovytsia','Дубровиця'), (UUID_TO_BIN('3e2f2b85-b381-4d60-b682-4b4bc60c4d0c'),UUID_TO_BIN('4690a640-1d82-40b5-ad0e-2cf006402eeb'),'Chornukhy','Чорнухи'), (UUID_TO_BIN('c9df50e6-fe72-448d-8e2e-fe33f80a1b75'),UUID_TO_BIN('c4fb9676-a9e5-401c-be5f-fc9cdbe58368'),'Korosten','Коростень'), (UUID_TO_BIN('136b36f1-cfe2-4cf1-96f0-dd0aef942d09'),UUID_TO_BIN('baa28cac-4317-489d-bc4e-9c7a6727f2a4'),'Svitlovodsk','Світловодськ'), (UUID_TO_BIN('1fd1c752-9c88-4060-a62d-b231ab179faf'),UUID_TO_BIN('cdc9a5b2-9aea-4611-86f5-7827557ff4d9'),'Tovste','Товсте'), (UUID_TO_BIN('8c9996b8-8e02-4be3-a0c2-811ec5a834e6'),UUID_TO_BIN('7b790d1c-4712-407e-bba5-81fa56ca9750'),'Romny','Ромни'), (UUID_TO_BIN('85efa955-07ad-44ec-9302-85f7d563c731'),UUID_TO_BIN('c4fb9676-a9e5-401c-be5f-fc9cdbe58368'),'Novodnistrovsk,quarter 4-i,building 27','Новодністровськ,квартал 4-й,building 27'), (UUID_TO_BIN('e798fd99-0472-425c-a496-ce9161f450b8'),UUID_TO_BIN('144ecc18-4283-4555-8e27-cc48d31022a6'),'Haisyn','Гайсин'), (UUID_TO_BIN('524d57b5-9827-47b7-b7f6-084528724029'),UUID_TO_BIN('1a3bebdc-d7ce-4ec4-9002-3c014c089b30'),'Kotovka','Котовка'), (UUID_TO_BIN('61062ec1-f37c-4ee9-9ece-1d721da66c53'),UUID_TO_BIN('b7b55a87-22e4-482e-8eda-9ffb8438eafc'),'Vysokopillia','Високопілля'), (UUID_TO_BIN('254f4589-0db6-4705-ad7d-644f39f4048b'),UUID_TO_BIN('0184cc02-332b-4402-9d96-8235030387c2'),'Vashkivtsi','Вашківці'), (UUID_TO_BIN('d45e064f-a715-4dae-b74c-81f25057f462'),UUID_TO_BIN('a16369ff-c43c-41d5-8f13-93c2eb25fd5e'),'Verkhovyna','Верховина'), (UUID_TO_BIN('73adb8d0-c243-40b8-ae88-fa449d854c0b'),UUID_TO_BIN('61c39003-06a7-4cf5-a3c4-7e34be2a48b4'),'Serhiivka','Сергіївка'), (UUID_TO_BIN('6469502f-50b2-4cb8-849a-be6dbcb30658'),UUID_TO_BIN('0d287b1c-1ca0-452a-adfc-8355c22a4c66'),'Nova Zburivka','Нова Збур\'ївка'), (UUID_TO_BIN('e2f218b7-81e2-4350-952b-6d82f8d85a56'),UUID_TO_BIN('cbb4064b-be68-47e8-bf05-bd337720f5a1'),'Marinka','Мар\'їнка'), (UUID_TO_BIN('303b78a9-92b6-481b-9749-9e30b1a1ff24'),UUID_TO_BIN('d87dcabc-ac68-46a5-ace5-ecceb718c801'),'Novomyrhorod','Новомиргород'), (UUID_TO_BIN('3c002c41-b66a-4513-94b5-a2524a983d5d'),UUID_TO_BIN('0c4a6c6c-c13a-4b64-80c0-0c5020105fe1'),'Prymorske,shore Chornogo moria,building 1','Приморське,берег Чорного моря,building 1'), (UUID_TO_BIN('8d6d9b00-d851-4214-a880-0642ddec9a02'),UUID_TO_BIN('6ecb25dd-7281-448e-be06-2fe2236f2313'),'Orzhytsia','Оржиця'), (UUID_TO_BIN('4ab975cc-0120-44cd-8ef6-9b4cddbaa43e'),UUID_TO_BIN('c4fb9676-a9e5-401c-be5f-fc9cdbe58368'),'Teplodar','Теплодар'), (UUID_TO_BIN('b096b8e7-bcde-4cfe-9ba8-859e8ee1cbff'),UUID_TO_BIN('0da6327f-3795-45d7-b7a3-0d58c6b6efd1'),'Pobuzke','Побузьке'), (UUID_TO_BIN('dfbf5078-6fb3-4cb7-b999-47ef17a56cf1'),UUID_TO_BIN('7c7c4e9a-3afe-4f51-b28d-9763e00a0cf4'),'Novotroitske','Новотроїцьке'), (UUID_TO_BIN('abbf83de-9610-4f43-bb45-42ece21c1eed'),UUID_TO_BIN('5bfa5082-ced1-4d12-a094-5ea010c36200'),'Shchaslyvtseve','Щасливцеве'), (UUID_TO_BIN('c38e17eb-34c9-4b02-89ca-220f391cde44'),UUID_TO_BIN('2f521fd7-90c1-4014-8aec-8c85e62eb0f1'),'Shypyntsi','Шипинці'), (UUID_TO_BIN('ec6f4dbf-1b93-4b38-997e-7b4be2d46c6e'),UUID_TO_BIN('c9539a91-a0c0-42f2-b945-96e25fae0020'),'Kamianets-Podilskyi','Кам\'янець-Подільський'), (UUID_TO_BIN('a623577d-f787-4759-a368-af53cc38e958'),UUID_TO_BIN('c1e90feb-e2a2-46db-8658-a9d50fd0ef2e'),'Medenychi','Меденичі'), (UUID_TO_BIN('d1ead6b6-6c8d-405a-86b2-0b1a56ec62ce'),UUID_TO_BIN('ccdfe8e1-c6b8-4de1-a2dd-d1abffe1fca3'),'Solonka','Солонка'), (UUID_TO_BIN('e952a2e2-a6a5-44b8-b92a-26ad500e0525'),UUID_TO_BIN('bcdce52c-6129-4948-8acd-43b51ff3bc72'),'Pervomaisk','Первомайськ'), (UUID_TO_BIN('f315ef25-0d43-425b-8878-2e71f56ecb02'),UUID_TO_BIN('c4fb9676-a9e5-401c-be5f-fc9cdbe58368'),'Pokrovsk','Покровськ'), (UUID_TO_BIN('73c8fc02-b296-4dee-946d-c6b7a66b87a9'),UUID_TO_BIN('61c39003-06a7-4cf5-a3c4-7e34be2a48b4'),'Shabo','Шабо'), (UUID_TO_BIN('bb152758-78b1-4b86-bbae-5f22bac27e90'),UUID_TO_BIN('92105456-8100-4b7a-b9d6-e54defa4d099'),'Dolynska','Долинська'), (UUID_TO_BIN('9638f422-2f0d-4245-975b-026881815149'),UUID_TO_BIN('c4fb9676-a9e5-401c-be5f-fc9cdbe58368'),'Dnipro,prospect Bohdana Khmelnytskoho,building 16','Дніпро'), (UUID_TO_BIN('9dc4b2fc-69b4-4f70-9da4-86532681a2cc'),UUID_TO_BIN('390303d2-acf7-45f3-acd0-30b544fc2fab'),'Bila Tserkva','Біла Церква'), (UUID_TO_BIN('00cb6f24-676f-4d74-9662-42a6e4be284b'),UUID_TO_BIN('6512e5d8-1390-49f2-901f-b0a7bc05f736'),'Znamenivka','Знаменівка'), (UUID_TO_BIN('9314f516-a630-456b-bbde-5523d18b5519'),UUID_TO_BIN('6512e5d8-1390-49f2-901f-b0a7bc05f736'),'Novomoskovsk','Новомосковськ'), (UUID_TO_BIN('57b7d3ef-ce44-4ac5-99c4-8c667f035297'),UUID_TO_BIN('c4fb9676-a9e5-401c-be5f-fc9cdbe58368'),'Lysychansk,quarter Tsentralnyi,building 3','Лисичанськ,квартал Центральний,building 3'), (UUID_TO_BIN('37a5780b-0d6c-4ab8-a766-f2433133600d'),UUID_TO_BIN('d013cb1f-84a7-4502-af43-bf77066b98e2'),'Prolisky','Проліски'), (UUID_TO_BIN('f5a67f55-b6c8-48a8-b6bf-ed0b30263bba'),UUID_TO_BIN('4415c390-7417-45ae-9915-8104c1b72459'),'Novoiavorivsk','Новояворівськ'), (UUID_TO_BIN('1e93a9c1-ff05-4977-8167-3fbac161be66'),UUID_TO_BIN('2f521fd7-90c1-4014-8aec-8c85e62eb0f1'),'Mamaivtsi','Мамаївці'), (UUID_TO_BIN('f5e90955-16b6-4384-b2c4-1f9e0edcec4c'),UUID_TO_BIN('d25d152c-688b-4382-be32-e0e0848cfe92'),'Hromada','Громада'), (UUID_TO_BIN('03a44163-8ef7-407f-93aa-6877b34a1ec1'),UUID_TO_BIN('403d5d02-edc0-43ac-8039-e2b7f85e3518'),'Helmiaziv','Гельмязів'), (UUID_TO_BIN('a80a1d2c-cd07-419d-b469-5f9ddffefcf0'),UUID_TO_BIN('4a100997-5f0f-4dfb-a6df-36ad2ca1220b'),'Pulini','Пулини'), (UUID_TO_BIN('0251c67c-bebd-480c-89ed-7cbec9f5182b'),UUID_TO_BIN('0ffe5611-4c01-42d8-b7f5-50322267ef23'),'Kolomak','Коломак'), (UUID_TO_BIN('a312abb7-605a-4ccc-9b38-044536088580'),UUID_TO_BIN('dc2f6abb-1342-441c-be88-2c94a67098d5'),'Ichnia','Ічня'), (UUID_TO_BIN('686fd55b-cec3-43e5-b90c-cd17eb35b528'),UUID_TO_BIN('cb101250-8108-4e1e-9d92-bec47a7ef246'),'Stanyshivka','Станишівка'), (UUID_TO_BIN('9076302b-76b5-4357-a166-b7df6f2aa658'),UUID_TO_BIN('375da1a2-91e9-4697-8562-43f76b4e50cf'),'Uhlia','Угля'), (UUID_TO_BIN('602e465e-4ba6-4108-bb26-3d02cafea9f3'),UUID_TO_BIN('102c9885-dec0-41e5-b1dd-e255bbeb602f'),'Novyi Bilous,array Zelenii1,building 1','Новий Білоус,масив Зелений1,building 1'), (UUID_TO_BIN('5255ad33-4bc8-4ee6-9817-cf4d03eafab6'),UUID_TO_BIN('7c7c4e9a-3afe-4f51-b28d-9763e00a0cf4'),'Volnovakha','Волноваха'), (UUID_TO_BIN('317b996f-a4f2-46a8-a3bb-5bf9b3201a57'),UUID_TO_BIN('1bb0d3d7-5879-4a51-9dc8-eee23c3bbbab'),'Slobozhanske','Слобожанське'), (UUID_TO_BIN('73aa77f3-083b-4eb8-9998-f724d3b00552'),UUID_TO_BIN('1024b1c2-a3d0-4671-93d6-1a44922558f6'),'Nova Vodolaha','Нова Водолага'), (UUID_TO_BIN('ed704517-1798-433f-a8fe-ab6e4ab2dd52'),UUID_TO_BIN('31c9daf3-4cc5-44e1-8a18-b812861dd11b'),'Sofiivka','Софіївка'), (UUID_TO_BIN('f332e0e4-98f0-4e28-8c29-9b1b7da01c5d'),UUID_TO_BIN('36991732-e888-4176-b54d-0ecc7091a946'),'Troitske','Троїцьке'), (UUID_TO_BIN('486ee20e-a983-48b7-ba00-c26a474ddec1'),UUID_TO_BIN('86c18899-b282-4fc4-849e-82231bef97c4'),'Maiaky','Маяки'), (UUID_TO_BIN('a3f8193c-8bf9-43ac-ab4c-325dbe3a861f'),UUID_TO_BIN('497d6be6-6457-43ad-be5e-1fb32760f6bc'),'Berezna','Березна'), (UUID_TO_BIN('3e4a3497-1c15-47c4-bd91-7f4c6e0c1c2c'),UUID_TO_BIN('1a710854-cffd-49b2-b53b-cec03ff1d627'),'Zmiiv','Зміїв'), (UUID_TO_BIN('4cfa9862-017c-46be-9cb6-589a44b811bd'),UUID_TO_BIN('c4fb9676-a9e5-401c-be5f-fc9cdbe58368'),'Bolekhiv','Болехів'), (UUID_TO_BIN('8a0573cc-b909-49f5-bb6d-3f841afe9cdb'),UUID_TO_BIN('a2b01b86-af43-4b64-9b71-2c4373506730'),'Ochakiv','Очаків'), (UUID_TO_BIN('fa56833a-ab89-4d0a-abe0-6ca8eb108a39'),UUID_TO_BIN('4d81988a-0ce4-49ca-91ba-6e1d2888287d'),'Halych','Галич'), (UUID_TO_BIN('02f62ceb-61a1-4199-8bb6-62bef84c72c4'),UUID_TO_BIN('cc5e880c-13df-4fbc-aeb8-09ba31e07202'),'Auly','Аули'), (UUID_TO_BIN('e10163ff-e274-406b-81e9-c3a03b059312'),UUID_TO_BIN('238d00fd-3fde-4c6b-9934-92fe942c38d9'),'Chudniv','Чуднів'), (UUID_TO_BIN('0fecf983-4052-44c5-a73b-25909e6fcacb'),UUID_TO_BIN('cb101250-8108-4e1e-9d92-bec47a7ef246'),'Sadky','Садки'), (UUID_TO_BIN('f05e2d42-3512-4aa2-80d1-76a93c07f48e'),UUID_TO_BIN('666df99a-48ef-4481-936b-c51320d49c66'),'Dniprorudne','Дніпрорудне'), (UUID_TO_BIN('bdf51fb2-2f48-45a4-b957-6a4d8cb4c798'),UUID_TO_BIN('c4fb9676-a9e5-401c-be5f-fc9cdbe58368'),'Vilnohirsk','Вільногірськ'), (UUID_TO_BIN('8572ca2f-ee9d-426d-8fdd-ac17a1a593d9'),UUID_TO_BIN('dac84216-1003-4a72-8a02-e7d7c64e36ab'),'Volovets','Воловець'), (UUID_TO_BIN('c321b996-062e-45c8-bf21-9909aafe7c73'),UUID_TO_BIN('41a457da-850f-4185-be0f-225f416b6dd9'),'Hoshcha','Гоща'), (UUID_TO_BIN('d47fd58f-662c-41f0-879a-c105369f278f'),UUID_TO_BIN('cb101250-8108-4e1e-9d92-bec47a7ef246'),'Novohuivynske','Новогуйвинське'), (UUID_TO_BIN('eca0cbb6-8c21-4857-aa5a-e03a547e0e75'),UUID_TO_BIN('1156bc13-7a0f-4336-9102-d74ed7390dba'),'Letychiv','Летичів'), (UUID_TO_BIN('19e26d6e-f1fc-4dba-8c37-e39657862cf4'),UUID_TO_BIN('c4fb9676-a9e5-401c-be5f-fc9cdbe58368'),'Kharkiv,passage Rohatynskyi,building 3','Харків,проїзд Рогатинський,building 3'), (UUID_TO_BIN('0116106a-06c1-42de-9834-6bca9fc9f99e'),UUID_TO_BIN('102c9885-dec0-41e5-b1dd-e255bbeb602f'),'Pavlivka','Павлівка'), (UUID_TO_BIN('dc97bd54-0d5f-4b9e-b9f3-355ca767f06a'),UUID_TO_BIN('c4fb9676-a9e5-401c-be5f-fc9cdbe58368'),'Varash','Вараш'), (UUID_TO_BIN('a7b6ba84-beb9-44df-b5c0-384be0fd0144'),UUID_TO_BIN('e07de180-2824-4ff8-a254-bdc51effee75'),'Nemishaieve','Немішаєве'), (UUID_TO_BIN('f6645265-20e7-469d-a086-3912764d4ca5'),UUID_TO_BIN('c4fb9676-a9e5-401c-be5f-fc9cdbe58368'),'Odesa,road Liustdorfska,building 140,Housing V','Одеса,дорога Люстдорфська,building 140,Housing В'), (UUID_TO_BIN('4b734c46-a187-442b-94f1-a49cba0c37a0'),UUID_TO_BIN('c4fb9676-a9e5-401c-be5f-fc9cdbe58368'),'Berdychiv','Бердичів'), (UUID_TO_BIN('76cc8513-7de9-46d3-81aa-97d816ae37b1'),UUID_TO_BIN('c4fb9676-a9e5-401c-be5f-fc9cdbe58368'),'Kremenchuk,quarter 274-i,building 2','Кременчук,квартал 274-й,building 2'), (UUID_TO_BIN('22b1b080-18c7-459a-acd9-789ff64a7aea'),UUID_TO_BIN('d33bdd2b-7eed-4262-8fd0-61f8f5ac2116'),'Lebedyn','Лебедин'), (UUID_TO_BIN('1b77835c-2c88-48bd-a0f8-55eb93af6df8'),UUID_TO_BIN('379fb3bf-73d2-42e2-9e62-40d103ba77d6'),'Soledar','Соледар'), (UUID_TO_BIN('3b897767-0c4c-43cc-91e1-393b105737eb'),UUID_TO_BIN('1ac333c8-0461-422d-be84-7e3ef9b818dc'),'Buchach','Бучач'), (UUID_TO_BIN('f2b1dd30-c15b-4634-b6b0-f93021e66ba2'),UUID_TO_BIN('c4fb9676-a9e5-401c-be5f-fc9cdbe58368'),'Odesa,road Fontanska,building 118A','Одеса,дорога Фонтанська,building 118А'), (UUID_TO_BIN('38aea9d6-0c70-4237-b43f-a5daa41e89ef'),UUID_TO_BIN('5bfa5082-ced1-4d12-a094-5ea010c36200'),'Henichesk','Генічеськ'), (UUID_TO_BIN('9decaa56-275b-4202-940b-4eff3d4b68f2'),UUID_TO_BIN('86c18899-b282-4fc4-849e-82231bef97c4'),'Nerubaiske','Нерубайське'), (UUID_TO_BIN('e48103b6-b91a-4ce0-9812-4a0f98dbe379'),UUID_TO_BIN('ba9446c0-6b4b-4c7e-8da5-65fd3a491fb5'),'Zhurivka','Згурівка'), (UUID_TO_BIN('7ef4efaa-0f4a-4614-826c-b7a0e511914a'),UUID_TO_BIN('c4fb9676-a9e5-401c-be5f-fc9cdbe58368'),'Novohrodivka','Новогродівка'), (UUID_TO_BIN('c7b7013a-38e4-4e5d-9560-83b362b96a81'),UUID_TO_BIN('c4fb9676-a9e5-401c-be5f-fc9cdbe58368'),'Odesa,road Pivdenna,building 101,Housing A','Одеса,дорога Південна,building 101,Housing А'), (UUID_TO_BIN('8a30a41c-2fca-4844-abed-f246397accc9'),UUID_TO_BIN('c8781f0e-9be1-4178-8f61-10ce1f710780'),'Derazhnia','Деражня'), (UUID_TO_BIN('f8969229-ecf2-42f6-85a4-1aa2402096ef'),UUID_TO_BIN('e07de180-2824-4ff8-a254-bdc51effee75'),'Borodianka','Бородянка'), (UUID_TO_BIN('994d6849-3952-4c42-80aa-8be97a65a015'),UUID_TO_BIN('73fc2bd8-4bb1-483c-aa84-5b87adbc4a50'),'Horodkivka','Городківка'), (UUID_TO_BIN('22522ab2-5a88-4f59-9bd3-ed2da6f50d79'),UUID_TO_BIN('bf34a97d-1683-4bc2-9d2f-c16874f02e7c'),'Melitopol','Мелітополь'), (UUID_TO_BIN('a2dc8997-6729-4b92-bddd-f46ad8c53198'),UUID_TO_BIN('c4fb9676-a9e5-401c-be5f-fc9cdbe58368'),'Odesa,road Liustdorfska,building 90','Одеса,дорога Люстдорфська,building 90'), (UUID_TO_BIN('1e65ea3d-f60b-4fb8-af2e-aaf8ba4d6884'),UUID_TO_BIN('42a73b8c-1434-4387-9731-ef9768fbce52'),'Borzna','Борзна'), (UUID_TO_BIN('7510d382-39b0-4f21-b359-adc3104d4a7a'),UUID_TO_BIN('4b4abb25-0827-432d-97ce-2aea30bff031'),'Ananiv','Ананьїв'), (UUID_TO_BIN('6fd162bd-d0d3-48b7-a186-291e65146241'),UUID_TO_BIN('20e66e1b-a597-47ba-b704-ed5a7dc13c16'),'Horodnia','Городня'), (UUID_TO_BIN('6c9a299e-5093-404f-9334-c46279d27dc7'),UUID_TO_BIN('1f34a9cc-be6c-407b-b0ea-5178b3f682e7'),'Mishkovo-Pohorilove','Мішково-Погорілове'), (UUID_TO_BIN('449ca91d-c717-46a2-a192-ecdf5cb42b87'),UUID_TO_BIN('97f73d76-b00b-4aff-bff5-af519e8cca33'),'Vasylkivka','Васильківка'), (UUID_TO_BIN('c2059d37-2d74-49d1-935a-105f40b4c960'),UUID_TO_BIN('f32d4abb-f018-41ea-abdb-008b615293ea'),'Volochysk','Волочиськ'), (UUID_TO_BIN('9638f64d-ad5c-4628-b62f-e3d9f7ae1157'),UUID_TO_BIN('0149c135-854a-4f51-8048-b3360a8b18a1'),'Zhydachiv','Жидачів'), (UUID_TO_BIN('f3db0792-5c1a-489d-8a17-e5748c9f36d5'),UUID_TO_BIN('422e4ed8-7ec3-4a90-b898-6ac91c2553c7'),'Bilotserkivka','Білоцерківка'), (UUID_TO_BIN('d74ffc47-6df2-449a-bfb9-66d3ece23494'),UUID_TO_BIN('697d84c3-e1b1-4841-b55f-d9272b1cb522'),'Kostopil','Костопіль'), (UUID_TO_BIN('84ee933f-984a-4477-8397-03e440385b74'),UUID_TO_BIN('101eceba-f202-44f9-8e33-dc5f238760d9'),'Dobrianka','Добрянка'), (UUID_TO_BIN('ec3ac707-a6fa-4d59-b475-22371d0a0f54'),UUID_TO_BIN('45357a83-3818-48cd-a2a1-f137d428e325'),'Berehovo','Берегово'), (UUID_TO_BIN('643da51b-58ed-4bc6-8f03-d56fc9fe1368'),UUID_TO_BIN('8be1b40e-9ab7-4b3c-b4e9-3432488182e3'),'Velyki Kopani','Великі Копані'), (UUID_TO_BIN('63726b3f-f4dc-48e4-920e-7b45f80315aa'),UUID_TO_BIN('6512e5d8-1390-49f2-901f-b0a7bc05f736'),'Hubynykha','Губиниха'), (UUID_TO_BIN('270d9b58-e4ed-4725-a3c4-aafdbe515c0b'),UUID_TO_BIN('2531889d-2b0f-45be-872b-f67484be9097'),'Nosivka','Носівка'), (UUID_TO_BIN('18a22718-625d-4d45-bdb2-faed030d26a0'),UUID_TO_BIN('4d81988a-0ce4-49ca-91ba-6e1d2888287d'),'Burshtyn','Бурштин'), (UUID_TO_BIN('19f2488b-ec36-4dc9-ae42-8842bd320b56'),UUID_TO_BIN('d3ba35c1-5eca-4164-acf8-23dd84c0472c'),'Bilopillia','Білопілля'), (UUID_TO_BIN('829d4db2-205c-4260-af29-68a0de20da41'),UUID_TO_BIN('1f34a9cc-be6c-407b-b0ea-5178b3f682e7'),'Pervomaiske','Первомайське'), (UUID_TO_BIN('ee6ae3d3-b092-42fd-8981-15b80f9fa79c'),UUID_TO_BIN('dac1fae9-3dc5-40af-92b3-5359c1e729d3'),'Khoroshiv','Хорошів'), (UUID_TO_BIN('edd241fb-e860-467e-ae95-a35d5bdebff5'),UUID_TO_BIN('e66cdc89-5f4e-4a1f-9c80-f25bc0aae6e2'),'Rubanivka','Рубанівка'), (UUID_TO_BIN('26ad0b00-9120-435c-b3ef-df43a7208aca'),UUID_TO_BIN('d013cb1f-84a7-4502-af43-bf77066b98e2'),'Shchaslyve','Щасливе'), (UUID_TO_BIN('d9b45b70-03db-4859-85d7-38d83aebaadf'),UUID_TO_BIN('c40144f3-c490-47ef-93c7-ccc71655d702'),'Shyshaky','Шишаки'), (UUID_TO_BIN('2b21e327-d1b7-4b64-ad0e-426d1aeda910'),UUID_TO_BIN('a62c61e0-993a-4126-9ef1-de0c8899793a'),'Lypyny','Липини'), (UUID_TO_BIN('33eba757-ffa3-4013-868a-092b31e1fbf3'),UUID_TO_BIN('b0345a80-daf2-4d50-bd8d-4b4c92d85487'),'Iziaslav','Ізяслав'), (UUID_TO_BIN('a9c51ac3-9164-476e-a7b0-2cc0df40269e'),UUID_TO_BIN('e1e28a5b-8b9c-4bf1-913d-521141b3eaee'),'Ladyzhyn','Ладижин'), (UUID_TO_BIN('7a2ae597-3c1e-41ac-ba35-b99b4f7d1e36'),UUID_TO_BIN('a5969e51-4324-477e-8e26-40311b44c819'),'Semenivka','Семенівка'), (UUID_TO_BIN('365b6e81-2420-4128-9071-f7a19d865579'),UUID_TO_BIN('88c47db0-0e1b-432b-a1a9-5cda8e34c03a'),'Sribne','Срібне'), (UUID_TO_BIN('23bb4b0e-8cc6-4a1b-90dc-5042f90c11db'),UUID_TO_BIN('61c39003-06a7-4cf5-a3c4-7e34be2a48b4'),'Zatoka','Затока'), (UUID_TO_BIN('f544bf48-8c7d-48bb-8425-01fa16d66d79'),UUID_TO_BIN('d1fc9a29-9971-4e4b-8a71-8fff85150650'),'Komysh-Zoria','Комиш-Зоря'), (UUID_TO_BIN('dc862e43-5aec-47cd-b049-90cd08049cfc'),UUID_TO_BIN('a62c61e0-993a-4126-9ef1-de0c8899793a'),'Torchyn','Торчин'), (UUID_TO_BIN('f4bfcee1-58ec-4fa7-b504-a0a8e648e2a2'),UUID_TO_BIN('02d1c5ff-8651-4c12-a15c-b949cc3abee8'),'Vynohradiv','Виноградів'), (UUID_TO_BIN('8f52628a-a2d4-4989-8a7f-d7b24c473401'),UUID_TO_BIN('8671215c-49c9-47c7-b2a0-abe46509ddd6'),'Dubliany','Дубляни'), (UUID_TO_BIN('cdb8bdb4-4eac-493c-8be0-b53079f28d8f'),UUID_TO_BIN('1e00049d-2730-40b8-8f31-986cd19f1204'),'Teplyk','Теплик'), (UUID_TO_BIN('902ce7ba-da6d-49f5-8083-96632c47eb2d'),UUID_TO_BIN('06feb828-1014-4505-83d0-597ed95a7728'),'Yerky','Єрки'), (UUID_TO_BIN('0b19a576-f91d-421c-97ad-07e3ee5be076'),UUID_TO_BIN('73fc2bd8-4bb1-483c-aa84-5b87adbc4a50'),'Kryzhopil','Крижопіль'), (UUID_TO_BIN('37b47ecc-e170-4d62-9ab4-fc91fe0b0966'),UUID_TO_BIN('70ee61d5-6331-4312-b153-c79b6be9afa6'),'Berezne,building 4a','Березне,building 4а'), (UUID_TO_BIN('125903df-7c96-45d6-9997-afd223028840'),UUID_TO_BIN('1a574a3e-94b8-4f90-ac3d-7d6f9903c68d'),'Kalanchak','Каланчак'), (UUID_TO_BIN('19c10c74-e8dd-40f4-8203-ec421782b35b'),UUID_TO_BIN('082de1d9-6567-410b-a909-c92e718d99aa'),'Chabany','Чабани'), (UUID_TO_BIN('05bd276b-796d-4fed-8b1a-7aa5652bcf01'),UUID_TO_BIN('61c39003-06a7-4cf5-a3c4-7e34be2a48b4'),'Bilhorod-Dnistrovskyi','Білгород-Дністровський'), (UUID_TO_BIN('e069dc5c-4c59-44d3-8dd4-fb4c65eb14c3'),UUID_TO_BIN('f7a2782d-4a87-4410-a7d8-93eb5147ff2a'),'Velyka Mykhailivka','Велика Михайлівка'), (UUID_TO_BIN('96b5e273-0b59-4bfe-8a06-c800d754ed55'),UUID_TO_BIN('3d44a3bb-ee48-4f91-8e2c-467f980279b3'),'Krasne','Красне'), (UUID_TO_BIN('bc990db4-2afe-4920-9d51-7a980bc3e9f3'),UUID_TO_BIN('f1e61584-3a5f-4076-a773-dceb3ea05c15'),'Kolomyia','Коломия'), (UUID_TO_BIN('a7ad56a4-7207-4305-a0a0-89281f9079da'),UUID_TO_BIN('a8f57e4f-1fd8-4249-be04-6d5e6a59074c'),'Vyshhorod','Вишгород'), (UUID_TO_BIN('86f49a18-1dee-4c55-8926-126c226dd0a2'),UUID_TO_BIN('d877592f-6701-476f-8704-aba811c88289'),'Kolochava','Колочава'), (UUID_TO_BIN('592a5303-9686-4cda-b839-d3c96f6f0975'),UUID_TO_BIN('8890f636-e464-4e09-915c-a1a9a5319f0c'),'Zastavna','Заставна'), (UUID_TO_BIN('40e1bb18-020a-4d83-9408-df14b3d1f94c'),UUID_TO_BIN('0eaddb70-2715-4449-9495-c17f305c8452'),'Pomichna','Помічна'), (UUID_TO_BIN('b1eab33f-07ee-4e8e-8d3b-dc8ca398152c'),UUID_TO_BIN('37d6e41f-97fd-4af9-9936-9ad028971cc2'),'Radushne','Радушне'), (UUID_TO_BIN('4b27f9bc-309b-4eb6-a461-889eab57563c'),UUID_TO_BIN('a931830b-8c28-433c-b64a-241915719b1e'),'Bobrovytsia','Бобровиця'), (UUID_TO_BIN('e609f9bc-8c9e-4bf1-9c83-e12b311ff70e'),UUID_TO_BIN('c4f3272f-6ba5-4815-9a79-fa8e1736480d'),'Volodymyrets','Володимирець'), (UUID_TO_BIN('0b71a209-3f7c-4c30-b883-429673653106'),UUID_TO_BIN('c4fb9676-a9e5-401c-be5f-fc9cdbe58368'),'Odesa,not specified Pliazh Lanzheron,building 25','Одеса,н/в Пляж Ланжерон,building 25'), (UUID_TO_BIN('f45641c5-f553-44d0-bf45-227ebad3d31a'),UUID_TO_BIN('4e34be12-a22e-4f0b-9647-a0985c999982'),'Krasyliv','Красилів'), (UUID_TO_BIN('7a0e35a2-26e7-48d7-ae7e-0abb8b115b96'),UUID_TO_BIN('60559ad7-b8fe-4196-aec6-f4703c2daf57'),'Yelyzavetivka','Єлизаветівка'), (UUID_TO_BIN('a9b5e653-eb63-4582-9736-6aef5fc49c71'),UUID_TO_BIN('19e8f5f4-cf88-4098-91b8-6d4803fdc1b2'),'Tatarbunary','Татарбунари'), (UUID_TO_BIN('857699d1-fc71-4447-a074-11add67987b5'),UUID_TO_BIN('374c90b7-3e14-4dc1-846a-86dfc274f729'),'Stryi','Стрий'), (UUID_TO_BIN('18c07ece-3fa8-4335-96a0-df78d2dba265'),UUID_TO_BIN('64fedd27-a831-43ea-bb17-b3831fcf3e4b'),'Tsarychanka','Царичанка'), (UUID_TO_BIN('482e8eee-d35d-4153-8ac3-5d5356a4c5af'),UUID_TO_BIN('ccdfe8e1-c6b8-4de1-a2dd-d1abffe1fca3'),'Sokilnyky','Сокільники'), (UUID_TO_BIN('f194e0c8-0f1b-48d1-9460-f112e386084c'),UUID_TO_BIN('1ff3d281-2c58-4f6c-961c-e6fe41f49ed7'),'Khmilnyk','Хмільник'), (UUID_TO_BIN('075356e5-d581-444e-986c-c6580e7d977a'),UUID_TO_BIN('6512e5d8-1390-49f2-901f-b0a7bc05f736'),'Hvardiiske','Гвардійське'), (UUID_TO_BIN('13aa5f0c-fcb9-4af6-911f-32c6ce5c012b'),UUID_TO_BIN('0fa5f789-660a-4e7a-ae69-53b375663e36'),'Yahotyn','Яготин'), (UUID_TO_BIN('aa3c71b8-07b3-4976-bf0c-28f2f2c86189'),UUID_TO_BIN('1f6fc798-64f6-4094-8a20-931577a2e1c3'),'Solomonovo','Соломоново'), (UUID_TO_BIN('42b766af-e514-4844-a83a-941e33657a5b'),UUID_TO_BIN('2bf90cab-a0c5-4d48-8288-337acad5525b'),'Ozerna','Озерна'), (UUID_TO_BIN('2aeb073e-3189-4632-9208-635b8ef8701e'),UUID_TO_BIN('bee780af-5306-4418-8795-41672b5fb873'),'Chechelnyk','Чечельник'), (UUID_TO_BIN('e6b4f3c7-39b5-4ab3-bed2-0a65c81e6cbd'),UUID_TO_BIN('86c18899-b282-4fc4-849e-82231bef97c4'),'Usatove','Усатове'), (UUID_TO_BIN('83b4f811-df6e-4ec2-8517-7bd0f1a85cbb'),UUID_TO_BIN('c4fb9676-a9e5-401c-be5f-fc9cdbe58368'),'Morshyn','Моршин'), (UUID_TO_BIN('d7b70c95-1c9c-440a-8e5b-02f85e397ef9'),UUID_TO_BIN('0de9fe58-84a8-4c2b-bf8a-d8434041fb16'),'Izium,entrance Rynochnyi,building 3','Ізюм,в\'їзд Риночний,building 3'), (UUID_TO_BIN('f84c980a-9069-4247-9a28-fc3a0744af33'),UUID_TO_BIN('3d44a3bb-ee48-4f91-8e2c-467f980279b3'),'Skadovsk','Скадовськ'), (UUID_TO_BIN('381ef463-6b05-45ca-abdf-7b8ac841a985'),UUID_TO_BIN('1f092344-b85e-4f98-88b7-732025607381'),'Krasnopillia','Краснопілля'), (UUID_TO_BIN('c7ea7cf4-bd70-428f-aae8-27c84b9be3d9'),UUID_TO_BIN('4d81988a-0ce4-49ca-91ba-6e1d2888287d'),'Bilshivtsi,maidan Vichevii,building 1','Більшівці,майдан Вічевій,building 1'), (UUID_TO_BIN('695e1108-235e-4a65-b353-f2bc8a4e8753'),UUID_TO_BIN('3326fa24-0ae8-43f3-928e-ea9aa3eb802c'),'Zakharivka','Захарівка'), (UUID_TO_BIN('a6fb15c5-859f-46d3-9488-b22a558e19af'),UUID_TO_BIN('8fcdbf02-3f7e-41ae-a3a8-16d27da3e89d'),'Tsuman','Цумань'), (UUID_TO_BIN('2c46362a-4718-4a8e-b6f4-908f169f23c8'),UUID_TO_BIN('60f8563e-da38-4a28-9e5f-d9b21a837dcd'),'Berdiansk','Бердянськ'), (UUID_TO_BIN('42333d20-f04f-4a1b-8ae8-496472cde022'),UUID_TO_BIN('c4fb9676-a9e5-401c-be5f-fc9cdbe58368'),'Slavutych,quarter Bakynskyi,building 33','Славутич,квартал Бакинський,building 33'), (UUID_TO_BIN('191d6ee7-d68a-4911-bdd5-b5da1367010f'),UUID_TO_BIN('3d62d2ef-8925-4152-aead-8d391fff2339'),'Pyriatyn','Пирятин'), (UUID_TO_BIN('7dfd2797-c9ef-4b82-9318-ff47c2f5ced3'),UUID_TO_BIN('51104b40-cefa-49b5-9dcf-d5002012b53f'),'Brusyliv','Брусилів'), (UUID_TO_BIN('46e5adc8-ace1-4d0c-a5e2-ea7618d6e8a4'),UUID_TO_BIN('388dfd39-bf75-474a-854e-812f069b77ea'),'Ustynivka','Устинівка'), (UUID_TO_BIN('99e0d6fc-e124-4327-b367-4bf00550f493'),UUID_TO_BIN('082de1d9-6567-410b-a909-c92e718d99aa'),'Sofiivska Borshchahivka','Софіївська Борщагівка'), (UUID_TO_BIN('a4b1c256-66aa-4900-97c2-889a7cb9f57d'),UUID_TO_BIN('36e0b71c-1d69-47c8-8485-0b5a28429d9b'),'Klishkivtsi','Клішківці'), (UUID_TO_BIN('29d89758-a2ca-4e57-bef0-638d7c884ace'),UUID_TO_BIN('082de1d9-6567-410b-a909-c92e718d99aa'),'Petropavlivska Borshchahivka','Петропавлівська Борщагівка'), (UUID_TO_BIN('e91e99e2-b54a-4f4b-bf5e-2a97ca645c2a'),UUID_TO_BIN('3e6adeaa-34e0-441a-a1ef-6ac70f52e962'),'Nadvirna','Надвірна'), (UUID_TO_BIN('59422917-0437-4b8d-8a0f-f4090cb1030f'),UUID_TO_BIN('e260e3cf-8c5d-4891-a7c9-c0cbb1e1dd3b'),'Artsyz','Арциз'), (UUID_TO_BIN('73e11c83-d42c-4f21-aed7-963f279d8c7b'),UUID_TO_BIN('0ab23991-9984-426d-9304-b8d4e50ac6ab'),'Pryazovske','Приазовське'), (UUID_TO_BIN('606c078c-8566-45dd-bc56-1236c5800786'),UUID_TO_BIN('dd012cf7-a479-4579-8612-abb7d2262967'),'Romaniv','Романів'), (UUID_TO_BIN('faffcee9-9bcf-4f22-9193-f6fa14289c8d'),UUID_TO_BIN('73c7c9a9-8a17-419c-93b8-d17e53e885b3'),'Petropavlivka','Петропавлівка'), (UUID_TO_BIN('49ca4597-1a37-4bf7-a1df-9f66751f4820'),UUID_TO_BIN('2b71b540-3e8a-494c-9593-1e4545c6b84f'),'Krasnohrad','Красноград'), (UUID_TO_BIN('0989e505-e24a-4888-a030-f2905cdc79ce'),UUID_TO_BIN('f0450fd3-cc37-4261-905f-5553d8e2022a'),'Bobrynets','Бобринець'), (UUID_TO_BIN('2ba0eb2a-776e-4136-85c6-7886f740d052'),UUID_TO_BIN('3b7f7f3a-da34-4085-92c6-964bc8d2a63c'),'Irkliiv','Іркліїв'), (UUID_TO_BIN('d3be7984-ba7b-4d78-b784-7d991ea8128b'),UUID_TO_BIN('cc0a51b6-7530-4782-b4c5-dbb3450b0139'),'Pavlohrad','Павлоград'), (UUID_TO_BIN('9fe7f6be-fc3b-466b-ae02-7bda246573d4'),UUID_TO_BIN('8e7ee846-3d37-4982-abce-dff1337faef5'),'Kreminna','Кремінна'), (UUID_TO_BIN('271feb56-6ea0-4c7d-8332-747210b00873'),UUID_TO_BIN('8c134630-2bc2-4f1f-83ff-19a3166e7f6c'),'Dubno','Дубно'), (UUID_TO_BIN('ea7f62ca-f8e9-4caf-84da-b59c3491a99a'),UUID_TO_BIN('c4fb9676-a9e5-401c-be5f-fc9cdbe58368'),'Rubizhne','Рубіжне'), (UUID_TO_BIN('b367c421-100c-4649-8488-bc7de5e5b53b'),UUID_TO_BIN('84dd23bc-40bb-4d73-a7f9-cdf5254116f4'),'Pokotylivka','Покотилівка'), (UUID_TO_BIN('59a83434-3280-4044-bb27-d92781c7229c'),UUID_TO_BIN('2b71b540-3e8a-494c-9593-1e4545c6b84f'),'Pishchanka','Піщанка'), (UUID_TO_BIN('2d59f5fd-711b-4e9e-bda8-1ea86d67671e'),UUID_TO_BIN('06feb828-1014-4505-83d0-597ed95a7728'),'Katerynopil','Катеринопіль'), (UUID_TO_BIN('1d553844-db6a-419d-8b7d-a417d2e87922'),UUID_TO_BIN('f3162a69-86b8-49fe-ba1b-c512d18b4b09'),'Shyroke','Широке'), (UUID_TO_BIN('cc9c7c6b-0db3-4984-98cb-440b24a418a6'),UUID_TO_BIN('b97357fe-4e2f-4630-a3c5-a67ddeda0ee0'),'Terebovlia','Теребовля'), (UUID_TO_BIN('38c30599-dfcc-4142-a9b2-2d726df28176'),UUID_TO_BIN('7926d478-5794-495b-a5fa-9ba1ab4637c9'),'Novovorontsovka','Нововоронцовка'), (UUID_TO_BIN('63b12784-f3ea-455b-995c-c02b70770bb8'),UUID_TO_BIN('c4fb9676-a9e5-401c-be5f-fc9cdbe58368'),'Kostiantynivka','Костянтинівка'), (UUID_TO_BIN('3ef1a8c2-a3bb-4cdf-87ee-8e4e58529454'),UUID_TO_BIN('b56d5172-3bd0-45b4-a1db-b51131ecd8de'),'Bilyky','Білики'), (UUID_TO_BIN('1dcf15c1-8119-4b56-8c28-06d1cc3683fd'),UUID_TO_BIN('fab8d5b2-7feb-409d-8f21-4307f1862e30'),'Khorol','Хорол'), (UUID_TO_BIN('67fedadf-4609-4e94-a3f0-d56839aac5e0'),UUID_TO_BIN('c4fb9676-a9e5-401c-be5f-fc9cdbe58368'),'Nova Kakhovka','Нова Каховка'), (UUID_TO_BIN('34cf8727-fd57-4447-9534-62dc45f12b64'),UUID_TO_BIN('4013ee5a-15b4-4656-a69c-284a870726a8'),'Kyivets','Київець'), (UUID_TO_BIN('abf127c0-2069-44fa-a04c-47e82d5fde64'),UUID_TO_BIN('dbc7d935-1082-47ff-a630-d9deaf402155'),'Konotop','Конотоп'), (UUID_TO_BIN('309d13e9-772d-43cd-98dc-3c0eda094843'),UUID_TO_BIN('7b7ce63b-e42c-4e88-930c-184898529273'),'Tarutyne','Тарутине'), (UUID_TO_BIN('9f4613c3-9631-4496-820e-6d2e0a9e4ae9'),UUID_TO_BIN('d7261a87-9dea-4068-a69f-ce388d2f9b0f'),'Markivka','Марківка'), (UUID_TO_BIN('eaca012e-263d-4adc-b8eb-1f68bab0fe68'),UUID_TO_BIN('650f414d-ebf7-4664-8fbe-16d605769373'),'Chervona Sloboda','Червона Слобода'), (UUID_TO_BIN('33a4b4a5-86b1-478c-a142-ba0a3398e0c2'),UUID_TO_BIN('86c18899-b282-4fc4-849e-82231bef97c4'),'Khlibodarske,road Maiatska,building 2,Housing A','Хлібодарське,дорога Маяцька,building 2,Housing А'), (UUID_TO_BIN('19b65ced-d7d0-4287-8ceb-f2f7e409cfb4'),UUID_TO_BIN('082de1d9-6567-410b-a909-c92e718d99aa'),'Sviatopetrivske','Святопетрівське'), (UUID_TO_BIN('b4f99187-8092-488f-8569-27aa12b85dd8'),UUID_TO_BIN('e444eab1-61ff-4491-a19a-e5c0578b1ab1'),'Vendychany','Вендичани'), (UUID_TO_BIN('e8cad0f2-34d3-47bd-9f18-5ab9c5665276'),UUID_TO_BIN('2db15130-3de8-401b-afa0-bd408e3c2138'),'Brailiv','Браїлів'), (UUID_TO_BIN('0cbbfd38-670b-42d0-bf48-091b673d847a'),UUID_TO_BIN('59f31319-84ec-4dc6-8c08-01a1d10e76fc'),'Luka-Meleshkivska','Лука-Мелешківська'), (UUID_TO_BIN('cd912b3f-dd68-458a-ab0b-895f15222865'),UUID_TO_BIN('35078c3a-bc25-4bd9-a294-eb6b7eb2c21b'),'Korsun-Shevchenkivskyi','Корсунь-Шевченківський'), (UUID_TO_BIN('b49924ea-1041-4e8f-a836-d86eb53fda9b'),UUID_TO_BIN('cdcbd031-c54f-4713-85dd-45c0eaaf59b5'),'Hradyzk','Градизьк'), (UUID_TO_BIN('cba986a3-72f6-4f48-b80d-dad53ab67435'),UUID_TO_BIN('4f3acdaa-4e07-46c0-937b-834ce86bbff3'),'Velyki Mosty','Великі Мости'), (UUID_TO_BIN('af766d2f-b3cf-4ff0-87a3-3fed23778849'),UUID_TO_BIN('961b3b16-e841-48ae-b01a-213d50dc2931'),'Kobleve,alley Festyvalna,building 1','Коблеве,алея Фестивальна,building 1'), (UUID_TO_BIN('091c0fbf-8211-4b5c-9d16-4e9a41d3ab7f'),UUID_TO_BIN('c796ee61-7884-49f6-8631-b65753e988cb'),'Tyvriv','Тиврів'), (UUID_TO_BIN('cb213e44-e276-4946-a9fe-3594631aa087'),UUID_TO_BIN('c4fb9676-a9e5-401c-be5f-fc9cdbe58368'),'Dnipro,array Chervonyi Kamin,building 18a','Дніпро,масив Червоний Камінь,building 18а'), (UUID_TO_BIN('0702624a-d479-4e1e-91fc-82cedf09a20b'),UUID_TO_BIN('101eceba-f202-44f9-8e33-dc5f238760d9'),'Liubech','Любеч'), (UUID_TO_BIN('0ad29f12-91c5-43cd-844d-fa0557079e81'),UUID_TO_BIN('c796ee61-7884-49f6-8631-b65753e988cb'),'Sutysky','Сутиски'), (UUID_TO_BIN('3e9eecec-1656-4011-828c-8d0791ac46d0'),UUID_TO_BIN('4642bee2-a37a-4bd8-8152-b66a1e099777'),'Znamianka Druha','Знам\'янка Друга'), (UUID_TO_BIN('5d1c5eb8-19dc-49ad-baaf-7b47fc9e4564'),UUID_TO_BIN('c23072ec-2fe0-44c6-86c6-5c604cc9e9a9'),'Kompaniivka','Компаніївка'), (UUID_TO_BIN('52e86a29-ff6a-43e8-b387-2587fbb05345'),UUID_TO_BIN('c4fb9676-a9e5-401c-be5f-fc9cdbe58368'),'Chornomorsk','Чорноморськ'), (UUID_TO_BIN('c0fc482d-f732-47b1-98ad-03c78e5e4e08'),UUID_TO_BIN('c4fb9676-a9e5-401c-be5f-fc9cdbe58368'),'Odesa,road Liustdorfska,building 55','Одеса,дорога Люстдорфська,building 55'), (UUID_TO_BIN('bcb3c723-55fd-4e2b-8dca-9bd710fe6a31'),UUID_TO_BIN('f1e61584-3a5f-4076-a773-dceb3ea05c15'),'Hvizdets','Гвіздець'), (UUID_TO_BIN('76da9848-c453-41a8-acb3-4f6da5074afc'),UUID_TO_BIN('e72db989-3921-4db5-93ac-b67b919b1bce'),'Zarichchia','Заріччя'), (UUID_TO_BIN('45bb84c4-ef31-414a-b48a-9f672292a41e'),UUID_TO_BIN('e0f3add5-91d9-46f8-8c5c-1e352b8d8511'),'Horodenka','Городенка'), (UUID_TO_BIN('f0786dd2-8044-44a1-b1a1-ce5b746d0007'),UUID_TO_BIN('009d384e-9f8e-414c-a742-c7b7bb5ac11a'),'Stara Syniava','Стара Синява'), (UUID_TO_BIN('d3717a6d-50f7-4bf4-8dd6-e14c370d0ea1'),UUID_TO_BIN('acab09b1-1ef4-424a-9eea-997f7dc9ab4e'),'Bilohiria','Білогір\'я'), (UUID_TO_BIN('3600c009-d058-4874-af06-d5bd14f6f801'),UUID_TO_BIN('c7964e90-1656-4fbd-9c0e-be75818cfa23'),'Hirske','Гірське'), (UUID_TO_BIN('da09d374-b4e1-43c2-8c44-0ce04a5a1431'),UUID_TO_BIN('f1a49665-7c9e-46ac-8472-67d95370e279'),'Manhush','Мангуш'), (UUID_TO_BIN('7852eb1c-ff09-4135-b2aa-bc2e4fdc14b8'),UUID_TO_BIN('fcc5dad5-254c-48f8-96d0-db080461b08d'),'Opishnia','Опішня'), (UUID_TO_BIN('9a935444-b42c-42e2-a41e-c57d60f81a36'),UUID_TO_BIN('c900f1f5-cf4f-446a-8feb-e4ead6e1f518'),'Slavsko','Славсько'), (UUID_TO_BIN('1a9551a8-162b-4fdd-bed5-d088140cb080'),UUID_TO_BIN('91e87827-2431-401f-a0d6-ea3fc8fee272'),'Bibrka','Бібрка'), (UUID_TO_BIN('9eee61f9-d163-4f15-8b4e-5990e2a3327b'),UUID_TO_BIN('6c6307ec-c341-4933-b528-618bbed2e7bf'),'Pokrovske','Покровське'), (UUID_TO_BIN('ea72ce5d-614a-4e14-849e-3637644ee204'),UUID_TO_BIN('913a059d-5b05-4093-aef2-90fc9618117a'),'Baranivka','Баранівка');