INSERT INTO area (id, name_en, name_ua) VALUES (UUID_TO_BIN('3859a580-9f86-4b5d-a1a9-fb256f219168'),'Kirovohradska','Кіровоградська') ,(UUID_TO_BIN('cd229955-08d7-4237-8b4d-7de7e38c7428'),'Rivnenska','Рівненська') ,(UUID_TO_BIN('537f8473-0835-400a-b38e-9a280a8857d6'),'Chernivetska','Чернівецька') ,(UUID_TO_BIN('87963818-671c-438b-a90a-1211dd69d5f3'),'Ivano-Frankivska','Івано-Франківська') ,(UUID_TO_BIN('ef1f9569-1848-4fcc-8600-22f85f308b5a'),'Odeska','Одеська') ,(UUID_TO_BIN('9895f624-aec7-428b-9cf2-424c9a98a158'),'Ternopilska','Тернопільська') ,(UUID_TO_BIN('bd37ef33-fc0f-42d9-9023-c3b94d3f6f83'),'Zaporizka','Запорізька') ,(UUID_TO_BIN('10c77a43-b3b2-4c73-a988-7bf5d266a541'),'Sumska','Сумська') ,(UUID_TO_BIN('e6534445-8997-406a-8cf9-a7e750435438'),'Luhanska','Луганська') ,(UUID_TO_BIN('6888fa4f-42e5-4593-b4ba-de661b1ed4bd'),'Kyivska','Київська') ,(UUID_TO_BIN('b2dc2fe7-54a3-4edf-bce3-8f705e050829'),'Zakarpatska','Закарпатська') ,(UUID_TO_BIN('67fa6186-7bb8-451a-b513-85565775df38'),'Donetska','Донецька') ,(UUID_TO_BIN('423b21ba-7c33-41ac-aa86-3bbb06480ab8'),'Poltavska','Полтавська') ,(UUID_TO_BIN('540cf184-d08a-4f27-8cb0-f2d16db743a9'),'Zhytomyrska','Житомирська') ,(UUID_TO_BIN('d750e094-de52-4c72-b70c-17ea972392bd'),'Khersonska','Херсонська') ,(UUID_TO_BIN('d39ea090-9b8a-4363-b655-eb70c9267b3e'),'Lvivska','Львівська') ,(UUID_TO_BIN('b1b1ace9-6209-4b33-8153-ed09be655d15'),'Dnipropetrovska','Дніпропетровська') ,(UUID_TO_BIN('cb88e6f4-5830-4a0d-9dc0-bbc019f44dd3'),'Mykolaivska','Миколаївська') ,(UUID_TO_BIN('15add95f-78c1-4db5-8aab-c6081c952cd7'),'Vinnytska','Вінницька') ,(UUID_TO_BIN('b4d8b012-a9de-42b0-9936-95ad6306f857'),'Volynska','Волинська') ,(UUID_TO_BIN('11062162-2ca4-4658-85a7-cd6a1893ab68'),'Cherkaska','Черкаська') ,(UUID_TO_BIN('fd5dc237-66cf-4434-bcdf-0485e4fc7722'),'Khmelnytska','Хмельницька') ,(UUID_TO_BIN('9b1f6d64-b287-4555-b50b-ebf5ca6bbae9'),'Kharkivska','Харківська') ,(UUID_TO_BIN('7313d634-8319-4268-9f0c-d1debb4e77e0'),'Chernihivska','Чернігівська') ;INSERT INTO district (id, area_id, name_en, name_ua) VALUES  (UUID_TO_BIN('8b7c006e-52a6-4483-bb0f-a09e21a1a504'),UUID_TO_BIN('e6534445-8997-406a-8cf9-a7e750435438'),'Svativskyi','Сватівський'), (UUID_TO_BIN('d8b74c0b-7087-422f-96d3-6f82a05797f4'),UUID_TO_BIN('ef1f9569-1848-4fcc-8600-22f85f308b5a'),'Bolhradskyi','Болградський'), (UUID_TO_BIN('e92802c0-5427-411b-8736-09f3f9be29aa'),UUID_TO_BIN('cb88e6f4-5830-4a0d-9dc0-bbc019f44dd3'),'Voznesenskyi','Вознесенський'), (UUID_TO_BIN('19daf845-e823-42a5-91bd-4cd7d3421da2'),UUID_TO_BIN('cd229955-08d7-4237-8b4d-7de7e38c7428'),'Hoshchanskyi','Гощанський'), (UUID_TO_BIN('29b1cb47-daaf-4369-b156-ce407cf845cd'),UUID_TO_BIN('9895f624-aec7-428b-9cf2-424c9a98a158'),'Shumskyi','Шумський'), (UUID_TO_BIN('32ca7b63-f932-4a67-a979-00944d5ccc8b'),UUID_TO_BIN('423b21ba-7c33-41ac-aa86-3bbb06480ab8'),'Semenivskyi','Семенівський'), (UUID_TO_BIN('ecdb0bd5-6b9b-4e11-a9af-d3fa4c8104de'),UUID_TO_BIN('540cf184-d08a-4f27-8cb0-f2d16db743a9'),' Zhytomyrskyi','Житомирський'), (UUID_TO_BIN('854cf817-49ce-4a00-8265-761048927671'),UUID_TO_BIN('cd229955-08d7-4237-8b4d-7de7e38c7428'),'Koretskyi','Корецький'), (UUID_TO_BIN('ab835b4c-d644-4301-b2bd-563245853d0a'),UUID_TO_BIN('cb88e6f4-5830-4a0d-9dc0-bbc019f44dd3'),'Arbuzynskyi','Арбузинський'), (UUID_TO_BIN('2bbb49c9-55e6-46df-b894-0a290ceeefac'),UUID_TO_BIN('540cf184-d08a-4f27-8cb0-f2d16db743a9'),'Cherniakhivskyi','Черняхівський'), (UUID_TO_BIN('f9712a1d-aec7-4f28-8fb0-f41696c0a654'),UUID_TO_BIN('6888fa4f-42e5-4593-b4ba-de661b1ed4bd'),'Buchanskyi','Бучанський'), (UUID_TO_BIN('f4e8c8fa-40b9-4a9c-84a5-ac063c23f91b'),UUID_TO_BIN('cd229955-08d7-4237-8b4d-7de7e38c7428'),'Dubrovytskyi','Дубровицький'), (UUID_TO_BIN('ec71827f-301d-49bb-b122-b8bc89657d94'),UUID_TO_BIN('11062162-2ca4-4658-85a7-cd6a1893ab68'),'Zolotoniskyi','Золотоніський'), (UUID_TO_BIN('44635c29-8c79-4827-8462-c3dfda3e7898'),UUID_TO_BIN('9b1f6d64-b287-4555-b50b-ebf5ca6bbae9'),'Kolomatskyi','Коломацький'), (UUID_TO_BIN('6bf10065-867f-4309-9406-c838235dfdca'),UUID_TO_BIN('10c77a43-b3b2-4c73-a988-7bf5d266a541'),'Sumskyi','Сумський'), (UUID_TO_BIN('481d4d95-3275-42ea-98ba-d4c21f999569'),UUID_TO_BIN('540cf184-d08a-4f27-8cb0-f2d16db743a9'),'Andrushivskyi','Андрушівський'), (UUID_TO_BIN('d035dcd8-b415-4230-8b36-449393a7389e'),UUID_TO_BIN('9b1f6d64-b287-4555-b50b-ebf5ca6bbae9'),'Sakhnovshchynskyi','Сахновщинський'), (UUID_TO_BIN('60dc3896-a599-4a37-860f-dbf20825c40a'),UUID_TO_BIN('ef1f9569-1848-4fcc-8600-22f85f308b5a'),'Berezivskyi','Березівський'), (UUID_TO_BIN('bd96e23a-425d-4450-a533-ddaa4c8a0c71'),UUID_TO_BIN('bd37ef33-fc0f-42d9-9023-c3b94d3f6f83'),'Orikhivskyi','Оріхівський'), (UUID_TO_BIN('8c1cdba8-845c-4bfc-a6df-eaf61f7814cd'),UUID_TO_BIN('bd37ef33-fc0f-42d9-9023-c3b94d3f6f83'),'Novomykolaivskyi','Новомиколаївський'), (UUID_TO_BIN('067a8f08-089d-4729-82cc-8c2bc51c978c'),UUID_TO_BIN('3859a580-9f86-4b5d-a1a9-fb256f219168'),'Holovanivskyi','Голованівський'), (UUID_TO_BIN('01b487a9-3f20-490a-8a66-8bae3591607e'),UUID_TO_BIN('9b1f6d64-b287-4555-b50b-ebf5ca6bbae9'),'Kupianskyi','Куп\'янський'), (UUID_TO_BIN('ff7e427f-1c68-4925-a6fa-48c9535de337'),UUID_TO_BIN('540cf184-d08a-4f27-8cb0-f2d16db743a9'),'Baranivskyi','Баранівський'), (UUID_TO_BIN('cf3a0891-6ffd-458b-955d-76da84054eab'),UUID_TO_BIN('10c77a43-b3b2-4c73-a988-7bf5d266a541'),'Romenskyi','Роменський'), (UUID_TO_BIN('f5a74249-ab29-43d2-935c-bbb933a72ee6'),UUID_TO_BIN('9b1f6d64-b287-4555-b50b-ebf5ca6bbae9'),'Borivskyi','Борівський'), (UUID_TO_BIN('42de4dd7-f172-4ad1-ae8c-3f7976021839'),UUID_TO_BIN('ef1f9569-1848-4fcc-8600-22f85f308b5a'),'Liubashivskyi','Любашівський'), (UUID_TO_BIN('a1acd93e-9caf-4125-9cd3-02510fd59090'),UUID_TO_BIN('e6534445-8997-406a-8cf9-a7e750435438'),'Severodonetskyi','Сєвєродонецький'), (UUID_TO_BIN('8937b734-efce-4139-b7f0-0ced3dec9e96'),UUID_TO_BIN('fd5dc237-66cf-4434-bcdf-0485e4fc7722'),'Shepetivskyi','Шепетівський'), (UUID_TO_BIN('16fb46f1-2401-4d9d-bf1e-5408a475f2e5'),UUID_TO_BIN('e6534445-8997-406a-8cf9-a7e750435438'),'Stanychno-Luhanskyi','Станично-Луганський'), (UUID_TO_BIN('aa27dafc-d7bf-40cc-9e32-34a15aa2e064'),UUID_TO_BIN('cd229955-08d7-4237-8b4d-7de7e38c7428'),'Dubenskyi','Дубенський'), (UUID_TO_BIN('71468e23-5ae0-4833-8563-9cbb8615aa4e'),UUID_TO_BIN('d39ea090-9b8a-4363-b655-eb70c9267b3e'),'Buskyi','Буський'), (UUID_TO_BIN('0ba1b064-c63e-4a0d-b04e-e901d32deab6'),UUID_TO_BIN('b2dc2fe7-54a3-4edf-bce3-8f705e050829'),'Tiachivskyi','Тячівський'), (UUID_TO_BIN('23764faa-1429-472a-8bcf-a7c2b825e3f5'),UUID_TO_BIN('d750e094-de52-4c72-b70c-17ea972392bd'),'Henicheskyi','Генічеський'), (UUID_TO_BIN('2c564390-a2dd-4693-bdea-23abe52b9125'),UUID_TO_BIN('11062162-2ca4-4658-85a7-cd6a1893ab68'),'Lysianskyi','Лисянський'), (UUID_TO_BIN('b0ed7eff-c299-4c18-b90a-fc9118d17d2f'),UUID_TO_BIN('11062162-2ca4-4658-85a7-cd6a1893ab68'),'Korsun-Shevchenkivskyi','Корсунь-Шевченківський'), (UUID_TO_BIN('ca167b00-2310-4017-b428-17ef4791149e'),UUID_TO_BIN('9895f624-aec7-428b-9cf2-424c9a98a158'),'Kremenetskyi','Кременецький'), (UUID_TO_BIN('70e0c3a6-98b6-4fd0-9c97-85089ce58557'),UUID_TO_BIN('423b21ba-7c33-41ac-aa86-3bbb06480ab8'),'Shyshatskyi','Шишацький'), (UUID_TO_BIN('7b54f961-7aba-48e6-8233-7651b0d71eb4'),UUID_TO_BIN('cb88e6f4-5830-4a0d-9dc0-bbc019f44dd3'),'Bratskyi','Братський'), (UUID_TO_BIN('459d2da1-ffda-42e5-b6e8-61cc0f9b67a1'),UUID_TO_BIN('15add95f-78c1-4db5-8aab-c6081c952cd7'),'Yampilskyi','Ямпільський'), (UUID_TO_BIN('c87ad97c-43b8-4d32-83db-b3e73baf62e9'),UUID_TO_BIN('b1b1ace9-6209-4b33-8153-ed09be655d15'),'Apostolivskyi','Апостолівський'), (UUID_TO_BIN('5369ecc0-c03d-4af9-ba74-488fdd6e802c'),UUID_TO_BIN('b2dc2fe7-54a3-4edf-bce3-8f705e050829'),'Berehivskyi','Берегівський'), (UUID_TO_BIN('8b84283b-1e96-4890-945b-42b9fc819b07'),UUID_TO_BIN('9b1f6d64-b287-4555-b50b-ebf5ca6bbae9'),'Velykoburlutskyi','Великобурлуцький'), (UUID_TO_BIN('3eed7d6d-18c8-4151-a09c-2128559c868a'),UUID_TO_BIN('ef1f9569-1848-4fcc-8600-22f85f308b5a'),'Shyriaivskyi','Ширяївський'), (UUID_TO_BIN('7f585f6c-78dc-4b78-a45a-c7d78d9b888a'),UUID_TO_BIN('3859a580-9f86-4b5d-a1a9-fb256f219168'),'Novoarkhanhelskyi','Новоархангельський'), (UUID_TO_BIN('6e8b1096-1dd5-4e6e-a5d9-2c9d2335bafa'),UUID_TO_BIN('11062162-2ca4-4658-85a7-cd6a1893ab68'),'Horodyshchenskyi','Городищенський'), (UUID_TO_BIN('3c3f1379-6005-4f79-8605-af532b98705a'),UUID_TO_BIN('7313d634-8319-4268-9f0c-d1debb4e77e0'),'Snovskyi','Сновський'), (UUID_TO_BIN('8a641fdf-f6cf-4a73-bf92-968761cff099'),UUID_TO_BIN('d750e094-de52-4c72-b70c-17ea972392bd'),'Kalanchatskyi','Каланчацький'), (UUID_TO_BIN('d885d82e-8ce3-469e-b748-4caa098756ed'),UUID_TO_BIN('ef1f9569-1848-4fcc-8600-22f85f308b5a'),'Kodymskyi','Кодимський'), (UUID_TO_BIN('752db2b3-3810-4370-83c1-46b83f8f98da'),UUID_TO_BIN('b1b1ace9-6209-4b33-8153-ed09be655d15'),'Pavlogradskyi','Павлоградський'), (UUID_TO_BIN('7cb08b47-9ba4-40ab-a1b8-645970ae62bc'),UUID_TO_BIN('d39ea090-9b8a-4363-b655-eb70c9267b3e'),'Yavorivskyi','Яворівський'), (UUID_TO_BIN('64955c0f-eaa3-4555-9008-761995cfe779'),UUID_TO_BIN('bd37ef33-fc0f-42d9-9023-c3b94d3f6f83'),'Bilmatskyi','Більмацький'), (UUID_TO_BIN('a06aea09-aaf3-4e5e-b8e0-cf98c1708b37'),UUID_TO_BIN('fd5dc237-66cf-4434-bcdf-0485e4fc7722'),'Khmelnytskyi','Хмельницький'), (UUID_TO_BIN('2ccf20a6-6fd7-4f02-86ff-6dd8bbb7431e'),UUID_TO_BIN('11062162-2ca4-4658-85a7-cd6a1893ab68'),'Chornobaivskyi','Чорнобаївський'), (UUID_TO_BIN('ce067932-e562-424b-9f65-df77ac4ec10c'),UUID_TO_BIN('d39ea090-9b8a-4363-b655-eb70c9267b3e'),'Kamianka-Buzkyi','Кам\'янка-Бузький'), (UUID_TO_BIN('4210cb67-a85d-4c59-bdac-472760d5d082'),UUID_TO_BIN('ef1f9569-1848-4fcc-8600-22f85f308b5a'),'Kiliiskyi','Кілійський'), (UUID_TO_BIN('10f1879f-c50d-4e01-bafc-41a4ebc2a993'),UUID_TO_BIN('b1b1ace9-6209-4b33-8153-ed09be655d15'),'Tomakivskyi','Томаківський'), (UUID_TO_BIN('729c03b3-4644-4d37-95e0-2d62ba25cd05'),UUID_TO_BIN('d750e094-de52-4c72-b70c-17ea972392bd'),'Hornostaivskyi','Горностаївський'), (UUID_TO_BIN('e667a197-bbc8-4b17-b546-65a96cd106c5'),UUID_TO_BIN('bd37ef33-fc0f-42d9-9023-c3b94d3f6f83'),'Yakymivskyi','Якимівський'), (UUID_TO_BIN('76623a2d-25ee-4ed0-8dec-6d262543d7a1'),UUID_TO_BIN('7313d634-8319-4268-9f0c-d1debb4e77e0'),'Borznianskyi','Борзнянський'), (UUID_TO_BIN('cbe19bbc-db86-4e12-9200-b3c4d612b068'),UUID_TO_BIN('10c77a43-b3b2-4c73-a988-7bf5d266a541'),'Bilopilskyi','Білопільський'), (UUID_TO_BIN('44bb6802-53eb-4914-8cf9-3a72fcc6255b'),UUID_TO_BIN('9b1f6d64-b287-4555-b50b-ebf5ca6bbae9'),'Derhachivskyi','Дергачівський'), (UUID_TO_BIN('66b6b06c-121c-43c4-bd7a-4b6e02c03a76'),UUID_TO_BIN('11062162-2ca4-4658-85a7-cd6a1893ab68'),'Cherkaskyi','Черкаський'), (UUID_TO_BIN('91381ff0-e631-4200-bccc-9fd5a9bf1509'),UUID_TO_BIN('bd37ef33-fc0f-42d9-9023-c3b94d3f6f83'),'Huliaipilskyi','Гуляйпільський'), (UUID_TO_BIN('6cd35d25-2d45-40d9-9ebb-92135665ef52'),UUID_TO_BIN('423b21ba-7c33-41ac-aa86-3bbb06480ab8'),'Mashivskyi','Машівський'), (UUID_TO_BIN('080229f9-d455-4a93-8d54-5341617bc15f'),UUID_TO_BIN('fd5dc237-66cf-4434-bcdf-0485e4fc7722'),'Iziaslavskyi','Ізяславський'), (UUID_TO_BIN('3871eccb-a080-4ac3-bf2f-27359d48ae1b'),UUID_TO_BIN('b2dc2fe7-54a3-4edf-bce3-8f705e050829'),'Khustskyi','Хустський'), (UUID_TO_BIN('0ae48d0e-dfee-4d41-a0b4-6a611e58115a'),UUID_TO_BIN('bd37ef33-fc0f-42d9-9023-c3b94d3f6f83'),'Chernihivskyi','Чернігівський'), (UUID_TO_BIN('d4be9d5f-6a4a-481f-9e80-2069152aea48'),UUID_TO_BIN('11062162-2ca4-4658-85a7-cd6a1893ab68'),'Umanskyi','Уманський'), (UUID_TO_BIN('276dffc4-019b-4edb-abea-14abb0bbcd93'),UUID_TO_BIN('6888fa4f-42e5-4593-b4ba-de661b1ed4bd'),'Vyshhorodskyi','Вишгородський'), (UUID_TO_BIN('e51843f2-b325-409b-965c-19c129c81aaf'),UUID_TO_BIN('cb88e6f4-5830-4a0d-9dc0-bbc019f44dd3'),'Berezanskyi','Березанський'), (UUID_TO_BIN('4d616942-50ee-4c74-ae74-7149846aab4c'),UUID_TO_BIN('bd37ef33-fc0f-42d9-9023-c3b94d3f6f83'),'Veselivskyi','Веселівський'), (UUID_TO_BIN('eee1f68f-09dd-4fd9-a2ab-c21f2b37a760'),UUID_TO_BIN('cb88e6f4-5830-4a0d-9dc0-bbc019f44dd3'),'Vitovskyi','Вітовський'), (UUID_TO_BIN('65885f35-53d9-474c-a84d-4e108d23c90e'),UUID_TO_BIN('15add95f-78c1-4db5-8aab-c6081c952cd7'),'Haisynskyi','Гайсинський'), (UUID_TO_BIN('e04cac8b-ba59-4e20-9afe-1a20f7e563b3'),UUID_TO_BIN('9b1f6d64-b287-4555-b50b-ebf5ca6bbae9'),'Kharkivskyi','Харківський'), (UUID_TO_BIN('898cbda6-e3e1-4347-9e40-7c2a2fd98940'),UUID_TO_BIN('7313d634-8319-4268-9f0c-d1debb4e77e0'),'Nizhynskyi','Ніжинський'), (UUID_TO_BIN('4b5beb7f-e704-4cdf-8965-9a99380d00ec'),UUID_TO_BIN('540cf184-d08a-4f27-8cb0-f2d16db743a9'),'Ovrutskyi','Овруцький'), (UUID_TO_BIN('36f85f2a-cb15-4c6e-9e2c-5b3047c7eef4'),UUID_TO_BIN('9895f624-aec7-428b-9cf2-424c9a98a158'),'Chortkivskyi','Чортківський'), (UUID_TO_BIN('11fa0f2c-d1b9-4c18-9ae9-552991519814'),UUID_TO_BIN('10c77a43-b3b2-4c73-a988-7bf5d266a541'),'Okhtyrskyi','Охтирський'), (UUID_TO_BIN('c304217c-f03b-4d0d-b77c-200d4c5370e8'),UUID_TO_BIN('540cf184-d08a-4f27-8cb0-f2d16db743a9'),'Narodytskyi','Народицький'), (UUID_TO_BIN('e5af2b50-9e36-4495-866c-c3a2d5a63637'),UUID_TO_BIN('b1b1ace9-6209-4b33-8153-ed09be655d15'),'Kryvorizkyi','Криворізький'), (UUID_TO_BIN('6a8a96dd-ed2e-4d02-b3ea-3fa0255e1d36'),UUID_TO_BIN('bd37ef33-fc0f-42d9-9023-c3b94d3f6f83'),'Kamiansko-Dniprovskyi','Кам\'янсько-Дніпровський'), (UUID_TO_BIN('ad22fcc6-7d4b-4641-9675-ac9f132f03bb'),UUID_TO_BIN('540cf184-d08a-4f27-8cb0-f2d16db743a9'),'Liubarskyi','Любарський'), (UUID_TO_BIN('b7cb41a7-ff60-4a26-8e33-71e9de64ade6'),UUID_TO_BIN('fd5dc237-66cf-4434-bcdf-0485e4fc7722'),'Teofipolskyi','Теофіпольський'), (UUID_TO_BIN('206edac2-d011-4d38-8729-6f93142f8011'),UUID_TO_BIN('67fa6186-7bb8-451a-b513-85565775df38'),'Mangushskyi','Мангушський'), (UUID_TO_BIN('b4f6d039-39c0-4974-9a4c-d401381e75c2'),UUID_TO_BIN('b4d8b012-a9de-42b0-9936-95ad6306f857'),'Ratnivskyi','Ратнівський'), (UUID_TO_BIN('2a36c87f-4b30-4960-b63f-bce070f0f7fa'),UUID_TO_BIN('7313d634-8319-4268-9f0c-d1debb4e77e0'),'Bakhmatskyi','Бахмацький'), (UUID_TO_BIN('28b93e77-5fab-41db-af63-f9c173ee4375'),UUID_TO_BIN('3859a580-9f86-4b5d-a1a9-fb256f219168'),'Petrivskyi','Петрівський'), (UUID_TO_BIN('0a064edb-411c-41d0-8d4f-42f652f7c73a'),UUID_TO_BIN('cb88e6f4-5830-4a0d-9dc0-bbc019f44dd3'),'Bereznehuvatskyi','Березнегуватський'), (UUID_TO_BIN('b0b738b1-4a12-458c-aa85-7f96b9e8ef91'),UUID_TO_BIN('6888fa4f-42e5-4593-b4ba-de661b1ed4bd'),'Borodianskyi','Бородянський'), (UUID_TO_BIN('1e8cfb77-3c1e-4ff3-8402-f484a3c43a55'),UUID_TO_BIN('3859a580-9f86-4b5d-a1a9-fb256f219168'),'Novomyrhorodskyi','Новомиргородський'), (UUID_TO_BIN('28432a0e-dc14-403c-a81f-b5beecf7414b'),UUID_TO_BIN('87963818-671c-438b-a90a-1211dd69d5f3'),'Rohatynskyi','Рогатинський'), (UUID_TO_BIN('3a9fed74-761d-4cea-b215-2c87e57f55b1'),UUID_TO_BIN('423b21ba-7c33-41ac-aa86-3bbb06480ab8'),'Khorolskyi','Хорольський'), (UUID_TO_BIN('13f0697d-ec1b-4da8-9782-f727db028920'),UUID_TO_BIN('fd5dc237-66cf-4434-bcdf-0485e4fc7722'),'Chemerovetskyi','Чемеровецький'), (UUID_TO_BIN('6fb931df-cace-4705-b63a-9bc281f47504'),UUID_TO_BIN('9895f624-aec7-428b-9cf2-424c9a98a158'),'Zborivskyi','Зборівський'), (UUID_TO_BIN('35e90cfd-9d1e-492d-8a51-004dc438fa18'),UUID_TO_BIN('cd229955-08d7-4237-8b4d-7de7e38c7428'),'Radyvylivskyi','Радивилівський'), (UUID_TO_BIN('8878e842-a1aa-4ce7-b727-f931b49a111f'),UUID_TO_BIN('6888fa4f-42e5-4593-b4ba-de661b1ed4bd'),'Makarivskyi','Макарівський'), (UUID_TO_BIN('23f6e52a-bccd-4ca5-8d1d-3fbf9973d215'),UUID_TO_BIN('67fa6186-7bb8-451a-b513-85565775df38'),'Nikolskyi','Нікольський'), (UUID_TO_BIN('8a4b15cc-edff-456d-84cd-d810c097577b'),UUID_TO_BIN('540cf184-d08a-4f27-8cb0-f2d16db743a9'),'Popilnianskyi','Попільнянський'), (UUID_TO_BIN('2ceeb4de-f15e-4036-9118-20f15406fe92'),UUID_TO_BIN('d39ea090-9b8a-4363-b655-eb70c9267b3e'),'Peremyshlianskyi','Перемишлянський'), (UUID_TO_BIN('d9eb3ba7-52c8-4264-b20a-8d0289f5c8d8'),UUID_TO_BIN('b4d8b012-a9de-42b0-9936-95ad6306f857'),'Kovelskyi','Ковельський'), (UUID_TO_BIN('af583fbc-afb2-4ce3-ba86-e2b74e147e85'),UUID_TO_BIN('3859a580-9f86-4b5d-a1a9-fb256f219168'),'Vilshanskyi','Вільшанський'), (UUID_TO_BIN('af34beed-0b26-426a-877a-36ad4e37f756'),UUID_TO_BIN('bd37ef33-fc0f-42d9-9023-c3b94d3f6f83'),'Tokmatskyi','Токмацький'), (UUID_TO_BIN('c211bf9d-322a-42e5-9835-d783cb73d352'),UUID_TO_BIN('ef1f9569-1848-4fcc-8600-22f85f308b5a'),'Savranskyi','Савранський'), (UUID_TO_BIN('d3097e38-6d20-4e97-8c88-42aa7ec1548e'),UUID_TO_BIN('10c77a43-b3b2-4c73-a988-7bf5d266a541'),'Velykopysarivskyi','Великописарівський'), (UUID_TO_BIN('dc534576-0481-4c27-aa80-8b40993ebdd8'),UUID_TO_BIN('d750e094-de52-4c72-b70c-17ea972392bd'),'Beryslavskyi','Бериславський'), (UUID_TO_BIN('9519040d-bda4-49d1-8026-a1785ccdc7d9'),UUID_TO_BIN('67fa6186-7bb8-451a-b513-85565775df38'),'Kramatorskyi','Краматорський'), (UUID_TO_BIN('a899a84a-4734-45a0-b7c0-c807ec924905'),UUID_TO_BIN('b1b1ace9-6209-4b33-8153-ed09be655d15'),'Kamianskyi','Кам\'янський'), (UUID_TO_BIN('a5d6193e-0b0e-49ae-95e8-abbac95e43b0'),UUID_TO_BIN('6888fa4f-42e5-4593-b4ba-de661b1ed4bd'),'Stavyshchenskyi','Ставищенський'), (UUID_TO_BIN('42a2f59a-d454-449f-8e99-b87defaf25a7'),UUID_TO_BIN('9b1f6d64-b287-4555-b50b-ebf5ca6bbae9'),'Shevchenkivskyi','Шевченківський'), (UUID_TO_BIN('b808c2b4-58d5-4672-ab3f-90dd026557fc'),UUID_TO_BIN('cb88e6f4-5830-4a0d-9dc0-bbc019f44dd3'),'Ochakivskyi','Очаківський'), (UUID_TO_BIN('e3686935-2df3-4733-a031-5bc7196a888a'),UUID_TO_BIN('87963818-671c-438b-a90a-1211dd69d5f3'),'Kolomyiskyi','Коломийський'), (UUID_TO_BIN('a83e1e3d-1867-46f1-b420-358d7fa6164d'),UUID_TO_BIN('9b1f6d64-b287-4555-b50b-ebf5ca6bbae9'),'Bohodukhivskyi','Богодухівський'), (UUID_TO_BIN('f2cf3598-083a-412f-8462-f00b3715788e'),UUID_TO_BIN('cd229955-08d7-4237-8b4d-7de7e38c7428'),'Volodymyretskyi','Володимирецький'), (UUID_TO_BIN('1549945f-caf0-4049-9d23-c2bf0e9e6dc2'),UUID_TO_BIN('540cf184-d08a-4f27-8cb0-f2d16db743a9'),'Zhytomyrskyi','Житомирський'), (UUID_TO_BIN('db4e9747-8eff-483b-b617-a675019d3e1e'),UUID_TO_BIN('d39ea090-9b8a-4363-b655-eb70c9267b3e'),'Skolivskyi','Сколівський'), (UUID_TO_BIN('c8ae19c1-b6c5-4fca-98d3-63b83b947693'),UUID_TO_BIN('b1b1ace9-6209-4b33-8153-ed09be655d15'),'Pokrovskyi','Покровський'), (UUID_TO_BIN('3d38fe03-e427-4563-bdea-fb1a0f3d470a'),UUID_TO_BIN('3859a580-9f86-4b5d-a1a9-fb256f219168'),'Malovyskivskyi','Маловисківський'), (UUID_TO_BIN('b7c60d0f-ce47-4d4f-8794-4647b910c827'),UUID_TO_BIN('b1b1ace9-6209-4b33-8153-ed09be655d15'),'Mezhivskyi','Межівський'), (UUID_TO_BIN('5aed5c43-5703-413c-973d-5301025c54bb'),UUID_TO_BIN('fd5dc237-66cf-4434-bcdf-0485e4fc7722'),'Novoushytskyi','Новоушицький'), (UUID_TO_BIN('74fc627d-bde7-4d21-8f52-574b94acd405'),UUID_TO_BIN('cb88e6f4-5830-4a0d-9dc0-bbc019f44dd3'),'Snihurivskyi','Снігурівський'), (UUID_TO_BIN('6c391261-11d9-442f-9b30-ae22e3a35603'),UUID_TO_BIN('d39ea090-9b8a-4363-b655-eb70c9267b3e'),'Sambirskyi','Самбірський'), (UUID_TO_BIN('8f80827e-5f57-48f3-9ac5-83d240cbda52'),UUID_TO_BIN('423b21ba-7c33-41ac-aa86-3bbb06480ab8'),'Dykanskyi','Диканський'), (UUID_TO_BIN('c0e8be25-4e99-4dbf-bd45-6dc84bed5de2'),UUID_TO_BIN('537f8473-0835-400a-b38e-9a280a8857d6'),'Vyzhnytskyi','Вижницький'), (UUID_TO_BIN('8fdb3028-328a-4a7e-955c-c5c01c2715b5'),UUID_TO_BIN('540cf184-d08a-4f27-8cb0-f2d16db743a9'),'Malynskyi','Малинський'), (UUID_TO_BIN('4af25f0b-9779-4985-bb89-7ead90ca04e7'),UUID_TO_BIN('d39ea090-9b8a-4363-b655-eb70c9267b3e'),'Zhydachivskyi','Жидачівський'), (UUID_TO_BIN('52f2ad34-f6f8-4a78-8aff-0920770ba03c'),UUID_TO_BIN('b1b1ace9-6209-4b33-8153-ed09be655d15'),'Solonianskyi','Солонянський'), (UUID_TO_BIN('5c503946-0f58-4a57-ac22-9321f63bbe87'),UUID_TO_BIN('10c77a43-b3b2-4c73-a988-7bf5d266a541'),'Burynskyi','Буринський'), (UUID_TO_BIN('ca0cfa24-3d23-409a-a499-3a796aac4140'),UUID_TO_BIN('540cf184-d08a-4f27-8cb0-f2d16db743a9'),'Pulinskyi','Пулинський'), (UUID_TO_BIN('199c2306-d3f4-484c-87a5-995018ab1cfc'),UUID_TO_BIN('15add95f-78c1-4db5-8aab-c6081c952cd7'),'Trostianetskyi','Тростянецький'), (UUID_TO_BIN('535082e3-0c22-463d-8a9a-ca3ff8018a35'),UUID_TO_BIN('ef1f9569-1848-4fcc-8600-22f85f308b5a'),'Artsyzkyi','Арцизький'), (UUID_TO_BIN('db390ded-67e9-4811-a5c4-f39ef7b89547'),UUID_TO_BIN('15add95f-78c1-4db5-8aab-c6081c952cd7'),'Lypovetskyi','Липовецький'), (UUID_TO_BIN('f4e9cfe0-1538-41e6-9dce-7c8a95406537'),UUID_TO_BIN('9b1f6d64-b287-4555-b50b-ebf5ca6bbae9'),'Barvinkivskyi','Барвінківський'), (UUID_TO_BIN('3d6ec157-1f5e-4f9f-abb1-7025bf62e5f9'),UUID_TO_BIN('b4d8b012-a9de-42b0-9936-95ad6306f857'),'Kamin-Kashyrskyi','Камінь-Каширський'), (UUID_TO_BIN('345b6c62-4166-48de-a896-c1f8ff37f48c'),UUID_TO_BIN('9b1f6d64-b287-4555-b50b-ebf5ca6bbae9'),'Kehychivskyi','Кегичівський'), (UUID_TO_BIN('55ccfd52-fade-4013-8631-46a02d608cfa'),UUID_TO_BIN('7313d634-8319-4268-9f0c-d1debb4e77e0'),'Varvynskyi','Варвинський'), (UUID_TO_BIN('df43aaf5-507c-4639-9a60-2bb4f4125722'),UUID_TO_BIN('ef1f9569-1848-4fcc-8600-22f85f308b5a'),'Oknianskyi','Окнянський'), (UUID_TO_BIN('c3a80f39-192c-4100-8acd-cca7f60f79d9'),UUID_TO_BIN('ef1f9569-1848-4fcc-8600-22f85f308b5a'),'Bilhorod-Dnistrovskyi','Білгород-Дністровський'), (UUID_TO_BIN('1c939e69-829c-4144-bb32-3dc8c14d9b55'),UUID_TO_BIN('10c77a43-b3b2-4c73-a988-7bf5d266a541'),'Hlukhivskyi','Глухівський'), (UUID_TO_BIN('e9e27864-286f-4107-abb3-1f2d58140dd3'),UUID_TO_BIN('6888fa4f-42e5-4593-b4ba-de661b1ed4bd'),'Bohuslavskyi','Богуславський'), (UUID_TO_BIN('5170cc59-2b54-4315-a076-e5124dc456a7'),UUID_TO_BIN('e6534445-8997-406a-8cf9-a7e750435438'),'Bilokurakynskyi','Білокуракинський'), (UUID_TO_BIN('c0f0a473-ff6c-4882-8f0a-87e0d3a66e47'),UUID_TO_BIN('423b21ba-7c33-41ac-aa86-3bbb06480ab8'),'Zinkivskyi','Зіньківський'), (UUID_TO_BIN('56c24d5d-7c93-46d1-aa8b-d82f0c047801'),UUID_TO_BIN('ef1f9569-1848-4fcc-8600-22f85f308b5a'),'Biliaivskyi','Біляївський'), (UUID_TO_BIN('aab00a9e-d225-40fa-b439-15259c3c320f'),UUID_TO_BIN('6888fa4f-42e5-4593-b4ba-de661b1ed4bd'),'Tarashchanskyi','Таращанський'), (UUID_TO_BIN('4f2df859-f814-4b60-943d-f10dec8ee860'),UUID_TO_BIN('6888fa4f-42e5-4593-b4ba-de661b1ed4bd'),'Zhurivskyi','Згурівський'), (UUID_TO_BIN('53cd6fba-a0b5-4553-9a66-48376a569683'),UUID_TO_BIN('540cf184-d08a-4f27-8cb0-f2d16db743a9'),'Korostenskyi','Коростенський'), (UUID_TO_BIN('6b26534a-4748-4d14-9aa8-eece8859d613'),UUID_TO_BIN('87963818-671c-438b-a90a-1211dd69d5f3'),'Verkhovynskyi','Верховинський'), (UUID_TO_BIN('ed86f1bc-bc61-493c-9e80-ab81046d719c'),UUID_TO_BIN('15add95f-78c1-4db5-8aab-c6081c952cd7'),'Kryzhopilskyi','Крижопільський'), (UUID_TO_BIN('0f07f9b0-e73b-4f61-823e-42b0410b491a'),UUID_TO_BIN('15add95f-78c1-4db5-8aab-c6081c952cd7'),'Zhmerynskyi','Жмеринський'), (UUID_TO_BIN('6962e173-090c-4295-9057-25c9da77a218'),UUID_TO_BIN('fd5dc237-66cf-4434-bcdf-0485e4fc7722'),'Kamianets-Podilskyi','Кам\'янець-Подільський'), (UUID_TO_BIN('be6e7460-2dcb-418f-a33b-25493f5e4e63'),UUID_TO_BIN('ef1f9569-1848-4fcc-8600-22f85f308b5a'),'Izmailskyi','Ізмаїльський'), (UUID_TO_BIN('6b902fd8-fb5a-4c2f-a5d5-1f92b403c48f'),UUID_TO_BIN('b2dc2fe7-54a3-4edf-bce3-8f705e050829'),'Mizhhirskyi','Міжгірський'), (UUID_TO_BIN('42a31944-b338-4316-bf6d-4c45c7762bff'),UUID_TO_BIN('cd229955-08d7-4237-8b4d-7de7e38c7428'),'Sarnenskyi','Сарненський'), (UUID_TO_BIN('98967d3f-005b-4b27-83fb-2eeb2c4b2cb6'),UUID_TO_BIN('bd37ef33-fc0f-42d9-9023-c3b94d3f6f83'),'Melitopolskyi','Мелітопольський'), (UUID_TO_BIN('008390d7-52c2-4b88-8da5-2702d6270911'),UUID_TO_BIN('15add95f-78c1-4db5-8aab-c6081c952cd7'),'Barskyi','Барський'), (UUID_TO_BIN('66ef0840-5d5f-428a-a8cc-fc62780a6eab'),UUID_TO_BIN('15add95f-78c1-4db5-8aab-c6081c952cd7'),'Kalynivskyi','Калинівський'), (UUID_TO_BIN('dff8b23f-cacb-43dc-a2e6-e6884334da38'),UUID_TO_BIN('6888fa4f-42e5-4593-b4ba-de661b1ed4bd'),'Rokytnianskyi','Рокитнянський'), (UUID_TO_BIN('1a9775f5-1e01-4f8e-94f2-91f30c3f1e77'),UUID_TO_BIN('9895f624-aec7-428b-9cf2-424c9a98a158'),'Zalishchytskyi','Заліщицький'), (UUID_TO_BIN('3cfaa3db-de79-4252-b968-807309e25f48'),UUID_TO_BIN('6888fa4f-42e5-4593-b4ba-de661b1ed4bd'),'Vyshgorodsky','Вишгородський'), (UUID_TO_BIN('09e420dd-f384-43ca-a3ec-d7d0531ed1cc'),UUID_TO_BIN('537f8473-0835-400a-b38e-9a280a8857d6'),'Novoselytskyi','Новоселицький'), (UUID_TO_BIN('b09b7cb8-f674-4aff-985b-55d97d71c0fa'),UUID_TO_BIN('11062162-2ca4-4658-85a7-cd6a1893ab68'),'Zhashkivskyi','Жашківський'), (UUID_TO_BIN('ea635905-bc3b-4be2-8aa4-863ee9786881'),UUID_TO_BIN('9b1f6d64-b287-4555-b50b-ebf5ca6bbae9'),'Pechenizkyi','Печенізький'), (UUID_TO_BIN('a7a52e16-a8f0-480f-93f7-da7d317d36bb'),UUID_TO_BIN('cd229955-08d7-4237-8b4d-7de7e38c7428'),'Zdolbunivskyi','Здолбунівський'), (UUID_TO_BIN('4da907aa-27d8-4a34-8fc8-5cd9db382741'),UUID_TO_BIN('e6534445-8997-406a-8cf9-a7e750435438'),'Kreminskyi','Кремінський'), (UUID_TO_BIN('6ef06e4f-c642-4e53-b543-25ec56fcf1c5'),UUID_TO_BIN('d750e094-de52-4c72-b70c-17ea972392bd'),'Vysokopilskyi','Високопільський'), (UUID_TO_BIN('56410ab1-460c-4faa-ba48-08f3b43152b2'),UUID_TO_BIN('b4d8b012-a9de-42b0-9936-95ad6306f857'),'Starovyzhivskyi','Старовижівський'), (UUID_TO_BIN('f65a2849-bedd-4a3f-a76e-54eda1a0689f'),UUID_TO_BIN('423b21ba-7c33-41ac-aa86-3bbb06480ab8'),'Poltava','Полта́вський'), (UUID_TO_BIN('54650099-30bc-4172-b665-493b44ce1829'),UUID_TO_BIN('6888fa4f-42e5-4593-b4ba-de661b1ed4bd'),'Pereiaslav-Khmelnytskyi','Переяслав-Хмельницький'), (UUID_TO_BIN('f211326e-2f72-4355-aa99-19102e0076d9'),UUID_TO_BIN('6888fa4f-42e5-4593-b4ba-de661b1ed4bd'),'Brovarskyi','Броварський'), (UUID_TO_BIN('54a5e40c-6de9-4912-9957-4e81250c13c5'),UUID_TO_BIN('6888fa4f-42e5-4593-b4ba-de661b1ed4bd'),'Obukhivskyi','Обухівський'), (UUID_TO_BIN('8805430a-2720-4dbb-a732-f760a683e4e5'),UUID_TO_BIN('bd37ef33-fc0f-42d9-9023-c3b94d3f6f83'),'Mykhailivskyi','Михайлівський'), (UUID_TO_BIN('7217832e-0a8f-4d05-aabf-3517c50971c7'),UUID_TO_BIN('e6534445-8997-406a-8cf9-a7e750435438'),'Markivskyi','Марківський'), (UUID_TO_BIN('87c418c4-8f4c-450c-80b9-662d1d340d11'),UUID_TO_BIN('15add95f-78c1-4db5-8aab-c6081c952cd7'),'Sharhorodskyi','Шаргородський'), (UUID_TO_BIN('2e4c2bf1-81bf-4df2-a995-a3690b82c3a3'),UUID_TO_BIN('ef1f9569-1848-4fcc-8600-22f85f308b5a'),'Ananivskyi','Ананьївський'), (UUID_TO_BIN('4877800c-4036-4fff-9cf8-b7727cc16f70'),UUID_TO_BIN('cd229955-08d7-4237-8b4d-7de7e38c7428'),'Kostopilskyi','Костопільський'), (UUID_TO_BIN('7953e006-c275-4883-b112-1eee66875e2a'),UUID_TO_BIN('b2dc2fe7-54a3-4edf-bce3-8f705e050829'),'Mukachivskyi','Мукачівський'), (UUID_TO_BIN('8c261c87-3b6c-4d7a-81a1-64d7d86e92e6'),UUID_TO_BIN('ef1f9569-1848-4fcc-8600-22f85f308b5a'),'Reniiskyi','Ренійський'), (UUID_TO_BIN('21918f12-b722-420f-9bab-b7fa4e839e53'),UUID_TO_BIN('b1b1ace9-6209-4b33-8153-ed09be655d15'),'Shyrokivskyi','Широківський'), (UUID_TO_BIN('4b8c22d8-c200-4711-bbb7-441de4fd6dd6'),UUID_TO_BIN('9b1f6d64-b287-4555-b50b-ebf5ca6bbae9'),'Balakliiskyi','Балаклійський'), (UUID_TO_BIN('1c74533d-975a-4550-930f-dae1301fa81d'),UUID_TO_BIN('15add95f-78c1-4db5-8aab-c6081c952cd7'),'Khmilnytskyi','Хмільницький'), (UUID_TO_BIN('7f7fb5b8-9d63-4bf9-8bc4-8014b70605d4'),UUID_TO_BIN('67fa6186-7bb8-451a-b513-85565775df38'),'Limanskyi','Лиманський'), (UUID_TO_BIN('6151673e-5513-4325-a434-37b257b36dff'),UUID_TO_BIN('87963818-671c-438b-a90a-1211dd69d5f3'),'Horodenkivskyi','Городенківський'), (UUID_TO_BIN('23caba27-68c1-4179-813a-17aee609f87b'),UUID_TO_BIN('87963818-671c-438b-a90a-1211dd69d5f3'),'Halytskyi','Галицький'), (UUID_TO_BIN('eaa452fe-fff4-40d7-a7c0-e264809d20c9'),UUID_TO_BIN('9b1f6d64-b287-4555-b50b-ebf5ca6bbae9'),'Krasnohradskyi','Красноградський'), (UUID_TO_BIN('3e461daf-6896-4058-9475-554223a3c19d'),UUID_TO_BIN('9b1f6d64-b287-4555-b50b-ebf5ca6bbae9'),'Zmiivskyi','Зміївський'), (UUID_TO_BIN('0ffa2e84-747a-45ed-bb7e-b3b7ef2bd84c'),UUID_TO_BIN('540cf184-d08a-4f27-8cb0-f2d16db743a9'),'Novohrad-Volynskyi','Новоград-Волинський'), (UUID_TO_BIN('4a783eb3-d1a8-4a37-b0d7-c5c563327b24'),UUID_TO_BIN('537f8473-0835-400a-b38e-9a280a8857d6'),'Hlybotskyi','Глибоцький'), (UUID_TO_BIN('5f49229d-c618-4346-a9d2-668d90099fea'),UUID_TO_BIN('15add95f-78c1-4db5-8aab-c6081c952cd7'),'Mohyliv-Podilskyi','Могилів-Подільський'), (UUID_TO_BIN('c45c6f6e-901d-4c85-8f5e-1c753f8209aa'),UUID_TO_BIN('b1b1ace9-6209-4b33-8153-ed09be655d15'),'Krynychanskyi','Криничанський'), (UUID_TO_BIN('07f82ca7-20cf-4718-a014-4d36409e8d08'),UUID_TO_BIN('423b21ba-7c33-41ac-aa86-3bbb06480ab8'),'Kremenchutskyi','Кременчу́цький'), (UUID_TO_BIN('7574630d-5971-4447-ae6d-fec5530c7cdd'),UUID_TO_BIN('537f8473-0835-400a-b38e-9a280a8857d6'),'Putylskyi','Путильський'), (UUID_TO_BIN('57ae1433-c7a6-49a1-867e-f97ea79b309e'),UUID_TO_BIN('d39ea090-9b8a-4363-b655-eb70c9267b3e'),'Radekhivskyi','Радехівський'), (UUID_TO_BIN('46c8f117-a19c-45ad-85d3-e4a967e6a233'),UUID_TO_BIN('cb88e6f4-5830-4a0d-9dc0-bbc019f44dd3'),'Bashtanskyi','Баштанський'), (UUID_TO_BIN('3602dece-28dc-4437-8fe9-b558505936e6'),UUID_TO_BIN('d750e094-de52-4c72-b70c-17ea972392bd'),'Chaplynskyi','Чаплинський'), (UUID_TO_BIN('b6bb86f1-617b-4629-998c-397ef9d35a4d'),UUID_TO_BIN('15add95f-78c1-4db5-8aab-c6081c952cd7'),'Vinnytskyi','Вінницький'), (UUID_TO_BIN('efe69272-6234-4e8d-a1a0-ca2842f301a8'),UUID_TO_BIN('423b21ba-7c33-41ac-aa86-3bbb06480ab8'),'Hrebinkivskyi','Гребінківський'), (UUID_TO_BIN('5a435394-fe64-4a74-9371-074335e97c16'),UUID_TO_BIN('ef1f9569-1848-4fcc-8600-22f85f308b5a'),'Zakharivskyi','Захарівський'), (UUID_TO_BIN('2062a37b-37e4-46c4-81bc-494316993bdf'),UUID_TO_BIN('87963818-671c-438b-a90a-1211dd69d5f3'),'Bolekhivskyi','Болехівський'), (UUID_TO_BIN('042336a8-cd36-4871-8895-f50f11225aea'),UUID_TO_BIN('b2dc2fe7-54a3-4edf-bce3-8f705e050829'),'Vynohradivskyi','Виноградівський'), (UUID_TO_BIN('878b7686-f229-40ca-a562-710db9aed67e'),UUID_TO_BIN('b1b1ace9-6209-4b33-8153-ed09be655d15'),'Piatykhatskyi','П\'ятихатський'), (UUID_TO_BIN('0fe0b5f2-65c3-4c8a-8a8c-89e57a74b5d8'),UUID_TO_BIN('9b1f6d64-b287-4555-b50b-ebf5ca6bbae9'),'Novovodolazkyi','Нововодолазький'), (UUID_TO_BIN('aa6b49c0-a24c-4605-ba46-a869555af842'),UUID_TO_BIN('423b21ba-7c33-41ac-aa86-3bbb06480ab8'),'Kotelevskyi','Котелевський'), (UUID_TO_BIN('14a97a9a-7718-4405-b365-e2b726cabf9e'),UUID_TO_BIN('15add95f-78c1-4db5-8aab-c6081c952cd7'),'Bershadskyi','Бершадський'), (UUID_TO_BIN('46e76730-81ca-48e2-a96c-d173b16ccd38'),UUID_TO_BIN('bd37ef33-fc0f-42d9-9023-c3b94d3f6f83'),'Vilnianskyi','Вільнянський'), (UUID_TO_BIN('b59a0867-b98a-4462-b784-139b0904edbe'),UUID_TO_BIN('9895f624-aec7-428b-9cf2-424c9a98a158'),'Pidhaietskyi','Підгаєцький'), (UUID_TO_BIN('64df8286-b89d-476a-9279-94bfe75eb6bf'),UUID_TO_BIN('423b21ba-7c33-41ac-aa86-3bbb06480ab8'),'Lubenskyi','Лубенський'), (UUID_TO_BIN('a55a3efb-67bc-484e-8760-9f7ba156f74d'),UUID_TO_BIN('423b21ba-7c33-41ac-aa86-3bbb06480ab8'),'Myrhorodskyi','Миргородський'), (UUID_TO_BIN('3a04a5c9-ecb7-482a-af83-f8c9ef572e7b'),UUID_TO_BIN('b4d8b012-a9de-42b0-9936-95ad6306f857'),'Ivanychivskyi','Іваничівський'), (UUID_TO_BIN('c4ae12b9-402f-4bfc-bd28-0de68b26688d'),UUID_TO_BIN('540cf184-d08a-4f27-8cb0-f2d16db743a9'),'Chudnivskyi','Чуднівський'), (UUID_TO_BIN('1f13ad96-70d9-48a4-b616-7e8c3a7161c7'),UUID_TO_BIN('cb88e6f4-5830-4a0d-9dc0-bbc019f44dd3'),'Kryvoozerskyi','Кривоозерський'), (UUID_TO_BIN('7c31648a-88be-4bd3-a081-2e8e571b035e'),UUID_TO_BIN('cb88e6f4-5830-4a0d-9dc0-bbc019f44dd3'),'Veselynivskyi','Веселинівський'), (UUID_TO_BIN('b842de6e-1473-45f5-b633-07eccee04eca'),UUID_TO_BIN('67fa6186-7bb8-451a-b513-85565775df38'),'Dobropilskyi','Добропільський'), (UUID_TO_BIN('a8a180ed-7e2f-476d-9eef-572651670fce'),UUID_TO_BIN('7313d634-8319-4268-9f0c-d1debb4e77e0'),'Sribnianskyi','Срібнянський'), (UUID_TO_BIN('e3bafd1a-ec0d-4b7d-8ac0-3e2085eb9362'),UUID_TO_BIN('9895f624-aec7-428b-9cf2-424c9a98a158'),'Zbarazkyi','Збаразький'), (UUID_TO_BIN('afdc0373-2243-40ac-994f-f72885c59a0a'),UUID_TO_BIN('ef1f9569-1848-4fcc-8600-22f85f308b5a'),'Tatarbunarskyi','Татарбунарський'), (UUID_TO_BIN('0d69fcc9-a5d5-4b6d-8cb6-dd5fc15765e6'),UUID_TO_BIN('b1b1ace9-6209-4b33-8153-ed09be655d15'),'Novomoskovskyi','Новомосковський'), (UUID_TO_BIN('645738dd-fde2-4c92-8e92-bd7a506637e3'),UUID_TO_BIN('15add95f-78c1-4db5-8aab-c6081c952cd7'),'Orativskyi','Оратівський'), (UUID_TO_BIN('be74331d-20e3-4545-823d-77e96bb1402d'),UUID_TO_BIN('9b1f6d64-b287-4555-b50b-ebf5ca6bbae9'),'Lozivskyi','Лозівський'), (UUID_TO_BIN('33072552-42da-4889-8c18-93527adfe58b'),UUID_TO_BIN('b4d8b012-a9de-42b0-9936-95ad6306f857'),'Shatskyi','Шацький'), (UUID_TO_BIN('d2d1e0b1-ccae-403c-9bd9-3f23943ec1ff'),UUID_TO_BIN('10c77a43-b3b2-4c73-a988-7bf5d266a541'),'Nedryhailivskyi','Недригайлівський'), (UUID_TO_BIN('c60b5aed-ece6-4065-a1eb-f6d4bd084d4d'),UUID_TO_BIN('d750e094-de52-4c72-b70c-17ea972392bd'),'Novotroitskyi','Новотроїцький'), (UUID_TO_BIN('1fa414d6-d18c-4cd1-abb6-697d85af032c'),UUID_TO_BIN('d750e094-de52-4c72-b70c-17ea972392bd'),'Skadovskyi','Скадовський'), (UUID_TO_BIN('26846418-1628-4ca9-a79b-2d1e7f4370f2'),UUID_TO_BIN('423b21ba-7c33-41ac-aa86-3bbb06480ab8'),'Lokhvytskyi','Лохвицький'), (UUID_TO_BIN('8e599efa-685c-4e4c-b823-f6cf54f12654'),UUID_TO_BIN('b2dc2fe7-54a3-4edf-bce3-8f705e050829'),'Rakhivskyi','Рахівський'), (UUID_TO_BIN('f2ba5d6f-68bc-4afb-a330-5f33d646a9e8'),UUID_TO_BIN('ef1f9569-1848-4fcc-8600-22f85f308b5a'),'Ovidiopolskyi','Овідіопольський'), (UUID_TO_BIN('27c337b3-f211-4f72-bdfa-0064c25a6a2c'),UUID_TO_BIN('6888fa4f-42e5-4593-b4ba-de661b1ed4bd'),'Ivankivskyi','Іванківський'), (UUID_TO_BIN('9575ad3e-54ee-4bd5-948f-76d27b346d74'),UUID_TO_BIN('9b1f6d64-b287-4555-b50b-ebf5ca6bbae9'),'Valkivskyi','Валківський'), (UUID_TO_BIN('986d5b77-6c8d-4d21-8a18-3b2138402c12'),UUID_TO_BIN('3859a580-9f86-4b5d-a1a9-fb256f219168'),'Onufriivskyi','Онуфріївський'), (UUID_TO_BIN('e9d13f8e-e4d5-4da7-ad09-58ce6e605289'),UUID_TO_BIN('9b1f6d64-b287-4555-b50b-ebf5ca6bbae9'),'Chuhuivskyi','Чугуївський'), (UUID_TO_BIN('a1574d83-17dd-4c0f-98a3-96cc7296b992'),UUID_TO_BIN('540cf184-d08a-4f27-8cb0-f2d16db743a9'),'Romanivskyi','Романівський'), (UUID_TO_BIN('6674008a-8f51-4807-9d0e-8b4eec43dd99'),UUID_TO_BIN('9895f624-aec7-428b-9cf2-424c9a98a158'),'Buchatskyi','Бучацький'), (UUID_TO_BIN('4e61e97e-8a8e-4406-af7d-bc5d0898331c'),UUID_TO_BIN('d750e094-de52-4c72-b70c-17ea972392bd'),'Velykooleksandrivskyi','Великоолександрівський'), (UUID_TO_BIN('676e2120-fdd4-45d5-a72a-408793825542'),UUID_TO_BIN('67fa6186-7bb8-451a-b513-85565775df38'),'Velykonovosilkivskyi','Великоновосілківський'), (UUID_TO_BIN('9329e326-c844-4eef-8cfe-7fc7f5f706a5'),UUID_TO_BIN('87963818-671c-438b-a90a-1211dd69d5f3'),'Dolynskyi','Долинський'), (UUID_TO_BIN('c7cd2a7b-cffa-4957-b9ff-17a13a21b501'),UUID_TO_BIN('3859a580-9f86-4b5d-a1a9-fb256f219168'),'Novhorodkivskyi','Новгородківський'), (UUID_TO_BIN('6862a6dc-fca7-46d4-b3e6-9ddb9c39a711'),UUID_TO_BIN('7313d634-8319-4268-9f0c-d1debb4e77e0'),'Bobrovytskyi','Бобровицький'), (UUID_TO_BIN('84027595-6b52-4935-ba6f-eae2e36db0b9'),UUID_TO_BIN('6888fa4f-42e5-4593-b4ba-de661b1ed4bd'),'Tetiivskyi','Тетіївський'), (UUID_TO_BIN('da06a801-e4f7-46be-95b5-66ab95d7f9a8'),UUID_TO_BIN('d39ea090-9b8a-4363-b655-eb70c9267b3e'),'Stryiskyi','Стрийський'), (UUID_TO_BIN('1a0c5009-819c-4640-920d-d632a5ebfd23'),UUID_TO_BIN('87963818-671c-438b-a90a-1211dd69d5f3'),'Kosivskyi','Косівський'), (UUID_TO_BIN('a2968dab-579c-43db-9942-3b9432713387'),UUID_TO_BIN('15add95f-78c1-4db5-8aab-c6081c952cd7'),'Murovanokurylovetskyi','Мурованокуриловецький'), (UUID_TO_BIN('a33e6e60-6683-4791-83dd-ae036a69b651'),UUID_TO_BIN('3859a580-9f86-4b5d-a1a9-fb256f219168'),'Blagovishchenskyi','Благовіщенський'), (UUID_TO_BIN('0b3a7d9d-b153-45e1-9b94-fff0a5c9e2c9'),UUID_TO_BIN('b1b1ace9-6209-4b33-8153-ed09be655d15'),'Petropavlivskyi','Петропавлівський'), (UUID_TO_BIN('d8ef5d4a-ffc9-4c2e-b645-898cea08bbb0'),UUID_TO_BIN('67fa6186-7bb8-451a-b513-85565775df38'),'Slovianskyi','Слов\'янський'), (UUID_TO_BIN('585ab5ab-7b25-4873-b9c8-d5825c7b32c0'),UUID_TO_BIN('ef1f9569-1848-4fcc-8600-22f85f308b5a'),'Rozdilnianskyi','Роздільнянський'), (UUID_TO_BIN('f241e90c-a69f-4eeb-be11-c7e01d218518'),UUID_TO_BIN('423b21ba-7c33-41ac-aa86-3bbb06480ab8'),'Hlobynskyi','Глобинський'), (UUID_TO_BIN('22dc6aef-b6a0-4c87-a998-4bc5257f8afb'),UUID_TO_BIN('cb88e6f4-5830-4a0d-9dc0-bbc019f44dd3'),'Novoodeskyi','Новоодеський'), (UUID_TO_BIN('35f1a808-fc51-43ed-b90c-9aea177d67df'),UUID_TO_BIN('3859a580-9f86-4b5d-a1a9-fb256f219168'),'Dobrovelychkivskyi','Добровеличківський'), (UUID_TO_BIN('c29f1538-7a7a-4fd6-8bd0-39c6eedf99e4'),UUID_TO_BIN('ef1f9569-1848-4fcc-8600-22f85f308b5a'),'Saratskyi','Саратський'), (UUID_TO_BIN('beb88be3-bd99-46cf-ab98-e8ab122e797f'),UUID_TO_BIN('b2dc2fe7-54a3-4edf-bce3-8f705e050829'),'Perechynskyi','Перечинський'), (UUID_TO_BIN('9c3f4288-2aaf-40bd-b4cd-05f641528698'),UUID_TO_BIN('fd5dc237-66cf-4434-bcdf-0485e4fc7722'),'Dunaievetskyi','Дунаєвецький'), (UUID_TO_BIN('e661a213-d273-4e34-ae0e-8b15b5340c50'),UUID_TO_BIN('9895f624-aec7-428b-9cf2-424c9a98a158'),'Lanovetskyi','Лановецький'), (UUID_TO_BIN('9bc7c083-5a1a-41b8-b995-b7e8214406cd'),UUID_TO_BIN('7313d634-8319-4268-9f0c-d1debb4e77e0'),'Nosivskyi','Носівський'), (UUID_TO_BIN('6156978b-e0cd-4bb8-aec3-ad18047afc3f'),UUID_TO_BIN('10c77a43-b3b2-4c73-a988-7bf5d266a541'),'Seredyno-Budskyi','Середино-Будський'), (UUID_TO_BIN('aaa403ce-ff51-4225-87cd-508ffc2d4a8d'),UUID_TO_BIN('d39ea090-9b8a-4363-b655-eb70c9267b3e'),'Brodivskyi','Бродівський'), (UUID_TO_BIN('7c09df2b-e8c3-414b-b294-1c59a9a7df7e'),UUID_TO_BIN('b2dc2fe7-54a3-4edf-bce3-8f705e050829'),'Uzhgorodskyi','Ужгородський'), (UUID_TO_BIN('f3b54522-4607-4555-94a5-cfb0cac1a71a'),UUID_TO_BIN('540cf184-d08a-4f27-8cb0-f2d16db743a9'),'Luhynskyi','Лугинський'), (UUID_TO_BIN('e968695f-3b6f-4992-8353-8180f66b249e'),UUID_TO_BIN('cd229955-08d7-4237-8b4d-7de7e38c7428'),'Mlynivskyi','Млинівський'), (UUID_TO_BIN('ce6f306f-3517-44e8-a080-f1321aae7444'),UUID_TO_BIN('d750e094-de52-4c72-b70c-17ea972392bd'),'Bilozerskyi','Білозерський'), (UUID_TO_BIN('db2591df-82cb-46d2-9fc4-a32e9952ba34'),UUID_TO_BIN('e6534445-8997-406a-8cf9-a7e750435438'),'Milovskyi','Міловський'), (UUID_TO_BIN('e1a39938-fe95-4aeb-8706-17f58c904323'),UUID_TO_BIN('15add95f-78c1-4db5-8aab-c6081c952cd7'),'Litynskyi','Літинський'), (UUID_TO_BIN('521c721d-3dda-4033-b68c-e98c81db7b0d'),UUID_TO_BIN('d750e094-de52-4c72-b70c-17ea972392bd'),'Nyzhnosirohozkyi','Нижньосірогозький'), (UUID_TO_BIN('e4c8c79b-7c03-4508-99f7-97dadb5379a6'),UUID_TO_BIN('fd5dc237-66cf-4434-bcdf-0485e4fc7722'),'Polonskyi','Полонський'), (UUID_TO_BIN('7a2f1b33-f1ce-4709-bb9f-2ba8743d0448'),UUID_TO_BIN('87963818-671c-438b-a90a-1211dd69d5f3'),'Bohorodchanskyi','Богородчанський'), (UUID_TO_BIN('fe955fed-49c7-4cab-aba6-5df588bc6fcd'),UUID_TO_BIN('3859a580-9f86-4b5d-a1a9-fb256f219168'),'Ustynivskyi','Устинівський'), (UUID_TO_BIN('b6332b93-5085-47f5-afbc-2a0638703008'),UUID_TO_BIN('87963818-671c-438b-a90a-1211dd69d5f3'),'Kaluskyi','Калуський'), (UUID_TO_BIN('69cf1d2f-7307-40f8-a979-fedec5f35e20'),UUID_TO_BIN('d750e094-de52-4c72-b70c-17ea972392bd'),'Khersonskyi','Херсонський'), (UUID_TO_BIN('efa927d9-e056-4677-9482-d3914e306618'),UUID_TO_BIN('537f8473-0835-400a-b38e-9a280a8857d6'),'Kelmenetskyi','Кельменецький'), (UUID_TO_BIN('562e70a9-d526-49ab-b865-78a3aee5ec3d'),UUID_TO_BIN('7313d634-8319-4268-9f0c-d1debb4e77e0'),'Prylutskyi','Прилуцький'), (UUID_TO_BIN('0125bfd8-509f-45b5-aa1f-53847f7f6f6e'),UUID_TO_BIN('7313d634-8319-4268-9f0c-d1debb4e77e0'),'Menskyi','Менський'), (UUID_TO_BIN('2d108393-f2e6-4a0c-943f-3bf57384c580'),UUID_TO_BIN('15add95f-78c1-4db5-8aab-c6081c952cd7'),'Nemyrivskyi','Немирівський'), (UUID_TO_BIN('a839e4a3-a4a2-4fd4-85f0-d798f190ba88'),UUID_TO_BIN('b4d8b012-a9de-42b0-9936-95ad6306f857'),'Kivertsivskyi','Ківерцівський'), (UUID_TO_BIN('bf5468e0-67de-44a4-93a9-0e0ccf39965e'),UUID_TO_BIN('423b21ba-7c33-41ac-aa86-3bbb06480ab8'),'Chutivskyi','Чутівський'), (UUID_TO_BIN('250283ee-4a16-4f02-a806-fbc5f490f9b4'),UUID_TO_BIN('cb88e6f4-5830-4a0d-9dc0-bbc019f44dd3'),'Domanivskyi','Доманівський'), (UUID_TO_BIN('b272451e-e5ef-4186-820b-1195efb2011e'),UUID_TO_BIN('87963818-671c-438b-a90a-1211dd69d5f3'),'Tlumatskyi','Тлумацький'), (UUID_TO_BIN('34e734ee-c082-49b9-b1cc-fdebb84818c6'),UUID_TO_BIN('11062162-2ca4-4658-85a7-cd6a1893ab68'),'Kanivskyi','Канівський'), (UUID_TO_BIN('eaf1c52d-84a9-42c5-aa3a-0852b2f00cb1'),UUID_TO_BIN('67fa6186-7bb8-451a-b513-85565775df38'),'Yasynuvatskyi','Ясинуватський'), (UUID_TO_BIN('c27face3-32fe-4485-b45d-75354de1aa37'),UUID_TO_BIN('7313d634-8319-4268-9f0c-d1debb4e77e0'),'Talalaivskyi','Талалаївський'), (UUID_TO_BIN('852a85f3-a88a-494e-9895-4346bac3e065'),UUID_TO_BIN('6888fa4f-42e5-4593-b4ba-de661b1ed4bd'),'Kaharlytskyi','Кагарлицький'), (UUID_TO_BIN('34504231-8944-432f-8c59-aea04dda4182'),UUID_TO_BIN('537f8473-0835-400a-b38e-9a280a8857d6'),'Zastavnivskyi','Заставнівський'), (UUID_TO_BIN('b6c897fe-33fd-4398-b6cd-0688677f10e5'),UUID_TO_BIN('7313d634-8319-4268-9f0c-d1debb4e77e0'),'Ripkynskyi','Ріпкинський'), (UUID_TO_BIN('171547f1-5c04-4a83-857a-2cbf3f84794e'),UUID_TO_BIN('b4d8b012-a9de-42b0-9936-95ad6306f857'),'Rozhyshchenskyi','Рожищенський'), (UUID_TO_BIN('fdfd48a1-9c70-4b63-a910-be1fe5299a68'),UUID_TO_BIN('7313d634-8319-4268-9f0c-d1debb4e77e0'),'Kozeletskyi','Козелецький'), (UUID_TO_BIN('22a050d0-7f0f-463b-b51f-9eb82d1c0886'),UUID_TO_BIN('11062162-2ca4-4658-85a7-cd6a1893ab68'),'Khrystynivskyi','Христинівський'), (UUID_TO_BIN('f3f31978-7adf-4890-a0bc-ddf299362dc0'),UUID_TO_BIN('3859a580-9f86-4b5d-a1a9-fb256f219168'),'Oleksandriiskyi','Олександрійський'), (UUID_TO_BIN('e8ea2031-1952-43f0-84cc-fa8a3502cba6'),UUID_TO_BIN('11062162-2ca4-4658-85a7-cd6a1893ab68'),'Zvenigorodskyi','Звенигородський'), (UUID_TO_BIN('c336734c-c766-415f-83c3-30b65ad7fc33'),UUID_TO_BIN('ef1f9569-1848-4fcc-8600-22f85f308b5a'),'Ivanivskyi','Іванівський'), (UUID_TO_BIN('3552fa63-d09c-4048-8a97-83dfba0f9e73'),UUID_TO_BIN('10c77a43-b3b2-4c73-a988-7bf5d266a541'),'Konotopskyi','Конотопський'), (UUID_TO_BIN('9fb9d74d-b217-421b-9de7-afd0d828bd3f'),UUID_TO_BIN('bd37ef33-fc0f-42d9-9023-c3b94d3f6f83'),'Prymorskyi','Приморський'), (UUID_TO_BIN('0d2e7f47-49e9-4968-b634-8d0f2ce4c6ad'),UUID_TO_BIN('537f8473-0835-400a-b38e-9a280a8857d6'),'Hertsaivskyi','Герцаївський'), (UUID_TO_BIN('e1b80cad-145e-4ea8-a46a-bca19072317a'),UUID_TO_BIN('67fa6186-7bb8-451a-b513-85565775df38'),'Mariupolskyi','Маріупольський'), (UUID_TO_BIN('df50894e-4c8a-44c0-bb7b-effe19e3a271'),UUID_TO_BIN('423b21ba-7c33-41ac-aa86-3bbb06480ab8'),'Karlivskyi','Карлівський'), (UUID_TO_BIN('8bf814d4-73a0-4fa1-a244-5511399433df'),UUID_TO_BIN('cd229955-08d7-4237-8b4d-7de7e38c7428'),'Varasky','Вараський'), (UUID_TO_BIN('25c4c561-1789-42ce-8808-f4034192264b'),UUID_TO_BIN('d750e094-de52-4c72-b70c-17ea972392bd'),'Holoprystanskyi','Голопристанський'), (UUID_TO_BIN('62df9650-419a-4d4c-be8b-a68fbb6872bd'),UUID_TO_BIN('b1b1ace9-6209-4b33-8153-ed09be655d15'),'Kamyansky','Кам\'янський'), (UUID_TO_BIN('1799a891-e780-4b80-8df5-e72e82774500'),UUID_TO_BIN('3859a580-9f86-4b5d-a1a9-fb256f219168'),'Kompaniivskyi','Компаніївський'), (UUID_TO_BIN('38b3daf5-c59e-41f2-acb9-2516bdc08d2f'),UUID_TO_BIN('540cf184-d08a-4f27-8cb0-f2d16db743a9'),'Berdychivskyi','Бердичівський'), (UUID_TO_BIN('55210077-29ff-479c-aac2-085b1c6fd412'),UUID_TO_BIN('d39ea090-9b8a-4363-b655-eb70c9267b3e'),'Starosambirskyi','Старосамбірський'), (UUID_TO_BIN('9c1a48e0-8434-4178-8b32-a2fc9659e6e5'),UUID_TO_BIN('d750e094-de52-4c72-b70c-17ea972392bd'),'Oleshkivskyi','Олешківський'), (UUID_TO_BIN('102136ac-0ade-4902-a142-f6c68c26a91c'),UUID_TO_BIN('540cf184-d08a-4f27-8cb0-f2d16db743a9'),'Brusylivskyi','Брусилівський'), (UUID_TO_BIN('32101a76-5ed2-4bb0-b061-820fed17d79c'),UUID_TO_BIN('d39ea090-9b8a-4363-b655-eb70c9267b3e'),'Sokalskyi','Сокальський'), (UUID_TO_BIN('39cc87a9-2aaa-4491-9267-5a98484b76e0'),UUID_TO_BIN('11062162-2ca4-4658-85a7-cd6a1893ab68'),'Monastyryshchenskyi','Монастирищенський'), (UUID_TO_BIN('ad71df29-037f-4548-a975-9da4e8941ebd'),UUID_TO_BIN('6888fa4f-42e5-4593-b4ba-de661b1ed4bd'),'Myronivskyi','Миронівський'), (UUID_TO_BIN('1d406b64-085c-4c68-9325-f0fd5142bf93'),UUID_TO_BIN('b4d8b012-a9de-42b0-9936-95ad6306f857'),'Manevytskyi','Маневицький'), (UUID_TO_BIN('e44c177f-eefe-4157-88d1-e239aa3d9988'),UUID_TO_BIN('b4d8b012-a9de-42b0-9936-95ad6306f857'),'Liubeshivskyi','Любешівський'), (UUID_TO_BIN('04ef20c1-22eb-4e1c-8532-f81143917352'),UUID_TO_BIN('e6534445-8997-406a-8cf9-a7e750435438'),'Starobilskyi','Старобільський'), (UUID_TO_BIN('6b724391-9dbe-4ba1-95bf-a94d148c4c5d'),UUID_TO_BIN('423b21ba-7c33-41ac-aa86-3bbb06480ab8'),'Chornukhynskyi','Чорнухинський'), (UUID_TO_BIN('97d27ebe-9b28-4446-b6f2-fdf7c9ccfd8b'),UUID_TO_BIN('6888fa4f-42e5-4593-b4ba-de661b1ed4bd'),'Kyivskyi','Київський'), (UUID_TO_BIN('ca3c61f8-9bcf-49bd-9d05-66e33a51d3e4'),UUID_TO_BIN('15add95f-78c1-4db5-8aab-c6081c952cd7'),'Tomashpilskyi','Томашпільський'), (UUID_TO_BIN('c242db07-67dc-4b6d-ad3f-d237d82780cd'),UUID_TO_BIN('423b21ba-7c33-41ac-aa86-3bbb06480ab8'),'Velykobahachanskyi','Великобагачанський'), (UUID_TO_BIN('bafec514-ba1e-4010-b8cc-2b73a9bbc6d0'),UUID_TO_BIN('e6534445-8997-406a-8cf9-a7e750435438'),'Bilovodskyi','Біловодський'), (UUID_TO_BIN('332fc822-f980-4cef-a202-29cea6b0d053'),UUID_TO_BIN('fd5dc237-66cf-4434-bcdf-0485e4fc7722'),'Derazhnianskyi','Деражнянський'), (UUID_TO_BIN('bd2e6ce6-20c2-49ec-82a2-147988e73974'),UUID_TO_BIN('10c77a43-b3b2-4c73-a988-7bf5d266a541'),'Krasnopilskyi','Краснопільський'), (UUID_TO_BIN('82385917-4097-408d-a309-9221ae22b08e'),UUID_TO_BIN('d39ea090-9b8a-4363-b655-eb70c9267b3e'),'Zhovkivskyi','Жовківський'), (UUID_TO_BIN('d9b414a5-8016-41e0-be44-19ad35ff845a'),UUID_TO_BIN('cd229955-08d7-4237-8b4d-7de7e38c7428'),'Rokytnivskyi','Рокитнівський'), (UUID_TO_BIN('7aada784-71e6-4f78-b4bc-61c2b42a497e'),UUID_TO_BIN('bd37ef33-fc0f-42d9-9023-c3b94d3f6f83'),'Vasylovskyi','Василівський'), (UUID_TO_BIN('27f1b285-2f78-4380-aceb-0fb9248b5207'),UUID_TO_BIN('67fa6186-7bb8-451a-b513-85565775df38'),'Marinskyi','Мар\'їнський'), (UUID_TO_BIN('c4635703-0256-47fe-9726-910dce522ef7'),UUID_TO_BIN('10c77a43-b3b2-4c73-a988-7bf5d266a541'),'Shostkynskyi','Шосткинський'), (UUID_TO_BIN('a1e5577a-4e63-4ac1-bd36-c8136365f839'),UUID_TO_BIN('d39ea090-9b8a-4363-b655-eb70c9267b3e'),'Drohobytskyi','Дрогобицький'), (UUID_TO_BIN('2597457c-706d-4d34-bc14-4e79d3b2e484'),UUID_TO_BIN('fd5dc237-66cf-4434-bcdf-0485e4fc7722'),'Starokostiantynivskyi','Старокостянтинівський'), (UUID_TO_BIN('47fb2b87-8d7f-4c50-a4eb-e389d79ff0da'),UUID_TO_BIN('3859a580-9f86-4b5d-a1a9-fb256f219168'),'Bobrynetskyi','Бобринецький'), (UUID_TO_BIN('a72ccef1-3c8b-4cb6-b53c-b7c6538fc51a'),UUID_TO_BIN('fd5dc237-66cf-4434-bcdf-0485e4fc7722'),'Starosyniavskyi','Старосинявський'), (UUID_TO_BIN('85e648d7-d9fe-4d77-ac0d-87bde04c28f2'),UUID_TO_BIN('d39ea090-9b8a-4363-b655-eb70c9267b3e'),'Mykolaivskyi','Миколаївський'), (UUID_TO_BIN('5127fb78-da30-4bd6-a6d1-d6912969f006'),UUID_TO_BIN('fd5dc237-66cf-4434-bcdf-0485e4fc7722'),'Slavutskyi','Славутський'), (UUID_TO_BIN('3efd1c83-2073-495a-9f17-146c33349d62'),UUID_TO_BIN('b1b1ace9-6209-4b33-8153-ed09be655d15'),'Mahdalynivskyi','Магдалинівський'), (UUID_TO_BIN('082bc708-dba7-4cea-89e6-c9417ab03329'),UUID_TO_BIN('b1b1ace9-6209-4b33-8153-ed09be655d15'),'Nikopolskyi','Никопольский'), (UUID_TO_BIN('00fa3123-0bb0-4ea6-999a-eff1a15e85a4'),UUID_TO_BIN('6888fa4f-42e5-4593-b4ba-de661b1ed4bd'),'Yahotynskyi','Яготинський'), (UUID_TO_BIN('3a85b5fc-7f60-4f9e-a11d-e832f5c2be1f'),UUID_TO_BIN('b2dc2fe7-54a3-4edf-bce3-8f705e050829'),'Volovetskyi','Воловецький'), (UUID_TO_BIN('89fd32f3-fcd8-4231-9452-ee1054e8f9ea'),UUID_TO_BIN('540cf184-d08a-4f27-8cb0-f2d16db743a9'),'Radomyshlskyi','Радомишльський'), (UUID_TO_BIN('ecae8484-409e-4fd0-8af6-01feca6b1da7'),UUID_TO_BIN('bd37ef33-fc0f-42d9-9023-c3b94d3f6f83'),'Polohivskyi','Пологівський'), (UUID_TO_BIN('52f59b6d-4a30-4de1-aae3-e295a90de369'),UUID_TO_BIN('11062162-2ca4-4658-85a7-cd6a1893ab68'),'Smilianskyi','Смілянський'), (UUID_TO_BIN('c3551ab3-ce0f-4112-a1e9-5cb726f56bc6'),UUID_TO_BIN('537f8473-0835-400a-b38e-9a280a8857d6'),'Khotynskyi','Хотинський'), (UUID_TO_BIN('12fe6c65-e54b-4479-aa9a-6d028489a673'),UUID_TO_BIN('10c77a43-b3b2-4c73-a988-7bf5d266a541'),'Lebedynskyi','Лебединський'), (UUID_TO_BIN('929dc2ee-c0a4-410f-a322-41281bdf9962'),UUID_TO_BIN('10c77a43-b3b2-4c73-a988-7bf5d266a541'),'Krolevetskyi','Кролевецький'), (UUID_TO_BIN('58abc8a5-55d7-4506-895f-38288ea41978'),UUID_TO_BIN('b4d8b012-a9de-42b0-9936-95ad6306f857'),'Liubomlskyi','Любомльський'), (UUID_TO_BIN('871783c3-fd17-4094-9c1e-94f39d9ffa67'),UUID_TO_BIN('10c77a43-b3b2-4c73-a988-7bf5d266a541'),'Lypovodolynskyi','Липоводолинський'), (UUID_TO_BIN('9f141766-6509-4bbb-b931-4f4cf016a906'),UUID_TO_BIN('e6534445-8997-406a-8cf9-a7e750435438'),'Popasnianskyi','Попаснянський'), (UUID_TO_BIN('40577251-5bfe-4ec9-8501-0e11017bda54'),UUID_TO_BIN('6888fa4f-42e5-4593-b4ba-de661b1ed4bd'),'Skvyrskyi','Сквирський'), (UUID_TO_BIN('dabd8c63-8417-4c1a-b98d-3285dcace96f'),UUID_TO_BIN('6888fa4f-42e5-4593-b4ba-de661b1ed4bd'),'Baryshivskyi','Баришівський'), (UUID_TO_BIN('590fd731-4cff-4219-bba4-3a10daeea483'),UUID_TO_BIN('cd229955-08d7-4237-8b4d-7de7e38c7428'),'Ostrozkyi','Острозький'), (UUID_TO_BIN('855d7087-b882-45fd-8204-08c438e1a3d0'),UUID_TO_BIN('d750e094-de52-4c72-b70c-17ea972392bd'),'Kakhovsky','Каховський'), (UUID_TO_BIN('fc858bd6-c067-449c-962f-2996634b71aa'),UUID_TO_BIN('3859a580-9f86-4b5d-a1a9-fb256f219168'),'Svitlovodskyi','Світловодський'), (UUID_TO_BIN('8293a8b6-492e-417e-aa86-4364d131b8ec'),UUID_TO_BIN('9b1f6d64-b287-4555-b50b-ebf5ca6bbae9'),'Vovchanskyi','Вовчанський'), (UUID_TO_BIN('87616e60-a118-47d5-ba25-99f6dc13219f'),UUID_TO_BIN('7313d634-8319-4268-9f0c-d1debb4e77e0'),'Sosnytskyi','Сосницький'), (UUID_TO_BIN('1a887297-e4d0-4f96-9b1b-130dba17e80c'),UUID_TO_BIN('540cf184-d08a-4f27-8cb0-f2d16db743a9'),'Olevskyi','Олевський'), (UUID_TO_BIN('f2f6358c-bb3b-431f-bf90-4f70c6aa5030'),UUID_TO_BIN('15add95f-78c1-4db5-8aab-c6081c952cd7'),'Tyvrivskyi','Тиврівський'), (UUID_TO_BIN('87cbfe1a-77c0-472f-9aae-ae6cc56603a7'),UUID_TO_BIN('cb88e6f4-5830-4a0d-9dc0-bbc019f44dd3'),'Vradiivskyi','Врадіївський'), (UUID_TO_BIN('dc29de04-c1b6-462f-b112-11c7c6d342fd'),UUID_TO_BIN('b1b1ace9-6209-4b33-8153-ed09be655d15'),'Sofiivskyi','Софіївський'), (UUID_TO_BIN('caf8a44a-cf87-49e5-8f0a-b0fa920156d2'),UUID_TO_BIN('15add95f-78c1-4db5-8aab-c6081c952cd7'),'Pohrebyshchenskyi','Погребищенський'), (UUID_TO_BIN('3fefafeb-0d36-4263-aca9-8dbad4359e2d'),UUID_TO_BIN('11062162-2ca4-4658-85a7-cd6a1893ab68'),'Drabivskyi','Драбівський'), (UUID_TO_BIN('378f996d-239d-4d32-ad6b-3cc8a5fd9390'),UUID_TO_BIN('cd229955-08d7-4237-8b4d-7de7e38c7428'),'Zarichnenskyi','Зарічненський'), (UUID_TO_BIN('f2e133d7-0054-4d02-8cdb-365214b643d4'),UUID_TO_BIN('11062162-2ca4-4658-85a7-cd6a1893ab68'),'Umansky','У́манський'), (UUID_TO_BIN('71bbefc2-26ac-4726-90db-6887c7608032'),UUID_TO_BIN('9b1f6d64-b287-4555-b50b-ebf5ca6bbae9'),'Dvorichanskyi','Дворічанський'), (UUID_TO_BIN('72197e13-1026-400d-8a34-e0804da4d0c1'),UUID_TO_BIN('87963818-671c-438b-a90a-1211dd69d5f3'),'Sniatynskyi','Снятинський'), (UUID_TO_BIN('fb056b55-05c1-4b5d-b387-070b4a3c9c80'),UUID_TO_BIN('423b21ba-7c33-41ac-aa86-3bbb06480ab8'),'Pyriatynskyi','Пирятинський'), (UUID_TO_BIN('a1a97c1e-0f87-4c5e-a620-920c02c1944d'),UUID_TO_BIN('15add95f-78c1-4db5-8aab-c6081c952cd7'),'Illinetskyi','Іллінецький'), (UUID_TO_BIN('7c0ee21e-72fb-4655-a933-fee90b1eceac'),UUID_TO_BIN('67fa6186-7bb8-451a-b513-85565775df38'),'Bakhmutskyi','Бахмутський'), (UUID_TO_BIN('94d1eb1b-0daa-452b-a849-eee5bc2093c8'),UUID_TO_BIN('cb88e6f4-5830-4a0d-9dc0-bbc019f44dd3'),'Yelanetskyi','Єланецький'), (UUID_TO_BIN('c4808d08-2860-4fbd-8515-3128704b56b0'),UUID_TO_BIN('9b1f6d64-b287-4555-b50b-ebf5ca6bbae9'),'Zachepylivskyi','Зачепилівський'), (UUID_TO_BIN('e0ad8999-09f8-4be8-91f7-1ae2124087fa'),UUID_TO_BIN('15add95f-78c1-4db5-8aab-c6081c952cd7'),'Teplytskyi','Теплицький'), (UUID_TO_BIN('7727650a-23ca-4802-b162-1ac0f562fe47'),UUID_TO_BIN('6888fa4f-42e5-4593-b4ba-de661b1ed4bd'),'Kyievo-Sviatoshynskyi','Києво-Святошинський'), (UUID_TO_BIN('3de06eb3-3eb5-4a75-9d3b-5cb46e6381f6'),UUID_TO_BIN('b4d8b012-a9de-42b0-9936-95ad6306f857'),'Turiiskyi','Турійський'), (UUID_TO_BIN('673bad1a-f7b0-422d-9a37-a6111a30bfd4'),UUID_TO_BIN('d39ea090-9b8a-4363-b655-eb70c9267b3e'),'Lvivsky','Львівський'), (UUID_TO_BIN('05164eb7-90fa-4f46-a7d5-e7d1edd53aaa'),UUID_TO_BIN('fd5dc237-66cf-4434-bcdf-0485e4fc7722'),'Vinkovetskyi','Віньковецький'), (UUID_TO_BIN('2b8dd103-511d-400e-8c9b-eda4053256b6'),UUID_TO_BIN('7313d634-8319-4268-9f0c-d1debb4e77e0'),'Kulykivskyi','Куликівський'), (UUID_TO_BIN('aa66524f-3012-4e12-94b1-5707ed7bbe74'),UUID_TO_BIN('bd37ef33-fc0f-42d9-9023-c3b94d3f6f83'),'Pryazovskyi','Приазовський'), (UUID_TO_BIN('ce5932d0-cad2-4747-a438-fae456d2d940'),UUID_TO_BIN('b2dc2fe7-54a3-4edf-bce3-8f705e050829'),'Velykobereznianskyi','Великоберезнянський'), (UUID_TO_BIN('8ab56717-d7ee-4a33-8f33-6756c06f8f6f'),UUID_TO_BIN('423b21ba-7c33-41ac-aa86-3bbb06480ab8'),'Kobeliatskyi','Кобеляцький'), (UUID_TO_BIN('d9601b99-faec-4e6e-bc9f-988450fa95f4'),UUID_TO_BIN('fd5dc237-66cf-4434-bcdf-0485e4fc7722'),'Volochyskyi','Волочиський'), (UUID_TO_BIN('5ebcb898-c22e-4f8d-a926-8dad2a7b68ff'),UUID_TO_BIN('fd5dc237-66cf-4434-bcdf-0485e4fc7722'),'Letychivskyi','Летичівський'), (UUID_TO_BIN('ac8259ea-0d3e-4572-b4ce-5dec7d28027a'),UUID_TO_BIN('537f8473-0835-400a-b38e-9a280a8857d6'),'Storozhynetskyi','Сторожинецький'), (UUID_TO_BIN('e6a7cef3-8a41-47d4-a3de-2710dd072b7d'),UUID_TO_BIN('d750e094-de52-4c72-b70c-17ea972392bd'),'Novovorontsovskyi','Нововоронцовський'), (UUID_TO_BIN('3ec429b4-342c-4426-abd3-6f7f258dfa5f'),UUID_TO_BIN('e6534445-8997-406a-8cf9-a7e750435438'),'Troitskyi','Троїцький'), (UUID_TO_BIN('9208185b-22a1-487c-a38f-617d65808691'),UUID_TO_BIN('9895f624-aec7-428b-9cf2-424c9a98a158'),'Ternopilskyi','Тернопільський'), (UUID_TO_BIN('32d41bdd-cb02-4b19-a159-5c9b71e41d92'),UUID_TO_BIN('b1b1ace9-6209-4b33-8153-ed09be655d15'),'Vasylkivskyi','Васильківський'), (UUID_TO_BIN('7947138b-97bd-4b28-81fe-553a3a612b61'),UUID_TO_BIN('540cf184-d08a-4f27-8cb0-f2d16db743a9'),'Khoroshivskyi','Хорошівський'), (UUID_TO_BIN('cdc45aa6-2dc7-4bdc-bf48-c76800fa22ce'),UUID_TO_BIN('3859a580-9f86-4b5d-a1a9-fb256f219168'),'Kropyvnytskyi','Кропивницький'), (UUID_TO_BIN('2d4ac901-2689-415d-8c2a-417c8ff7b0f2'),UUID_TO_BIN('fd5dc237-66cf-4434-bcdf-0485e4fc7722'),'Yarmolynetskyi','Ярмолинецький'), (UUID_TO_BIN('62505bb6-1f90-42b0-9054-bfd2417356a4'),UUID_TO_BIN('7313d634-8319-4268-9f0c-d1debb4e77e0'),'Koriukivskyi','Корюківський'), (UUID_TO_BIN('d35963b3-cf18-4f77-9a86-cd87fcdaf854'),UUID_TO_BIN('e6534445-8997-406a-8cf9-a7e750435438'),'Novopskovskyi','Новопсковський'), (UUID_TO_BIN('a88540f5-4fcd-44f8-973a-001d49eeb55a'),UUID_TO_BIN('b1b1ace9-6209-4b33-8153-ed09be655d15'),'Pavlohradskyi','Павлоградський'), (UUID_TO_BIN('4951c1dc-5593-4991-9e6d-82bc563376ca'),UUID_TO_BIN('b2dc2fe7-54a3-4edf-bce3-8f705e050829'),'Irshavskyi','Іршавський'), (UUID_TO_BIN('ea65907b-ee6b-4821-8638-fd99682ce7eb'),UUID_TO_BIN('b4d8b012-a9de-42b0-9936-95ad6306f857'),'Volodymyrskyi','Володимирський'), (UUID_TO_BIN('9fd9dab8-9744-442d-8c8b-25266e55fb89'),UUID_TO_BIN('67fa6186-7bb8-451a-b513-85565775df38'),'Volnovaskyi','Волноваський'), (UUID_TO_BIN('c513ee04-a250-4c0a-924e-bb63d0b2fd0a'),UUID_TO_BIN('b1b1ace9-6209-4b33-8153-ed09be655d15'),'Yurivskyi','Юр\'ївський'), (UUID_TO_BIN('4b0ad0ff-8154-4279-8db9-06f74681afbf'),UUID_TO_BIN('7313d634-8319-4268-9f0c-d1debb4e77e0'),'Novhorod-Siverskyi','Новгород-Сіверський'), (UUID_TO_BIN('8172d8c7-1f08-4057-bd31-080c3ec6761d'),UUID_TO_BIN('15add95f-78c1-4db5-8aab-c6081c952cd7'),'Chernivetskyi','Чернівецький'), (UUID_TO_BIN('16ba8dea-aedd-40ed-b40b-c66b01c51fa9'),UUID_TO_BIN('3859a580-9f86-4b5d-a1a9-fb256f219168'),'Haivoronskyi','Гайворонський'), (UUID_TO_BIN('3b939f4c-8ae1-4981-9286-fb915f87da9e'),UUID_TO_BIN('540cf184-d08a-4f27-8cb0-f2d16db743a9'),'Ruzhynskyi','Ружинський'), (UUID_TO_BIN('2419b17a-c982-4126-a33d-60e99d0c856a'),UUID_TO_BIN('11062162-2ca4-4658-85a7-cd6a1893ab68'),'Katerynopilskyi','Катеринопільський'), (UUID_TO_BIN('30ffdb90-0349-4efc-98a7-8b0c5109118d'),UUID_TO_BIN('b2dc2fe7-54a3-4edf-bce3-8f705e050829'),'Uzhhorodskyi','Ужгородський'), (UUID_TO_BIN('fd7297fb-294e-4d1a-ba15-6f110a79ab6e'),UUID_TO_BIN('ef1f9569-1848-4fcc-8600-22f85f308b5a'),'Velykomykhailivskyi','Великомихайлівський'), (UUID_TO_BIN('b73641a3-3d08-40f2-bf61-a795173efc7d'),UUID_TO_BIN('cd229955-08d7-4237-8b4d-7de7e38c7428'),'Bereznivskyi','Березнівський'), (UUID_TO_BIN('0dc40b49-2e1f-4cda-baab-981c7e49cea1'),UUID_TO_BIN('b4d8b012-a9de-42b0-9936-95ad6306f857'),'Lutskyi','Луцький'), (UUID_TO_BIN('ea93faaa-e5a1-49d1-9b6c-2ec5292d4a76'),UUID_TO_BIN('537f8473-0835-400a-b38e-9a280a8857d6'),'Kitsmanskyi','Кіцманський'), (UUID_TO_BIN('0b94b25c-b835-4447-9031-3663d470f0ae'),UUID_TO_BIN('11062162-2ca4-4658-85a7-cd6a1893ab68'),'Shpolianskyi','Шполянський'), (UUID_TO_BIN('33692bdf-9849-49ec-9c6c-503cdd04421a'),UUID_TO_BIN('3859a580-9f86-4b5d-a1a9-fb256f219168'),'Znamianskyi','Знам\'янський'), (UUID_TO_BIN('7d959ae3-2fb2-4377-8c65-7e0d7d934dff'),UUID_TO_BIN('87963818-671c-438b-a90a-1211dd69d5f3'),'Ivano-Frankivskyi','Івано-Франківський'), (UUID_TO_BIN('f70bc8d3-cbac-485f-8187-d4bec1cf3783'),UUID_TO_BIN('9b1f6d64-b287-4555-b50b-ebf5ca6bbae9'),'Iziumskyi','Ізюмський'), (UUID_TO_BIN('66595f15-fdf1-4ac6-8c5e-dd6adae33179'),UUID_TO_BIN('bd37ef33-fc0f-42d9-9023-c3b94d3f6f83'),'Berdianskyi','Бердянський'), (UUID_TO_BIN('bbc68535-ab3a-4f23-912c-322f1baa044a'),UUID_TO_BIN('9895f624-aec7-428b-9cf2-424c9a98a158'),'Monastyryskyi','Монастириський'), (UUID_TO_BIN('98cbb5a4-a928-4bda-a673-f8be963fe7e2'),UUID_TO_BIN('d750e094-de52-4c72-b70c-17ea972392bd'),'Velykolepetyskyi','Великолепетиський'), (UUID_TO_BIN('1ab66508-7189-40a5-b39e-33b78ed1b566'),UUID_TO_BIN('540cf184-d08a-4f27-8cb0-f2d16db743a9'),'Korostyshivskyi','Коростишівський'), (UUID_TO_BIN('03ed1d31-0bae-466e-9433-b2ac2bfa0d72'),UUID_TO_BIN('6888fa4f-42e5-4593-b4ba-de661b1ed4bd'),'Volodarskyi','Володарський'), (UUID_TO_BIN('3335ab51-fb35-4429-b1ff-8482da007e18'),UUID_TO_BIN('87963818-671c-438b-a90a-1211dd69d5f3'),'Tysmenytskyi','Тисменицький'), (UUID_TO_BIN('1e135861-96f0-47d7-9968-c21f67b5be95'),UUID_TO_BIN('ef1f9569-1848-4fcc-8600-22f85f308b5a'),'Tarutynskyi','Тарутинський'), (UUID_TO_BIN('8e84eb15-2a91-4113-a52f-46115dc34c52'),UUID_TO_BIN('9895f624-aec7-428b-9cf2-424c9a98a158'),'Pidvolochyskyi','Підволочиський'), (UUID_TO_BIN('5cef0d1d-cf5b-4839-a6d5-8d571e17b407'),UUID_TO_BIN('b2dc2fe7-54a3-4edf-bce3-8f705e050829'),'Svaliavskyi','Свалявський'), (UUID_TO_BIN('2fa0f016-d498-42de-8720-79bbc62c4bad'),UUID_TO_BIN('423b21ba-7c33-41ac-aa86-3bbb06480ab8'),'Orzhytskyi','Оржицький'), (UUID_TO_BIN('c7fb67d1-33f2-41de-be4e-2dcd7282b195'),UUID_TO_BIN('6888fa4f-42e5-4593-b4ba-de661b1ed4bd'),'Boryspilskyi','Бориспільський'), (UUID_TO_BIN('60ce1bc5-40d3-43cf-82f2-6172e81d4abb'),UUID_TO_BIN('b1b1ace9-6209-4b33-8153-ed09be655d15'),'Petrykivskyi','Петриківський'), (UUID_TO_BIN('2ea7c3db-fbea-4836-bb2b-d53b6d4cb7fb'),UUID_TO_BIN('15add95f-78c1-4db5-8aab-c6081c952cd7'),'Chechelnytskyi','Чечельницький'), (UUID_TO_BIN('56fa355e-7bce-4756-8046-cdedc98d8f67'),UUID_TO_BIN('67fa6186-7bb8-451a-b513-85565775df38'),'Oleksandrivskyi','Олександрівський'), (UUID_TO_BIN('d23ef549-7853-451a-ae04-1b7580d125cd'),UUID_TO_BIN('87963818-671c-438b-a90a-1211dd69d5f3'),'Rozhniativskyi','Рожнятівський'), (UUID_TO_BIN('3074f4e7-367b-4c7f-af44-225f49ddb2b3'),UUID_TO_BIN('cd229955-08d7-4237-8b4d-7de7e38c7428'),'Demydivskyi','Демидівський'), (UUID_TO_BIN('c439294d-5654-42d7-bf79-4756bd7865f0'),UUID_TO_BIN('b1b1ace9-6209-4b33-8153-ed09be655d15'),'Verkhnodniprovskyi','Верхньодніпровський'), (UUID_TO_BIN('603f35ac-5e91-40b4-9dcf-0c72e1c076d8'),UUID_TO_BIN('cd229955-08d7-4237-8b4d-7de7e38c7428'),'Rivnenskyi','Рівненський'), (UUID_TO_BIN('f8432a1d-b543-486e-bc91-790e5a7bba3a'),UUID_TO_BIN('15add95f-78c1-4db5-8aab-c6081c952cd7'),'Pishchanskyi','Піщанський'), (UUID_TO_BIN('eb8f6f9f-3e10-4c04-b4b6-311825e6a19f'),UUID_TO_BIN('d39ea090-9b8a-4363-b655-eb70c9267b3e'),'Pustomytivskyi','Пустомитівський'), (UUID_TO_BIN('31592628-42a0-4a7a-83ac-1228b6a18949'),UUID_TO_BIN('d39ea090-9b8a-4363-b655-eb70c9267b3e'),'Zolochivskyi','Золочівський'), (UUID_TO_BIN('e647c077-c6c8-472a-b4a3-c57f00bde827'),UUID_TO_BIN('15add95f-78c1-4db5-8aab-c6081c952cd7'),'Koziatynskyi','Козятинський'), (UUID_TO_BIN('aac61d73-287b-437b-a338-e78be49fda16'),UUID_TO_BIN('b1b1ace9-6209-4b33-8153-ed09be655d15'),'Synelnykovskiy','Синельниківськовому'), (UUID_TO_BIN('a8570e7e-2a03-42c0-abef-4773a4a26fc5'),UUID_TO_BIN('9b1f6d64-b287-4555-b50b-ebf5ca6bbae9'),'Blyzniukivskyi','Близнюківський'), (UUID_TO_BIN('b613c776-e11c-4c7a-8fb4-2a33ceaa494b'),UUID_TO_BIN('9895f624-aec7-428b-9cf2-424c9a98a158'),'Husiatynskyi','Гусятинський'), (UUID_TO_BIN('9f5f7c77-bf3b-4b6f-ad22-2a954a28c623'),UUID_TO_BIN('6888fa4f-42e5-4593-b4ba-de661b1ed4bd'),'Fastivskyi','Фастівський'), (UUID_TO_BIN('c07e88cd-f21b-4d31-afc8-37335b7e307d'),UUID_TO_BIN('11062162-2ca4-4658-85a7-cd6a1893ab68'),'Talnivskyi','Тальнівський'), (UUID_TO_BIN('7881a768-6da6-48c3-af92-08aaf4f83f04'),UUID_TO_BIN('10c77a43-b3b2-4c73-a988-7bf5d266a541'),'Putyvlskyi','Путивльський'), (UUID_TO_BIN('0d61d2d3-e937-4a5c-95e8-55d8756ee601'),UUID_TO_BIN('b1b1ace9-6209-4b33-8153-ed09be655d15'),'Dniprovskyi','Дніпровський'), (UUID_TO_BIN('aaad5d06-772d-4113-96c2-1d9b65c112eb'),UUID_TO_BIN('3859a580-9f86-4b5d-a1a9-fb256f219168'),'Novoukrainskyi','Новоукраїнський'), (UUID_TO_BIN('0e0879be-01f2-4df0-a234-013caa2e37ae'),UUID_TO_BIN('cb88e6f4-5830-4a0d-9dc0-bbc019f44dd3'),'Novobuzkyi','Новобузький'), (UUID_TO_BIN('98df98be-c289-49d3-a681-9dab7224f1ee'),UUID_TO_BIN('d39ea090-9b8a-4363-b655-eb70c9267b3e'),'Chervonogradskyi','Червоноградський'), (UUID_TO_BIN('968c2a2f-6b7b-4c3f-ad7b-899d41f4180e'),UUID_TO_BIN('fd5dc237-66cf-4434-bcdf-0485e4fc7722'),'Krasylivskyi','Красилівський'), (UUID_TO_BIN('4333d79b-cfff-4f22-b2aa-582483433f2d'),UUID_TO_BIN('423b21ba-7c33-41ac-aa86-3bbb06480ab8'),'Hadiatskyi','Гадяцький'), (UUID_TO_BIN('45b0818e-a49f-4de8-b1f1-1472bb872c26'),UUID_TO_BIN('d750e094-de52-4c72-b70c-17ea972392bd'),'Verkhnorohachytskyi','Верхньорогачицький'), (UUID_TO_BIN('a2284ecf-57c7-4025-94e7-b267f412d311'),UUID_TO_BIN('9b1f6d64-b287-4555-b50b-ebf5ca6bbae9'),'Krasnokutskyi','Краснокутський'), (UUID_TO_BIN('50c88b91-2e8c-4fed-a1a5-6b013b76d987'),UUID_TO_BIN('ef1f9569-1848-4fcc-8600-22f85f308b5a'),'Odeskyi','Одеський'), (UUID_TO_BIN('6453995f-c48a-4aa5-aa86-422d3288b602'),UUID_TO_BIN('cb88e6f4-5830-4a0d-9dc0-bbc019f44dd3'),'Kazankivskyi','Казанківський'), (UUID_TO_BIN('9cde44c4-e1e0-4d32-910e-c63bd6aef098'),UUID_TO_BIN('bd37ef33-fc0f-42d9-9023-c3b94d3f6f83'),'Vasylivskyi','Василівський'), (UUID_TO_BIN('596e2a23-245a-4311-956e-a6f9cc85831d'),UUID_TO_BIN('423b21ba-7c33-41ac-aa86-3bbb06480ab8'),'Kozelshchynskyi','Козельщинський'), (UUID_TO_BIN('6d992712-5a03-428d-ae42-f7d44f288c29'),UUID_TO_BIN('7313d634-8319-4268-9f0c-d1debb4e77e0'),'Koropskyi','Коропський'), (UUID_TO_BIN('7694e5cf-6550-49f9-b022-d5109067bfd9'),UUID_TO_BIN('d39ea090-9b8a-4363-b655-eb70c9267b3e'),'Turkivskyi','Турківський'), (UUID_TO_BIN('c4096e81-f65f-4e0e-a42f-45234c3c7aed'),UUID_TO_BIN('7313d634-8319-4268-9f0c-d1debb4e77e0'),'Horodnianskyi','Городнянський'), (UUID_TO_BIN('ae2a7505-6378-45bb-8ea8-c6f6ed0bef08'),UUID_TO_BIN('423b21ba-7c33-41ac-aa86-3bbb06480ab8'),'Reshetylivskyi','Решетилівський'), (UUID_TO_BIN('0015c9b2-b8af-4c43-83b9-0b4b57daebf4'),UUID_TO_BIN('423b21ba-7c33-41ac-aa86-3bbb06480ab8'),'Novosanzharskyi','Новосанжарський'), (UUID_TO_BIN('3937136f-a109-4cbc-b66c-6681a49114ab'),UUID_TO_BIN('d39ea090-9b8a-4363-b655-eb70c9267b3e'),'Mostyskyi','Мостиський'), (UUID_TO_BIN('92108c4d-14bd-4eca-9602-b676696d15e6'),UUID_TO_BIN('540cf184-d08a-4f27-8cb0-f2d16db743a9'),'Yemilchynskyi','Ємільчинський'), (UUID_TO_BIN('8a1fac59-65fe-4a00-9d49-23110c57aba5'),UUID_TO_BIN('cb88e6f4-5830-4a0d-9dc0-bbc019f44dd3'),'Pervomaiskyi','Первомайський'), (UUID_TO_BIN('05a64a8d-fdc1-4f0d-a73e-ae829dec731d'),UUID_TO_BIN('b1b1ace9-6209-4b33-8153-ed09be655d15'),'Tsarychanskyi','Царичанський'), (UUID_TO_BIN('9358f206-be20-45b9-ac1f-ceef1f099bed'),UUID_TO_BIN('b1b1ace9-6209-4b33-8153-ed09be655d15'),'Synelnykivskyi','Синельниківський'), (UUID_TO_BIN('2e5f7003-e8dc-47fc-965a-8a770a35f50c'),UUID_TO_BIN('b4d8b012-a9de-42b0-9936-95ad6306f857'),'Volodymyr-Volynskyi','Володимир-Волинський'), (UUID_TO_BIN('404babb4-02ed-44a0-a7ee-55d3a951559a'),UUID_TO_BIN('11062162-2ca4-4658-85a7-cd6a1893ab68'),'Chyhyrynskyi','Чигиринський'), (UUID_TO_BIN('bbfc49c5-fec5-43b7-8df1-12ef6ec56573'),UUID_TO_BIN('9895f624-aec7-428b-9cf2-424c9a98a158'),'Kozivskyi','Козівський'), (UUID_TO_BIN('141ce97f-cd47-49da-b8c7-f390841caa86'),UUID_TO_BIN('6888fa4f-42e5-4593-b4ba-de661b1ed4bd'),'Bilotserkivskyi','Білоцерківський'), (UUID_TO_BIN('d1db02e8-09be-4f06-9e1c-8fb1fe7eaca1'),UUID_TO_BIN('b4d8b012-a9de-42b0-9936-95ad6306f857'),'Horokhivskyi','Горохівський'), (UUID_TO_BIN('24362204-696b-4697-9566-db85365f75d9'),UUID_TO_BIN('bd37ef33-fc0f-42d9-9023-c3b94d3f6f83'),'Rozivskyi','Розівський'), (UUID_TO_BIN('61966dad-e920-4cb7-923f-ac44e344e2d8'),UUID_TO_BIN('e6534445-8997-406a-8cf9-a7e750435438'),'Novoaidarskyi','Новоайдарський'), (UUID_TO_BIN('a3e9fb65-0897-4878-9ffc-2f85cc9174f6'),UUID_TO_BIN('11062162-2ca4-4658-85a7-cd6a1893ab68'),'Mankivskyi','Маньківський'), (UUID_TO_BIN('9b8cc5c0-a204-4662-b485-07e289ad60a1'),UUID_TO_BIN('9895f624-aec7-428b-9cf2-424c9a98a158'),'Berezhanskyi','Бережанський'), (UUID_TO_BIN('75167327-2beb-414b-8493-9fee7884d7a8'),UUID_TO_BIN('ef1f9569-1848-4fcc-8600-22f85f308b5a'),'Baltskyi','Балтський'), (UUID_TO_BIN('5a587e45-919a-48ff-bb52-27b886028d47'),UUID_TO_BIN('9895f624-aec7-428b-9cf2-424c9a98a158'),'Borshchivskyi','Борщівський'), (UUID_TO_BIN('cb3137dd-20cb-437a-8e0b-d13bdb670b19'),UUID_TO_BIN('9895f624-aec7-428b-9cf2-424c9a98a158'),'Terebovlianskyi','Теребовлянський'), (UUID_TO_BIN('758f9c74-41be-4a25-9e28-203f16097210'),UUID_TO_BIN('bd37ef33-fc0f-42d9-9023-c3b94d3f6f83'),'Zaporizkyi','Запорізький'), (UUID_TO_BIN('c759349b-d703-494e-a965-ee9d4bd96e1e'),UUID_TO_BIN('11062162-2ca4-4658-85a7-cd6a1893ab68'),'Zvenyhorodskyi','Звенигородський'), (UUID_TO_BIN('992ac9e4-5501-4961-858b-cca91e0c2501'),UUID_TO_BIN('537f8473-0835-400a-b38e-9a280a8857d6'),'Dnistrovskyi','Дністровський'), (UUID_TO_BIN('5c9d8456-1c45-4a13-b07b-a8ca68064f78'),UUID_TO_BIN('fd5dc237-66cf-4434-bcdf-0485e4fc7722'),'Bilohirskyi','Білогірський'), (UUID_TO_BIN('567ca2cc-892d-4573-b9c8-9924326a585b'),UUID_TO_BIN('ef1f9569-1848-4fcc-8600-22f85f308b5a'),'Podilskyi','Подільський'), (UUID_TO_BIN('da34f062-ad9e-417a-80cb-c1e9e1887171'),UUID_TO_BIN('d39ea090-9b8a-4363-b655-eb70c9267b3e'),'Horodotskyi','Городоцький'), (UUID_TO_BIN('76d94138-fb8e-456b-879f-160161e3f9a3'),UUID_TO_BIN('87963818-671c-438b-a90a-1211dd69d5f3'),'Nadvirnyanskyi','Надвірнянський'), (UUID_TO_BIN('519f062e-5fd5-4830-9c37-7a284935570a'),UUID_TO_BIN('b4d8b012-a9de-42b0-9936-95ad6306f857'),'Lokachynskyi','Локачинський'), (UUID_TO_BIN('d1df20a7-9ab7-4836-81e5-9dec0641c754'),UUID_TO_BIN('537f8473-0835-400a-b38e-9a280a8857d6'),'Sokyrianskyi','Сокирянський'), (UUID_TO_BIN('66d1f58e-7910-4835-8732-447023c5d2fa'),UUID_TO_BIN('7313d634-8319-4268-9f0c-d1debb4e77e0'),'Ichnianskyi','Ічнянський'), (UUID_TO_BIN('327abd22-31c3-4eb0-83bf-0de755d7c20d'),UUID_TO_BIN('423b21ba-7c33-41ac-aa86-3bbb06480ab8'),'Poltavskyi','Полтавський'), (UUID_TO_BIN('16461fbd-9179-4843-832d-d3aa32921b90'),UUID_TO_BIN('15add95f-78c1-4db5-8aab-c6081c952cd7'),'Tulchynskyi','Тульчинський');INSERT INTO city (id, district_id, name_en, name_ua) VALUES  (UUID_TO_BIN('cf04ac03-2eb5-41ec-bba0-63001a0c3f24'),UUID_TO_BIN('fd7297fb-294e-4d1a-ba15-6f110a79ab6e'),'Novoborysivka','Новоборисівка'), (UUID_TO_BIN('45de0a38-2403-4651-ab7b-5a588f3dbd19'),UUID_TO_BIN('673bad1a-f7b0-422d-9a37-a6111a30bfd4'),'Vynnyky','Винники'), (UUID_TO_BIN('0e873a9b-081d-46fd-a6b4-2c7b3b39bf2d'),UUID_TO_BIN('4a783eb3-d1a8-4a37-b0d7-c5c563327b24'),'Terebleche','Тереблече'), (UUID_TO_BIN('84ea977f-7478-4028-81b9-5482e478134c'),UUID_TO_BIN('6962e173-090c-4295-9057-25c9da77a218'),'Kamianka','Кам\'янка'), (UUID_TO_BIN('e38f031a-a0c1-4d09-aaf1-2c470c3e9ced'),UUID_TO_BIN('0d69fcc9-a5d5-4b6d-8cb6-dd5fc15765e6'),'Novomoskovsk','Новомосковськ'), (UUID_TO_BIN('54c0f671-1338-4f72-9334-568a32e0df2a'),UUID_TO_BIN('eb8f6f9f-3e10-4c04-b4b6-311825e6a19f'),'Pasiky-Zubrytski','Пасіки-Зубрицькі'), (UUID_TO_BIN('a26789cb-3307-4f09-bb2a-82a972447b33'),UUID_TO_BIN('3d6ec157-1f5e-4f9f-abb1-7025bf62e5f9'),'Kamin-Kashyrskyi','Камінь-Каширський'), (UUID_TO_BIN('3e10d43b-64dc-4d96-8c9a-314600925041'),UUID_TO_BIN('5a587e45-919a-48ff-bb52-27b886028d47'),'Skala-Podilska','Скала-Подільська'), (UUID_TO_BIN('0f89d7f7-58ba-42fb-93bd-41224cf11224'),UUID_TO_BIN('db4e9747-8eff-483b-b617-a675019d3e1e'),'Skole','Сколе'), (UUID_TO_BIN('f940b06e-c868-406e-93fc-811dde8555f8'),UUID_TO_BIN('0b3a7d9d-b153-45e1-9b94-fff0a5c9e2c9'),'Mykolaivka','Миколаївка'), (UUID_TO_BIN('4cef5eba-63e1-47d4-abea-880b7f101f5e'),UUID_TO_BIN('1549945f-caf0-4049-9d23-c2bf0e9e6dc2'),'Sadky','Садки'), (UUID_TO_BIN('442fc0eb-4ac3-4ac4-bcb5-1f7f05ed4bac'),UUID_TO_BIN('a1e5577a-4e63-4ac1-bd36-c8136365f839'),'Medenychi','Меденичі'), (UUID_TO_BIN('8fec1091-fce8-4d4f-b9ac-adbb473bad21'),UUID_TO_BIN('b7cb41a7-ff60-4a26-8e33-71e9de64ade6'),'Teofipol','Теофіполь'), (UUID_TO_BIN('4ea92dff-4e99-484c-b0df-e78ed87ee5cb'),UUID_TO_BIN('09e420dd-f384-43ca-a3ec-d7d0531ed1cc'),'Ridkivtsi','Рідківці'), (UUID_TO_BIN('8580aeed-01fd-4e41-a681-41d6efc3b94d'),UUID_TO_BIN('2419b17a-c982-4126-a33d-60e99d0c856a'),'Yerky','Єрки'), (UUID_TO_BIN('8c6f6a75-1936-44f0-9524-a346c4ae8ad2'),UUID_TO_BIN('d4be9d5f-6a4a-481f-9e80-2069152aea48'),'Sobkivka','Собківка'), (UUID_TO_BIN('d1f469fd-d230-419d-9c27-12de02064ba7'),UUID_TO_BIN('42a31944-b338-4316-bf6d-4c45c7762bff'),'Sarny','Сарни'), (UUID_TO_BIN('c03269a0-cfcc-44c7-bd63-d54eef060273'),UUID_TO_BIN('8fdb3028-328a-4a7e-955c-c5c01c2715b5'),'Malyn','Малин'), (UUID_TO_BIN('99616da5-dbd9-46a4-80f2-f7802ede6082'),UUID_TO_BIN('3871eccb-a080-4ac3-bf2f-27359d48ae1b'),'Khust','Хуст'), (UUID_TO_BIN('28a9101d-539e-471d-a65c-d48ccfa42f97'),UUID_TO_BIN('0dc40b49-2e1f-4cda-baab-981c7e49cea1'),'Boholiuby','Боголюби'), (UUID_TO_BIN('10d7c0d1-11d0-4626-9238-a6ac3f247a64'),UUID_TO_BIN('c29f1538-7a7a-4fd6-8bd0-39c6eedf99e4'),'Sarata','Сарата'), (UUID_TO_BIN('e629838e-c0fd-45ec-9d84-839d02286d48'),UUID_TO_BIN('a899a84a-4734-45a0-b7c0-c807ec924905'),'Karnaukhivka','Карнаухівка'), (UUID_TO_BIN('1fb1025e-3d1b-47bd-ae8a-04756047d028'),UUID_TO_BIN('3ec429b4-342c-4426-abd3-6f7f258dfa5f'),'Troitske','Троїцьке'), (UUID_TO_BIN('cd1e68c3-36d9-4b2c-8b26-be48eadb82b0'),UUID_TO_BIN('4877800c-4036-4fff-9cf8-b7727cc16f70'),'Kostopil','Костопіль'), (UUID_TO_BIN('276c15ba-20a7-4a9f-b09d-185f4d04dc0c'),UUID_TO_BIN('66595f15-fdf1-4ac6-8c5e-dd6adae33179'),'Berdiansk','Бердянськ'), (UUID_TO_BIN('0472ffa0-35a8-4288-b39c-2c110ade8100'),UUID_TO_BIN('beb88be3-bd99-46cf-ab98-e8ab122e797f'),'Perechyn','Перечин'), (UUID_TO_BIN('2da21efc-3cba-4bfa-8583-ae11b5a75359'),UUID_TO_BIN('b613c776-e11c-4c7a-8fb4-2a33ceaa494b'),'Husiatyn','Гусятин'), (UUID_TO_BIN('90074d04-0e58-476b-8caa-6db281c664e4'),UUID_TO_BIN('7727650a-23ca-4802-b162-1ac0f562fe47'),'Vyshneve','Вишневе'), (UUID_TO_BIN('c7b6ce54-30e5-4375-8584-8a13159906c7'),UUID_TO_BIN('33692bdf-9849-49ec-9c6c-503cdd04421a'),'Znamianka','Знам\'янка'), (UUID_TO_BIN('ee063f18-27a5-49b0-8436-a3dd46d7d974'),UUID_TO_BIN('58abc8a5-55d7-4506-895f-38288ea41978'),'Starovoitove','Старовойтове'), (UUID_TO_BIN('3a908eb6-08e3-480c-a67d-063be65de82d'),UUID_TO_BIN('e04cac8b-ba59-4e20-9afe-1a20f7e563b3'),'Vasyshcheve','Васищеве'), (UUID_TO_BIN('97a33d78-5de3-4f3e-9730-8deb4e8ca50d'),UUID_TO_BIN('c8ae19c1-b6c5-4fca-98d3-63b83b947693'),'Rodinske','Родинське'), (UUID_TO_BIN('61c1ca67-e272-4497-beb4-c7b852bc91d0'),UUID_TO_BIN('9c1a48e0-8434-4178-8b32-a2fc9659e6e5'),'Radensk','Раденськ'), (UUID_TO_BIN('d3a04fb7-fe86-4406-be57-887d2a4d925a'),UUID_TO_BIN('603f35ac-5e91-40b4-9dcf-0c72e1c076d8'),'Klevan','Клевань'), (UUID_TO_BIN('d4011f4b-7395-41b3-bb57-7f5f5fce95be'),UUID_TO_BIN('0ba1b064-c63e-4a0d-b04e-e901d32deab6'),'Dubove','Дубове'), (UUID_TO_BIN('b50e92b7-75e3-4b60-80b5-89ffd2c72f7b'),UUID_TO_BIN('676e2120-fdd4-45d5-a72a-408793825542'),'Velyka Novosilka','Велика Новосілка'), (UUID_TO_BIN('15547375-8359-460f-924e-a281186a032a'),UUID_TO_BIN('b6bb86f1-617b-4629-998c-397ef9d35a4d'),'Yakushyntsi','Якушинці'), (UUID_TO_BIN('81f4d23e-d9ea-4aa4-8ec8-f2bbf7643e37'),UUID_TO_BIN('c0e8be25-4e99-4dbf-bd45-6dc84bed5de2'),'Ispas','Іспас'), (UUID_TO_BIN('b8ecf246-e6b3-48b0-ae96-2f0718f33aa3'),UUID_TO_BIN('9cde44c4-e1e0-4d32-910e-c63bd6aef098'),'Vasylivka','Василівка'), (UUID_TO_BIN('2e79567e-78b8-4f47-aa58-4426b56e137c'),UUID_TO_BIN('66d1f58e-7910-4835-8732-447023c5d2fa'),'Ichnia','Ічня'), (UUID_TO_BIN('14db0805-177b-4102-984e-55ea6cdd8538'),UUID_TO_BIN('5c503946-0f58-4a57-ac22-9321f63bbe87'),'Buryn','Буринь'), (UUID_TO_BIN('2fc3d5ff-f4d1-4dc3-a2f6-29b184df7fb1'),UUID_TO_BIN('1549945f-caf0-4049-9d23-c2bf0e9e6dc2'),'Novohuivynske','Новогуйвинське'), (UUID_TO_BIN('6d34c0c8-ce82-439c-9bd3-fc56a5d7a046'),UUID_TO_BIN('e04cac8b-ba59-4e20-9afe-1a20f7e563b3'),'Pivdenne','Південне'), (UUID_TO_BIN('64617cbf-a6b5-4561-94b0-5a35091c84e2'),UUID_TO_BIN('2d4ac901-2689-415d-8c2a-417c8ff7b0f2'),'Yarmolyntsi','Ярмолинці'), (UUID_TO_BIN('6fbe69b6-a8d0-44c2-8a46-552daa480ba5'),UUID_TO_BIN('0ae48d0e-dfee-4d41-a0b4-6a611e58115a'),'Khaliavyn','Халявин'), (UUID_TO_BIN('3a6d967b-7605-4577-930a-dc3c13e5ef2d'),UUID_TO_BIN('19daf845-e823-42a5-91bd-4cd7d3421da2'),'Hoshcha','Гоща'), (UUID_TO_BIN('ce3d12bd-a815-43d6-b818-582529bae001'),UUID_TO_BIN('eee1f68f-09dd-4fd9-a2ab-c21f2b37a760'),'Mishkovo-Pohorilove','Мішково-Погорілове'), (UUID_TO_BIN('631e9af8-b391-4d57-b58e-15ef4824824a'),UUID_TO_BIN('082bc708-dba7-4cea-89e6-c9417ab03329'),'Marhanets','Марганець'), (UUID_TO_BIN('f4e4cf97-34d0-457e-a796-439ed920a7fd'),UUID_TO_BIN('27c337b3-f211-4f72-bdfa-0064c25a6a2c'),'Ivankiv','Іванків'), (UUID_TO_BIN('16a46dc9-d28f-49d9-be13-5988ef61b272'),UUID_TO_BIN('23764faa-1429-472a-8bcf-a7c2b825e3f5'),'Henichesk','Генічеськ'), (UUID_TO_BIN('0b2c191d-5008-42b9-a385-4c1d0fe2f90e'),UUID_TO_BIN('46e76730-81ca-48e2-a96c-d173b16ccd38'),'Mykhailivka','Михайлівка'), (UUID_TO_BIN('256a5abb-5899-41a0-9197-b3549a6302ee'),UUID_TO_BIN('82385917-4097-408d-a309-9221ae22b08e'),'Rava-Ruska','Рава-Руська'), (UUID_TO_BIN('98ce0d93-a399-4e10-bc55-ad06d23f701b'),UUID_TO_BIN('f2ba5d6f-68bc-4afb-a330-5f33d646a9e8'),'Lymanka','Лиманка'), (UUID_TO_BIN('1e3d26ea-2221-4361-98aa-aa315f647a52'),UUID_TO_BIN('c513ee04-a250-4c0a-924e-bb63d0b2fd0a'),'Yurivka','Юр\'ївка'), (UUID_TO_BIN('8ddcc056-fced-40a8-89ef-eca004845d09'),UUID_TO_BIN('df50894e-4c8a-44c0-bb7b-effe19e3a271'),'Karlivka','Карлівка'), (UUID_TO_BIN('5068ed71-f6af-465c-aca1-97f230ce5079'),UUID_TO_BIN('27f1b285-2f78-4380-aceb-0fb9248b5207'),'Marinka','Мар\'їнка'), (UUID_TO_BIN('b395af89-e2cb-4f82-bdb1-6eab33d9cf77'),UUID_TO_BIN('1a0c5009-819c-4640-920d-d632a5ebfd23'),'Kuty','Кути'), (UUID_TO_BIN('25975bc6-955c-443e-83df-3861e98cc847'),UUID_TO_BIN('61966dad-e920-4cb7-923f-ac44e344e2d8'),'Shchastia','Щастя'), (UUID_TO_BIN('a784d957-6b1a-4005-99df-33fc43a945f6'),UUID_TO_BIN('e9e27864-286f-4107-abb3-1f2d58140dd3'),'Bohuslav','Богуслав'), (UUID_TO_BIN('ff711ffb-284b-4f71-b6c9-d8d48fae323a'),UUID_TO_BIN('b272451e-e5ef-4186-820b-1195efb2011e'),'Obertyn','Обертин'), (UUID_TO_BIN('64539978-7ac5-4d6e-a6c7-454a9ea749a4'),UUID_TO_BIN('5a587e45-919a-48ff-bb52-27b886028d47'),'Borshchiv','Борщів'), (UUID_TO_BIN('c5279f36-b4a3-47e8-8efc-57750cec244a'),UUID_TO_BIN('0ba1b064-c63e-4a0d-b04e-e901d32deab6'),'Uhlia','Угля'), (UUID_TO_BIN('02cb74fb-ea14-4fa8-82ef-cc0ae65f90eb'),UUID_TO_BIN('7f7fb5b8-9d63-4bf9-8bc4-8014b70605d4'),'Chornomorske','Чорноморське'), (UUID_TO_BIN('4a349ab4-8795-47b8-a481-304f166f5980'),UUID_TO_BIN('25c4c561-1789-42ce-8808-f4034192264b'),'Primorske','Приморське'), (UUID_TO_BIN('8644f7c1-d9af-478f-bbb2-1b6c7fbc04bd'),UUID_TO_BIN('c3a80f39-192c-4100-8acd-cca7f60f79d9'),'Starokozache','Старокозаче'), (UUID_TO_BIN('0f515e5e-2bff-489f-a18e-af54289f7556'),UUID_TO_BIN('9c1a48e0-8434-4178-8b32-a2fc9659e6e5'),'Nova Maiachka','Нова Маячка'), (UUID_TO_BIN('2e2f0b80-9804-4067-8a7c-eee98af2bfe7'),UUID_TO_BIN('0125bfd8-509f-45b5-aa1f-53847f7f6f6e'),'Berezna','Березна'), (UUID_TO_BIN('ff7e35ef-a66a-488c-907d-d77af23697be'),UUID_TO_BIN('ce6f306f-3517-44e8-a080-f1321aae7444'),'Bilozerka','Білозерка'), (UUID_TO_BIN('2c243209-cc48-4ec2-a2f6-8a71f1314189'),UUID_TO_BIN('e04cac8b-ba59-4e20-9afe-1a20f7e563b3'),'Kharkiv','Харків'), (UUID_TO_BIN('d7f1dd59-a95f-48a8-96d2-a837d3115765'),UUID_TO_BIN('dff8b23f-cacb-43dc-a2e6-e6884334da38'),'Rokytne','Рокитне'), (UUID_TO_BIN('49adf460-950d-407f-ab6d-1ad52b7499dc'),UUID_TO_BIN('33692bdf-9849-49ec-9c6c-503cdd04421a'),'Znamianka Druha','Знам\'янка Друга'), (UUID_TO_BIN('5454e77f-1b73-48aa-9f00-e75a00ec7a57'),UUID_TO_BIN('c439294d-5654-42d7-bf79-4756bd7865f0'),'Dniprovske','Дніпровське'), (UUID_TO_BIN('11eb0758-4479-49a2-bb3c-570c950a9e68'),UUID_TO_BIN('9c1a48e0-8434-4178-8b32-a2fc9659e6e5'),'Velyki Kopani','Великі Копані'), (UUID_TO_BIN('df7dd963-f14a-4b6b-824b-06b42a3e8fa1'),UUID_TO_BIN('ce6f306f-3517-44e8-a080-f1321aae7444'),'Darivka','Дар\'ївка'), (UUID_TO_BIN('35d81bc4-b361-4735-b749-729aa086aae0'),UUID_TO_BIN('c7fb67d1-33f2-41de-be4e-2dcd7282b195'),'Hora','Гора'), (UUID_TO_BIN('2108cadc-5558-4205-b216-8dae2e9da35c'),UUID_TO_BIN('35e90cfd-9d1e-492d-8a51-004dc438fa18'),'Radyvyliv','Радивилів'), (UUID_TO_BIN('afcd89ee-4c3d-4bf1-85be-c516254556cf'),UUID_TO_BIN('7727650a-23ca-4802-b162-1ac0f562fe47'),'Bucha','Буча'), (UUID_TO_BIN('6c1c078c-bb6c-4761-b7b3-cd10695f34d5'),UUID_TO_BIN('562e70a9-d526-49ab-b865-78a3aee5ec3d'),'Pryluky','Прилуки'), (UUID_TO_BIN('93c50fea-619a-4167-9628-6b4a956ddf0d'),UUID_TO_BIN('1a887297-e4d0-4f96-9b1b-130dba17e80c'),'Radovel','Радовель'), (UUID_TO_BIN('f88fcbc0-0baa-4983-810b-24554d1015f4'),UUID_TO_BIN('2ccf20a6-6fd7-4f02-86ff-6dd8bbb7431e'),'Irkliiv','Іркліїв'), (UUID_TO_BIN('a84efba5-de87-4e67-9876-8a753b25bd97'),UUID_TO_BIN('82385917-4097-408d-a309-9221ae22b08e'),'Dubliany','Дубляни'), (UUID_TO_BIN('aaf4785b-9c54-4423-a1ef-aaf4e8293c50'),UUID_TO_BIN('46c8f117-a19c-45ad-85d3-e4a967e6a233'),'Bashtanka','Баштанка'), (UUID_TO_BIN('0dc521cc-8913-443d-83b5-c1446aaf24fa'),UUID_TO_BIN('2ceeb4de-f15e-4036-9118-20f15406fe92'),'Bibrka','Бібрка'), (UUID_TO_BIN('a3b4852b-f96b-4665-8dee-b801f75b7eba'),UUID_TO_BIN('f4e9cfe0-1538-41e6-9dce-7c8a95406537'),'Barvinkove','Барвінкове'), (UUID_TO_BIN('aeccfbe8-1872-4b85-a291-4c9bf8c7cf07'),UUID_TO_BIN('f9712a1d-aec7-4f28-8fb0-f41696c0a654'),'Hostomel','Гостомель'), (UUID_TO_BIN('ff4bf3f5-21cc-4c1c-bc59-2dc9d9533258'),UUID_TO_BIN('9fd9dab8-9744-442d-8c8b-25266e55fb89'),'Volnovakha','Волноваха'), (UUID_TO_BIN('cf9f969e-cb57-4315-951e-7437c0528499'),UUID_TO_BIN('8ab56717-d7ee-4a33-8f33-6756c06f8f6f'),'Kobeliaky','Кобеляки'), (UUID_TO_BIN('6976dbd3-72c7-44f3-b2fc-d85b91bd3ac0'),UUID_TO_BIN('ff7e427f-1c68-4925-a6fa-48c9535de337'),'Baranivka','Баранівка'), (UUID_TO_BIN('959038b1-f36d-4559-9743-cf7ffe4e885f'),UUID_TO_BIN('0ae48d0e-dfee-4d41-a0b4-6a611e58115a'),'Honcharivske','Гончарівське'), (UUID_TO_BIN('8ff0a16b-a1bc-409c-8e82-f41744128a15'),UUID_TO_BIN('0d69fcc9-a5d5-4b6d-8cb6-dd5fc15765e6'),'Orlivshchyna','Орлівщина'), (UUID_TO_BIN('a17c4767-85b0-498e-a4b5-7f32d73aabc5'),UUID_TO_BIN('d035dcd8-b415-4230-8b36-449393a7389e'),'Sakhnovshchyna','Сахновщина'), (UUID_TO_BIN('97363bfe-e543-4a56-9ac4-b7e4dd21e4c3'),UUID_TO_BIN('ce067932-e562-424b-9f65-df77ac4ec10c'),'Kamianka-Buzka','Кам\'янка-Бузька'), (UUID_TO_BIN('06e56261-a1ff-43d0-8d58-b3b6115b0850'),UUID_TO_BIN('080229f9-d455-4a93-8d54-5341617bc15f'),'Iziaslav','Ізяслав'), (UUID_TO_BIN('7c7a641e-3a4a-4ccf-845d-9a0728b54932'),UUID_TO_BIN('6bf10065-867f-4309-9406-c838235dfdca'),'Sumy','Суми'), (UUID_TO_BIN('0b469d10-0a1e-4a42-8170-00e418c72f91'),UUID_TO_BIN('0d69fcc9-a5d5-4b6d-8cb6-dd5fc15765e6'),'Novoselivka','Новоселівка'), (UUID_TO_BIN('9adb4c98-7851-4404-9ffd-3d83468a89d1'),UUID_TO_BIN('b59a0867-b98a-4462-b784-139b0904edbe'),'Pidhaitsi','Підгайці'), (UUID_TO_BIN('b0b8a6ac-c570-4adf-98a1-84e98bc422cf'),UUID_TO_BIN('42a31944-b338-4316-bf6d-4c45c7762bff'),'Klesiv','Клесів'), (UUID_TO_BIN('2818e808-744c-4823-9640-6d86c1673264'),UUID_TO_BIN('32101a76-5ed2-4bb0-b061-820fed17d79c'),'Sokal','Сокаль'), (UUID_TO_BIN('969a960b-e5c5-4da8-814f-dd3610be7861'),UUID_TO_BIN('ed86f1bc-bc61-493c-9e80-ab81046d719c'),'Kryzhopil','Крижопіль'), (UUID_TO_BIN('d3dd12d5-a674-4950-b95c-46a977fdb95f'),UUID_TO_BIN('673bad1a-f7b0-422d-9a37-a6111a30bfd4'),'Briukhovychi','Брюховичі'), (UUID_TO_BIN('61d0f33d-993d-4c68-88fb-de41d45411d0'),UUID_TO_BIN('10f1879f-c50d-4e01-bafc-41a4ebc2a993'),'Tomakivka','Томаківка'), (UUID_TO_BIN('a86e430b-7e6a-4d15-b7f3-246b44503be8'),UUID_TO_BIN('603f35ac-5e91-40b4-9dcf-0c72e1c076d8'),'Kvasyliv','Квасилів'), (UUID_TO_BIN('68debb79-12cc-4a91-9a2a-a8b093b73859'),UUID_TO_BIN('6b724391-9dbe-4ba1-95bf-a94d148c4c5d'),'Chornukhy','Чорнухи'), (UUID_TO_BIN('ebcadf12-c594-41fc-9e5b-2d9f16109810'),UUID_TO_BIN('aaad5d06-772d-4113-96c2-1d9b65c112eb'),'Novoukrainka','Новоукраїнка'), (UUID_TO_BIN('6094082a-16e9-4208-a789-aa6f36162995'),UUID_TO_BIN('3efd1c83-2073-495a-9f17-146c33349d62'),'Mahdalynivka','Магдалинівка'), (UUID_TO_BIN('2bffcd2f-ec18-4463-bda8-96f72381f559'),UUID_TO_BIN('4951c1dc-5593-4991-9e6d-82bc563376ca'),'Dovhe','Довге'), (UUID_TO_BIN('081539ad-e538-4a54-b82f-c1b09cfe3bdf'),UUID_TO_BIN('fd7297fb-294e-4d1a-ba15-6f110a79ab6e'),'Velyka Mykhailivka','Велика Михайлівка'), (UUID_TO_BIN('a4921b7c-57af-49b8-b028-1339e5004a1a'),UUID_TO_BIN('f2f6358c-bb3b-431f-bf90-4f70c6aa5030'),'Hnivan','Гнівань'), (UUID_TO_BIN('4b03ebe5-dbb6-40b6-8363-64f2b040fb9e'),UUID_TO_BIN('da06a801-e4f7-46be-95b5-66ab95d7f9a8'),'Morshyn','Моршин'), (UUID_TO_BIN('df98d4fe-af1a-4d5b-a4d1-10df2e4c782d'),UUID_TO_BIN('276dffc4-019b-4edb-abea-14abb0bbcd93'),'Dymer','Димер'), (UUID_TO_BIN('c7938b9b-7c86-4994-9349-b8b436ababed'),UUID_TO_BIN('a88540f5-4fcd-44f8-973a-001d49eeb55a'),'Pavlohrad','Павлоград'), (UUID_TO_BIN('97c0d1ca-d7ea-4d40-a4e7-9eafb858b025'),UUID_TO_BIN('50c88b91-2e8c-4fed-a1a5-6b013b76d987'),'Teplodar','Теплодар'), (UUID_TO_BIN('91f0a987-a581-4cb5-92c5-e56a2b48985b'),UUID_TO_BIN('be74331d-20e3-4545-823d-77e96bb1402d'),'Lozova','Лозова'), (UUID_TO_BIN('244b7908-bcd7-47ee-a41e-3f51fd9f53b4'),UUID_TO_BIN('f2ba5d6f-68bc-4afb-a330-5f33d646a9e8'),'Ovidiopol','Овідіополь'), (UUID_TO_BIN('098d6068-cc7d-4077-8b59-ae392ee57950'),UUID_TO_BIN('dc534576-0481-4c27-aa80-8b40993ebdd8'),'Beryslav','Берислав'), (UUID_TO_BIN('4b790044-bd72-4f05-b6a1-b31d53dfbcfd'),UUID_TO_BIN('c0f0a473-ff6c-4882-8f0a-87e0d3a66e47'),'Opishnia','Опішня'), (UUID_TO_BIN('4f469371-33d3-4bd8-9286-10dee0282d96'),UUID_TO_BIN('404babb4-02ed-44a0-a7ee-55d3a951559a'),'Chyhyryn','Чигирин'), (UUID_TO_BIN('9d5ea13c-e980-40a7-8280-e2f0007a4126'),UUID_TO_BIN('c3a80f39-192c-4100-8acd-cca7f60f79d9'),'Zatoka','Затока'), (UUID_TO_BIN('817ac0ac-3119-4d0d-b16e-83754a308a64'),UUID_TO_BIN('07f82ca7-20cf-4718-a014-4d36409e8d08'),'Kremenchuk','Кременчук'), (UUID_TO_BIN('cb090f66-9b57-4e06-8a9c-5ab1f2eb9a23'),UUID_TO_BIN('22dc6aef-b6a0-4c87-a998-4bc5257f8afb'),'Nova Odesa','Нова Одеса'), (UUID_TO_BIN('3c364b59-d5bb-4a31-878e-e60f169b2aca'),UUID_TO_BIN('a2284ecf-57c7-4025-94e7-b267f412d311'),'Krasnokutsk','Краснокутськ'), (UUID_TO_BIN('c8516afa-15b5-4234-a64e-80a795e0dce2'),UUID_TO_BIN('0d61d2d3-e937-4a5c-95e8-55d8756ee601'),'Doslidne','Дослідне'), (UUID_TO_BIN('7b288378-51cc-4c11-b025-13cbd244505c'),UUID_TO_BIN('aaad5d06-772d-4113-96c2-1d9b65c112eb'),'Rivne','Рівне'), (UUID_TO_BIN('313a8ac6-5d58-40db-be3e-58ea6ea9049c'),UUID_TO_BIN('ab835b4c-d644-4301-b2bd-563245853d0a'),'Arbuzynka','Арбузинка'), (UUID_TO_BIN('9d1245c8-8e5a-4026-be3a-74c8fd8aa7c3'),UUID_TO_BIN('efa927d9-e056-4677-9482-d3914e306618'),'Kelmentsi','Кельменці'), (UUID_TO_BIN('a5f24605-7906-4ef5-a2ae-e1969bca60ca'),UUID_TO_BIN('b0b738b1-4a12-458c-aa85-7f96b9e8ef91'),'Klavdiievo-Tarasove','Клавдієво-Тарасове'), (UUID_TO_BIN('87aa8c40-6b0a-48c3-aa12-fc46d8e20946'),UUID_TO_BIN('042336a8-cd36-4871-8895-f50f11225aea'),'Vynohradiv','Виноградів'), (UUID_TO_BIN('89e09d8e-1265-4091-a1de-eea19fc47359'),UUID_TO_BIN('cb3137dd-20cb-437a-8e0b-d13bdb670b19'),'Terebovlia','Теребовля'), (UUID_TO_BIN('8886420e-3dd4-49b3-9b5a-2b2f2960f9c9'),UUID_TO_BIN('6fb931df-cace-4705-b63a-9bc281f47504'),'Ozerna','Озерна'), (UUID_TO_BIN('3927ea0c-71d3-4716-be4f-45cbb988a062'),UUID_TO_BIN('d9601b99-faec-4e6e-bc9f-988450fa95f4'),'Volochysk','Волочиськ'), (UUID_TO_BIN('cb96d1f5-3355-480b-aeee-92d13433e7f6'),UUID_TO_BIN('871783c3-fd17-4094-9c1e-94f39d9ffa67'),'Lypova Dolyna','Липова Долина'), (UUID_TO_BIN('4c87f2f2-ecc3-45f1-a41a-fbaf6b93c57d'),UUID_TO_BIN('56410ab1-460c-4faa-ba48-08f3b43152b2'),'Stara Vyzhivka','Стара Вижівка'), (UUID_TO_BIN('625c1b53-22fe-42b9-99b4-53a1c14dfc2d'),UUID_TO_BIN('cdc45aa6-2dc7-4bdc-bf48-c76800fa22ce'),'Nove','Нове'), (UUID_TO_BIN('57b5dda8-859f-4724-9d98-830a3166d36a'),UUID_TO_BIN('206edac2-d011-4d38-8729-6f93142f8011'),'Bilosaraiska kosa','Білосарайська коса'), (UUID_TO_BIN('9f9c43fa-e0a3-4ef8-8f2f-c87c35b09e07'),UUID_TO_BIN('fc858bd6-c067-449c-962f-2996634b71aa'),'Vlasivka','Власівка'), (UUID_TO_BIN('a2317b21-a608-4e04-b5ff-d748621d2e7a'),UUID_TO_BIN('729c03b3-4644-4d37-95e0-2d62ba25cd05'),'Hornostaivka','Горностаївка'), (UUID_TO_BIN('9c322a4f-7f27-4256-9670-39d8e746e9e1'),UUID_TO_BIN('b7c60d0f-ce47-4d4f-8794-4647b910c827'),'Mezhova','Межова'), (UUID_TO_BIN('611ea67b-0fa7-429f-83f2-e7856ef389e8'),UUID_TO_BIN('db390ded-67e9-4811-a5c4-f39ef7b89547'),'Lypovets','Липовець'), (UUID_TO_BIN('aba9857b-6003-40ca-a4ad-9061b28dea7d'),UUID_TO_BIN('cb3137dd-20cb-437a-8e0b-d13bdb670b19'),'Mykulyntsi','Микулинці'), (UUID_TO_BIN('a3936041-90cb-4229-afe6-4981153012cc'),UUID_TO_BIN('64df8286-b89d-476a-9279-94bfe75eb6bf'),'Lubny','Лубни'), (UUID_TO_BIN('6bad7fb3-9f73-4322-ac99-f160d7f256e8'),UUID_TO_BIN('cdc45aa6-2dc7-4bdc-bf48-c76800fa22ce'),'Cherniakhivka','Черняхівка'), (UUID_TO_BIN('78ca5e92-241b-49c7-aecd-a06bc7a0d30c'),UUID_TO_BIN('cf3a0891-6ffd-458b-955d-76da84054eab'),'Romny','Ромни'), (UUID_TO_BIN('271f8a03-3c3a-4f26-b220-3c402dd31219'),UUID_TO_BIN('66b6b06c-121c-43c4-bd7a-4b6e02c03a76'),'Heronymivka','Геронимівка'), (UUID_TO_BIN('6828d0fd-b961-49fa-9bc4-3002f7bd78b0'),UUID_TO_BIN('0ae48d0e-dfee-4d41-a0b4-6a611e58115a'),'Novyi Bilous','Новий Білоус'), (UUID_TO_BIN('f0633966-17c3-46ea-b715-dcecf513f55b'),UUID_TO_BIN('645738dd-fde2-4c92-8e92-bd7a506637e3'),'Orativ','Оратів'), (UUID_TO_BIN('e71f6a80-4915-4d35-9144-4e541e409308'),UUID_TO_BIN('ac8259ea-0d3e-4572-b4ce-5dec7d28027a'),'Storozhynets','Сторожинець'), (UUID_TO_BIN('7d35f158-5dad-4461-8366-16e5e50f47fb'),UUID_TO_BIN('f3f31978-7adf-4890-a0bc-ddf299362dc0'),'Oleksandriia','Олександрія'), (UUID_TO_BIN('f2b9f36a-2bd4-4f68-8ee3-aa33a056ed7a'),UUID_TO_BIN('a899a84a-4734-45a0-b7c0-c807ec924905'),'Kosari','Косарі'), (UUID_TO_BIN('8dc0f0a9-3389-4fa3-9d1d-d08c83cbaba2'),UUID_TO_BIN('7a2f1b33-f1ce-4709-bb9f-2ba8743d0448'),'Bohorodchany','Богородчани'), (UUID_TO_BIN('15945e8f-5075-49b6-94a5-9787e3e0926d'),UUID_TO_BIN('4210cb67-a85d-4c59-bdac-472760d5d082'),'Kiliia','Кілія'), (UUID_TO_BIN('4171ac74-399a-44da-8fe7-55ba83175f4e'),UUID_TO_BIN('fdfd48a1-9c70-4b63-a910-be1fe5299a68'),'Kipti','Кіпті'), (UUID_TO_BIN('a78d6d8f-a8fa-48e4-96da-a1ab4c613088'),UUID_TO_BIN('8a1fac59-65fe-4a00-9d49-23110c57aba5'),'Hrushivka','Грушівка'), (UUID_TO_BIN('620e86f7-33b4-4cbe-b5ee-cf29a38a4baa'),UUID_TO_BIN('f4e8c8fa-40b9-4a9c-84a5-ac063c23f91b'),'Dubrovytsia','Дубровиця'), (UUID_TO_BIN('6df9caa6-d10e-4184-9fe5-43bd5f60837e'),UUID_TO_BIN('e0ad8999-09f8-4be8-91f7-1ae2124087fa'),'Teplyk','Теплик'), (UUID_TO_BIN('404c54a0-2977-4536-937f-36edcbae74b9'),UUID_TO_BIN('4951c1dc-5593-4991-9e6d-82bc563376ca'),'Ilnytsia','Ільниця'), (UUID_TO_BIN('8d8a74bb-dce4-4a0c-a848-145dc9c7cd87'),UUID_TO_BIN('327abd22-31c3-4eb0-83bf-0de755d7c20d'),'Rozsoshentsi','Розсошенці'), (UUID_TO_BIN('fcf3c175-c798-48e8-bc46-a698e77bd6d1'),UUID_TO_BIN('a8a180ed-7e2f-476d-9eef-572651670fce'),'Sribne','Срібне'), (UUID_TO_BIN('b35e9695-ac82-4922-89a4-2fd2323685a9'),UUID_TO_BIN('da06a801-e4f7-46be-95b5-66ab95d7f9a8'),'Stryi','Стрий'), (UUID_TO_BIN('05096c32-2879-4210-93f1-165304edf45d'),UUID_TO_BIN('87cbfe1a-77c0-472f-9aae-ae6cc56603a7'),'Vradiivka','Врадіївка'), (UUID_TO_BIN('bfac969a-5606-4c16-8095-c9edb689b347'),UUID_TO_BIN('0ba1b064-c63e-4a0d-b04e-e901d32deab6'),'Bushtyno','Буштино'), (UUID_TO_BIN('795f4dcd-f4c1-4bcd-8085-8b3d43ea8889'),UUID_TO_BIN('898cbda6-e3e1-4347-9e40-7c2a2fd98940'),'Nizhyn','Ніжин'), (UUID_TO_BIN('d40fd81a-d1bd-4d66-8e52-8d3adb19e42a'),UUID_TO_BIN('f2e133d7-0054-4d02-8cdb-365214b643d4'),'Uman','Умань'), (UUID_TO_BIN('3cd6be6e-26ec-4e3b-8c92-5162a3bb4d82'),UUID_TO_BIN('0b94b25c-b835-4447-9031-3663d470f0ae'),'Shpola','Шпола'), (UUID_TO_BIN('be78e8ef-7c9a-4971-a768-f2807ddf4d4e'),UUID_TO_BIN('0b3a7d9d-b153-45e1-9b94-fff0a5c9e2c9'),'Petropavlivka','Петропавлівка'), (UUID_TO_BIN('22abf981-864a-4733-b964-0bbad231c098'),UUID_TO_BIN('a839e4a3-a4a2-4fd4-85f0-d798f190ba88'),'Kivertsi','Ківерці'), (UUID_TO_BIN('1e515060-fc33-4363-9276-5ad89bb24ab1'),UUID_TO_BIN('76623a2d-25ee-4ed0-8dec-6d262543d7a1'),'Borzna','Борзна'), (UUID_TO_BIN('52d559a1-6dc3-467b-8f89-5a46d8315186'),UUID_TO_BIN('a1e5577a-4e63-4ac1-bd36-c8136365f839'),'Truskavets','Трускавець'), (UUID_TO_BIN('b1829bb5-8c38-4e56-8631-9ce7fa2a5119'),UUID_TO_BIN('ff7e427f-1c68-4925-a6fa-48c9535de337'),'Dovbysh','Довбиш'), (UUID_TO_BIN('d453f7d3-54e2-4f13-8840-45db751df66d'),UUID_TO_BIN('01b487a9-3f20-490a-8a66-8bae3591607e'),'Kupiansk','Куп\'янськ'), (UUID_TO_BIN('de078995-8266-4fc9-aac6-87f133c13ccb'),UUID_TO_BIN('a1e5577a-4e63-4ac1-bd36-c8136365f839'),'Drohobych','Дрогобич'), (UUID_TO_BIN('e0833015-8a27-4cd5-8a89-9762e5b9657e'),UUID_TO_BIN('332fc822-f980-4cef-a202-29cea6b0d053'),'Derazhnia','Деражня'), (UUID_TO_BIN('ae7b4e76-3142-4643-9beb-07b8b00fafe6'),UUID_TO_BIN('bf5468e0-67de-44a4-93a9-0e0ccf39965e'),'Chutove','Чутове'), (UUID_TO_BIN('800385c7-a004-492a-83d9-ea3a7c360b79'),UUID_TO_BIN('5c9d8456-1c45-4a13-b07b-a8ca68064f78'),'Bilohiria','Білогір\'я'), (UUID_TO_BIN('998b404c-7c8a-4c7f-95eb-b7d850deac27'),UUID_TO_BIN('db2591df-82cb-46d2-9fc4-a32e9952ba34'),'Milove','Мілове'), (UUID_TO_BIN('1caf0cc3-a966-448d-acdf-5ea707e76df2'),UUID_TO_BIN('ecdb0bd5-6b9b-4e11-a9af-d3fa4c8104de'),'Zhytomyr','Житомир'), (UUID_TO_BIN('5c8a74fc-1ee1-4521-9b0e-665a5c8ebbe1'),UUID_TO_BIN('13f0697d-ec1b-4da8-9782-f727db028920'),'Chemerivtsi','Чемерівці'), (UUID_TO_BIN('5dcfc3a2-fd93-45cb-91b6-e1704c6728de'),UUID_TO_BIN('b0b738b1-4a12-458c-aa85-7f96b9e8ef91'),'Nemishaieve','Немішаєве'), (UUID_TO_BIN('56668b10-dc4d-4fd0-88c0-83c50733f9e0'),UUID_TO_BIN('9208185b-22a1-487c-a38f-617d65808691'),'Ternopil','Тернопіль'), (UUID_TO_BIN('d59b0129-e4c0-432c-b081-9a8bc8dcd2be'),UUID_TO_BIN('c8ae19c1-b6c5-4fca-98d3-63b83b947693'),'Dobropillia','Добропілля'), (UUID_TO_BIN('3bcd9ad3-1013-42f2-bff4-ff542ea7a93f'),UUID_TO_BIN('2e4c2bf1-81bf-4df2-a995-a3690b82c3a3'),'Ananiv','Ананьїв'), (UUID_TO_BIN('f0a9f51d-d9b1-4b2d-92b7-c99513828295'),UUID_TO_BIN('4a783eb3-d1a8-4a37-b0d7-c5c563327b24'),'Hlyboka','Глибока'), (UUID_TO_BIN('55fb4750-3ba4-4e0b-b9da-0450290ea38b'),UUID_TO_BIN('4951c1dc-5593-4991-9e6d-82bc563376ca'),'Zarichchia','Заріччя'), (UUID_TO_BIN('3c12712c-3df6-49ff-acd2-220dd935f3a5'),UUID_TO_BIN('be74331d-20e3-4545-823d-77e96bb1402d'),'Paniutyne','Панютине'), (UUID_TO_BIN('7aab8896-2403-429e-9bf4-718c02ef906a'),UUID_TO_BIN('7727650a-23ca-4802-b162-1ac0f562fe47'),'Lisnyky','Лісники'), (UUID_TO_BIN('f3fed43a-f775-4eca-9c8d-7e5df97a1779'),UUID_TO_BIN('da06a801-e4f7-46be-95b5-66ab95d7f9a8'),'Novyi Rozdil','Новий Розділ'), (UUID_TO_BIN('59d1371d-a354-4a72-9e87-79048f8bb8df'),UUID_TO_BIN('4d616942-50ee-4c74-ae74-7149846aab4c'),'Vesele','Веселе'), (UUID_TO_BIN('1966f2c0-8d9d-47c1-a3da-21f7d23f003e'),UUID_TO_BIN('f211326e-2f72-4355-aa99-19102e0076d9'),'Berezan','Березань'), (UUID_TO_BIN('2699a0a5-2f7a-4071-b3e0-397c2d409c3d'),UUID_TO_BIN('7f7fb5b8-9d63-4bf9-8bc4-8014b70605d4'),'Kryzhanivka','Крижанівка'), (UUID_TO_BIN('a1fcb280-5899-4655-814d-9c81e1c126f1'),UUID_TO_BIN('2bbb49c9-55e6-46df-b894-0a290ceeefac'),'Holovyne','Головине'), (UUID_TO_BIN('99c72aea-1685-486c-89e2-410ad4dbc91e'),UUID_TO_BIN('26846418-1628-4ca9-a79b-2d1e7f4370f2'),'Lokhvytsia','Лохвиця'), (UUID_TO_BIN('56cd2a8e-6b7f-4846-9fd8-b553849e0fb9'),UUID_TO_BIN('1e135861-96f0-47d7-9968-c21f67b5be95'),'Tarutyne','Тарутине'), (UUID_TO_BIN('86a7d11f-7254-49be-91b8-544b1e1a532a'),UUID_TO_BIN('8ab56717-d7ee-4a33-8f33-6756c06f8f6f'),'Bilyky','Білики'), (UUID_TO_BIN('45eca82d-2e0f-4a00-affe-dcd325d82fd9'),UUID_TO_BIN('53cd6fba-a0b5-4553-9a66-48376a569683'),'Biloshitsi','Білошиці'), (UUID_TO_BIN('f74cf96b-9210-4282-afa7-26c210023f27'),UUID_TO_BIN('38b3daf5-c59e-41f2-acb9-2516bdc08d2f'),'Berdychiv','Бердичів'), (UUID_TO_BIN('8a0f79ea-21be-4029-8927-fb29907ec27a'),UUID_TO_BIN('33072552-42da-4889-8c18-93527adfe58b'),'Shatsk','Шацьк'), (UUID_TO_BIN('fe3ca320-407a-4d43-ab0a-3a72d865f978'),UUID_TO_BIN('d35963b3-cf18-4f77-9a86-cd87fcdaf854'),'Novopskov','Новопсков'), (UUID_TO_BIN('8707ad36-6dce-4354-8877-0bd9a2c1296a'),UUID_TO_BIN('04ef20c1-22eb-4e1c-8532-f81143917352'),'Starobilsk','Старобільськ'), (UUID_TO_BIN('b8bcbb45-d92e-4d22-9cea-ea9483cc7375'),UUID_TO_BIN('56c24d5d-7c93-46d1-aa8b-d82f0c047801'),'Khlibodarske','Хлібодарське'), (UUID_TO_BIN('a0ce801a-3852-4864-86a7-79f407167675'),UUID_TO_BIN('1799a891-e780-4b80-8df5-e72e82774500'),'Kompaniivka','Компаніївка'), (UUID_TO_BIN('bdccda51-5875-49c1-aef5-132c3cb729f8'),UUID_TO_BIN('db4e9747-8eff-483b-b617-a675019d3e1e'),'Slavsko','Славсько'), (UUID_TO_BIN('14677fa1-80d9-422e-9a96-8b7ec60666a0'),UUID_TO_BIN('dc29de04-c1b6-462f-b112-11c7c6d342fd'),'Sofiivka','Софіївка'), (UUID_TO_BIN('afb2e540-736a-4ce7-a45b-f0a6f4a34fd1'),UUID_TO_BIN('c27face3-32fe-4485-b45d-75354de1aa37'),'Talalaivka','Талалаївка'), (UUID_TO_BIN('4e799aa5-8600-493e-8f9e-1ad5887213c3'),UUID_TO_BIN('3de06eb3-3eb5-4a75-9d3b-5cb46e6381f6'),'Turiisk','Турійськ'), (UUID_TO_BIN('58ee0559-6a53-4aff-a97c-eb6155b36c75'),UUID_TO_BIN('6a8a96dd-ed2e-4d02-b3ea-3fa0255e1d36'),'Kamianka-Dniprovska','Кам\'янка-Дніпровська'), (UUID_TO_BIN('22fa3de2-2272-42ef-bdaa-3050f54023ad'),UUID_TO_BIN('9519040d-bda4-49d1-8026-a1785ccdc7d9'),'Druzhkivka','Дружківка'), (UUID_TO_BIN('1f7ef5bb-6e9f-4337-8f72-9459af95943c'),UUID_TO_BIN('40577251-5bfe-4ec9-8501-0e11017bda54'),'Skvyra','Сквира'), (UUID_TO_BIN('23c673a7-04fe-466f-b647-7e1c6d0060c3'),UUID_TO_BIN('5a435394-fe64-4a74-9371-074335e97c16'),'Zakharivka','Захарівка'), (UUID_TO_BIN('6f94f192-2661-400c-bc58-73d70e2bce52'),UUID_TO_BIN('481d4d95-3275-42ea-98ba-d4c21f999569'),'Andrushivka','Андрушівка'), (UUID_TO_BIN('ce1c776e-b9c9-4e76-b360-129b0e65994b'),UUID_TO_BIN('5a587e45-919a-48ff-bb52-27b886028d47'),'Melnytsia-Podilska','Мельниця-Подільська'), (UUID_TO_BIN('09f23ce8-a386-4144-be16-a87252f2ebe6'),UUID_TO_BIN('986d5b77-6c8d-4d21-8a18-3b2138402c12'),'Onufriivka','Онуфріївка'), (UUID_TO_BIN('5c93b99e-cd82-41c3-97d0-62afb77779bb'),UUID_TO_BIN('0dc40b49-2e1f-4cda-baab-981c7e49cea1'),'Boratyn','Боратин'), (UUID_TO_BIN('48c07627-d109-4539-8d1c-37ce3e9698b8'),UUID_TO_BIN('1549945f-caf0-4049-9d23-c2bf0e9e6dc2'),'Ozerne','Озерне'), (UUID_TO_BIN('2536ab36-7ac4-431f-96ad-6c1793521351'),UUID_TO_BIN('8e599efa-685c-4e4c-b823-f6cf54f12654'),'Rakhiv','Рахів'), (UUID_TO_BIN('1aca354b-4919-4538-8dcd-6ab37a6a433d'),UUID_TO_BIN('f2f6358c-bb3b-431f-bf90-4f70c6aa5030'),'Selyshche','Селище'), (UUID_TO_BIN('56cdb883-21d7-4078-b6c6-516cb8b9df3a'),UUID_TO_BIN('c3a80f39-192c-4100-8acd-cca7f60f79d9'),'Serhiivka','Сергіївка'), (UUID_TO_BIN('c8a694e2-f61a-4fb6-a527-51e271988428'),UUID_TO_BIN('7c0ee21e-72fb-4655-a933-fee90b1eceac'),'Soledar','Соледар'), (UUID_TO_BIN('a6de5826-5810-4af4-a72c-d86a8db305dc'),UUID_TO_BIN('b0ed7eff-c299-4c18-b90a-fc9118d17d2f'),'Stebliv','Стеблів'), (UUID_TO_BIN('28f812ff-acc2-4351-b431-c091440fb99d'),UUID_TO_BIN('54a5e40c-6de9-4912-9957-4e81250c13c5'),'Kozyn','Козин'), (UUID_TO_BIN('601c8a3b-323d-4053-acec-440980f0fbd2'),UUID_TO_BIN('3cfaa3db-de79-4252-b968-807309e25f48'),'Slavutych','Славутич'), (UUID_TO_BIN('28206822-df30-473e-9a77-429c52da86fc'),UUID_TO_BIN('cbe19bbc-db86-4e12-9200-b3c4d612b068'),'Vorozhba','Ворожба'), (UUID_TO_BIN('0f5f9373-b29c-4d23-9119-99bf7413bef3'),UUID_TO_BIN('da34f062-ad9e-417a-80cb-c1e9e1887171'),'Volia-Bartativska','Воля-Бартатівська'), (UUID_TO_BIN('aba3ae98-cd44-4018-8de2-b32dd3f520d9'),UUID_TO_BIN('d9eb3ba7-52c8-4264-b20a-8d0289f5c8d8'),'Kovel','Ковель'), (UUID_TO_BIN('67a4c3ef-a52f-4c4c-8489-3fa427ade1db'),UUID_TO_BIN('e04cac8b-ba59-4e20-9afe-1a20f7e563b3'),'Bezliudivka','Безлюдівка'), (UUID_TO_BIN('d52491bd-e865-4018-bce6-50ed3a2ec791'),UUID_TO_BIN('39cc87a9-2aaa-4491-9267-5a98484b76e0'),'Monastyryshche','Монастирище'), (UUID_TO_BIN('f76b1822-141d-44e8-80aa-89d6b6537ec5'),UUID_TO_BIN('1fa414d6-d18c-4cd1-abb6-697d85af032c'),'Skadovsk','Скадовськ'), (UUID_TO_BIN('9480e618-5531-443c-947a-1281553a9b3c'),UUID_TO_BIN('7cb08b47-9ba4-40ab-a1b8-645970ae62bc'),'Novoiavorivsk','Новояворівськ'), (UUID_TO_BIN('da6c668b-9296-45bc-a149-7be7167a5b62'),UUID_TO_BIN('141ce97f-cd47-49da-b8c7-f390841caa86'),'Bila Tserkva','Біла Церква'), (UUID_TO_BIN('4ef7b6d2-2080-42f2-aaf5-4caa25acc675'),UUID_TO_BIN('7727650a-23ca-4802-b162-1ac0f562fe47'),'Sofiivska Borshchahivka','Софіївська Борщагівка'), (UUID_TO_BIN('29d527f3-148f-4561-b562-1a02d0c3380c'),UUID_TO_BIN('9519040d-bda4-49d1-8026-a1785ccdc7d9'),'Sviatogirsk','Святогірськ'), (UUID_TO_BIN('6cbec40e-d4ad-4e72-9c92-e57d95e999f7'),UUID_TO_BIN('0ba1b064-c63e-4a0d-b04e-e901d32deab6'),'Solotvyno','Солотвино'), (UUID_TO_BIN('87b65950-ae8d-4e1a-bd50-73cef3f7b009'),UUID_TO_BIN('9358f206-be20-45b9-ac1f-ceef1f099bed'),'Ilarionove','Іларіонове'), (UUID_TO_BIN('afa56444-a6b5-495e-851d-f1c3ef954290'),UUID_TO_BIN('b6c897fe-33fd-4398-b6cd-0688677f10e5'),'Ripky','Ріпки'), (UUID_TO_BIN('fec66dcd-726b-4bb4-8fe3-378c6cbaa9e7'),UUID_TO_BIN('56c24d5d-7c93-46d1-aa8b-d82f0c047801'),'Dachne','Дачне'), (UUID_TO_BIN('a8b0e953-564f-4f8e-b53d-e278191f7233'),UUID_TO_BIN('852a85f3-a88a-494e-9895-4346bac3e065'),'Kaharlyk','Кагарлик'), (UUID_TO_BIN('abb42a86-d0f0-41b3-a3d2-f1b1851a7d5b'),UUID_TO_BIN('6d992712-5a03-428d-ae42-f7d44f288c29'),'Korop','Короп'), (UUID_TO_BIN('6542db8e-47dd-47ff-8286-d34a3c80a9ce'),UUID_TO_BIN('7953e006-c275-4883-b112-1eee66875e2a'),'Mukachevo','Мукачево'), (UUID_TO_BIN('5186266d-ffa8-46ea-80b9-d0342c0247c2'),UUID_TO_BIN('4b8c22d8-c200-4711-bbb7-441de4fd6dd6'),'Andriivka','Андріївка'), (UUID_TO_BIN('f3f170af-cd41-4132-9970-04f431693240'),UUID_TO_BIN('6cd35d25-2d45-40d9-9ebb-92135665ef52'),'Mashivka','Машівка'), (UUID_TO_BIN('4bbe9c05-8b02-494e-bd62-df5f25128c63'),UUID_TO_BIN('6156978b-e0cd-4bb8-aec3-ad18047afc3f'),'Seredyna-Buda','Середина-Буда'), (UUID_TO_BIN('688ed270-598f-463c-a16d-04533225e9aa'),UUID_TO_BIN('0d69fcc9-a5d5-4b6d-8cb6-dd5fc15765e6'),'Cherkaske','Черкаське'), (UUID_TO_BIN('77a7e3b0-73fd-43af-9ea7-d63ab296167f'),UUID_TO_BIN('9208185b-22a1-487c-a38f-617d65808691'),'Baikivtsi','Байківці'), (UUID_TO_BIN('e7daf425-3c9e-4f54-8dc2-c32643dde19a'),UUID_TO_BIN('23764faa-1429-472a-8bcf-a7c2b825e3f5'),'Shchaslyvtseve','Щасливцеве'), (UUID_TO_BIN('829bcbc1-103e-463a-909b-f011fa950bfc'),UUID_TO_BIN('0ba1b064-c63e-4a0d-b04e-e901d32deab6'),'Tiachiv','Тячів'), (UUID_TO_BIN('8da0ce49-13b2-4aad-9c4f-8830689bb6e7'),UUID_TO_BIN('c87ad97c-43b8-4d32-83db-b3e73baf62e9'),'Zelenodolsk','Зеленодольськ'), (UUID_TO_BIN('3e153d45-e5ce-49c7-92b0-473eeebe5814'),UUID_TO_BIN('f2ba5d6f-68bc-4afb-a330-5f33d646a9e8'),'Avanhard','Авангард'), (UUID_TO_BIN('8760db06-1285-4e60-85c4-a3fe644448af'),UUID_TO_BIN('7c09df2b-e8c3-414b-b294-1c59a9a7df7e'),'Chop','Чоп'), (UUID_TO_BIN('0b7c8c5e-7c7f-4bf9-87ba-033c89ffc482'),UUID_TO_BIN('ea93faaa-e5a1-49d1-9b6c-2ec5292d4a76'),'Kitsman','Кіцмань'), (UUID_TO_BIN('12e7c34c-717d-44d5-9ac0-b17148e09784'),UUID_TO_BIN('b6bb86f1-617b-4629-998c-397ef9d35a4d'),'Luka-Meleshkivska','Лука-Мелешківська'), (UUID_TO_BIN('ee5a47c5-ddb4-4e45-a8c0-fd0e0e64acb7'),UUID_TO_BIN('5127fb78-da30-4bd6-a6d1-d6912969f006'),'Slavuta','Славута'), (UUID_TO_BIN('c971f2eb-a4c7-48f6-a947-24dbfea62c6e'),UUID_TO_BIN('f241e90c-a69f-4eeb-be11-c7e01d218518'),'Hradyzk','Градизьк'), (UUID_TO_BIN('db9d2adc-5284-43f4-84a3-5027058397e5'),UUID_TO_BIN('7574630d-5971-4447-ae6d-fec5530c7cdd'),'Putyla','Путила'), (UUID_TO_BIN('16393c76-2886-4021-bb56-440140ee241d'),UUID_TO_BIN('e667a197-bbc8-4b17-b546-65a96cd106c5'),'Kyrylivka','Кирилівка'), (UUID_TO_BIN('e7819ced-f19f-4e17-8be7-a7394bf5b310'),UUID_TO_BIN('3552fa63-d09c-4048-8a97-83dfba0f9e73'),'Konotop','Конотоп'), (UUID_TO_BIN('6afd43f3-c7ee-4901-a146-467fbe221862'),UUID_TO_BIN('4f2df859-f814-4b60-943d-f10dec8ee860'),'Zhurivka','Згурівка'), (UUID_TO_BIN('15994d57-4a99-4bdb-b9b6-0baedee01e5f'),UUID_TO_BIN('61966dad-e920-4cb7-923f-ac44e344e2d8'),'Novoaidar','Новоайдар'), (UUID_TO_BIN('aff556a5-7c99-47ef-b303-3c90223c9193'),UUID_TO_BIN('7a2f1b33-f1ce-4709-bb9f-2ba8743d0448'),'Solotvyn','Солотвин'), (UUID_TO_BIN('24b1562d-9017-4191-b350-5bd27f5042b8'),UUID_TO_BIN('98df98be-c289-49d3-a681-9dab7224f1ee'),'Chervonohrad','Червоноград'), (UUID_TO_BIN('3c64b694-0e77-4aa3-b1dd-8556ea09849e'),UUID_TO_BIN('3a9fed74-761d-4cea-b215-2c87e57f55b1'),'Khorol','Хорол'), (UUID_TO_BIN('305a5cf4-8945-4590-b9ff-759a902a8872'),UUID_TO_BIN('fb056b55-05c1-4b5d-b387-070b4a3c9c80'),'Pyriatyn','Пирятин'), (UUID_TO_BIN('b129513c-b8e8-4cdc-9bbe-d1d725ee4154'),UUID_TO_BIN('14a97a9a-7718-4405-b365-e2b726cabf9e'),'Bershad','Бершадь'), (UUID_TO_BIN('117009a4-2719-4018-8c67-ab1f3988dcfd'),UUID_TO_BIN('585ab5ab-7b25-4873-b9c8-d5825c7b32c0'),'Rozdilna','Роздільна'), (UUID_TO_BIN('b2307503-5e84-469c-ab23-6684767da14f'),UUID_TO_BIN('b6bb86f1-617b-4629-998c-397ef9d35a4d'),'Zarvantsi','Зарванці'), (UUID_TO_BIN('c1f49610-07d2-471e-9b26-b86b215f0490'),UUID_TO_BIN('9519040d-bda4-49d1-8026-a1785ccdc7d9'),'Kramatorsk','Краматорськ'), (UUID_TO_BIN('7c9c682e-407b-4c06-8417-00666c710039'),UUID_TO_BIN('c4808d08-2860-4fbd-8515-3128704b56b0'),'Zachepylivka','Зачепилівка'), (UUID_TO_BIN('4f87c5c2-81b3-410c-bf8f-3c494c616503'),UUID_TO_BIN('e92802c0-5427-411b-8736-09f3f9be29aa'),'Yuzhnoukrainsk','Южноукраїнськ'), (UUID_TO_BIN('2b8f40f9-c813-4f57-bc85-78627f7568fa'),UUID_TO_BIN('a1574d83-17dd-4c0f-98a3-96cc7296b992'),'Romaniv','Романів'), (UUID_TO_BIN('58289020-20bd-45df-8c04-0fcdf6f619bf'),UUID_TO_BIN('e44c177f-eefe-4157-88d1-e239aa3d9988'),'Liubeshiv','Любешів'), (UUID_TO_BIN('ae6e1f4b-f936-4a08-b22f-7c264dec7e02'),UUID_TO_BIN('7aada784-71e6-4f78-b4bc-61c2b42a497e'),'Enerhodar','Енергодар'), (UUID_TO_BIN('000d94c4-54c6-433f-a772-a0f81e15cf8b'),UUID_TO_BIN('af583fbc-afb2-4ce3-ba86-e2b74e147e85'),'Vilshanka','Вільшанка'), (UUID_TO_BIN('38530042-b0a2-4bb8-adab-e537fa902ff9'),UUID_TO_BIN('8937b734-efce-4139-b7f0-0ced3dec9e96'),'Hrytsiv','Гриців'), (UUID_TO_BIN('c8aa8c3d-3f6f-4503-bc96-4588d2125f76'),UUID_TO_BIN('e3686935-2df3-4733-a031-5bc7196a888a'),'Piadyky','П\'ядики'), (UUID_TO_BIN('b068289b-d425-4703-ad03-39720b05a170'),UUID_TO_BIN('0dc40b49-2e1f-4cda-baab-981c7e49cea1'),'Rovantsi','Рованці'), (UUID_TO_BIN('d6ec7e0d-83fd-42d4-a01f-64e2f5b7869c'),UUID_TO_BIN('ed86f1bc-bc61-493c-9e80-ab81046d719c'),'Horodkivka','Городківка'), (UUID_TO_BIN('cc288d36-ca01-4cd7-8c96-5e7560f092dd'),UUID_TO_BIN('30ffdb90-0349-4efc-98a7-8b0c5109118d'),'Velyka Dobron','Велика Добронь'), (UUID_TO_BIN('d4ffaa40-f6f8-4b47-b0a8-9a77db957069'),UUID_TO_BIN('250283ee-4a16-4f02-a806-fbc5f490f9b4'),'Domanivka','Доманівка'), (UUID_TO_BIN('e109f98f-2840-4f02-a90d-5507492f2dd1'),UUID_TO_BIN('206edac2-d011-4d38-8729-6f93142f8011'),'Manhush','Мангуш'), (UUID_TO_BIN('3b8dede7-0a05-4ef5-8274-c29858bbc72d'),UUID_TO_BIN('4210cb67-a85d-4c59-bdac-472760d5d082'),'Vylkove','Вилкове'), (UUID_TO_BIN('db3bbff4-9248-4134-9406-d2f17672989a'),UUID_TO_BIN('4333d79b-cfff-4f22-b2aa-582483433f2d'),'Hadiach','Гадяч'), (UUID_TO_BIN('613af56c-aa7a-437f-b4d0-a2681683dcb7'),UUID_TO_BIN('a1acd93e-9caf-4125-9cd3-02510fd59090'),'Lysychansk','Лисичанськ'), (UUID_TO_BIN('cc75e5ee-ead5-4f58-ba6e-e4dea4b46ce7'),UUID_TO_BIN('3937136f-a109-4cbc-b66c-6681a49114ab'),'Mostyska','Мостиська'), (UUID_TO_BIN('94566b6e-a1c2-4fb7-ad8b-764184bfa6b3'),UUID_TO_BIN('4da907aa-27d8-4a34-8fc8-5cd9db382741'),'Kreminna','Кремінна'), (UUID_TO_BIN('2f0cbdc2-7c96-401c-ada1-a91a9d85dd67'),UUID_TO_BIN('c4ae12b9-402f-4bfc-bd28-0de68b26688d'),'Chudniv','Чуднів'), (UUID_TO_BIN('749daf6c-c48e-4b15-bb25-f3405891fc7b'),UUID_TO_BIN('09e420dd-f384-43ca-a3ec-d7d0531ed1cc'),'Novoselytsia','Новоселиця'), (UUID_TO_BIN('1a73774f-92a8-4427-a0b4-c8d8ab2f29dc'),UUID_TO_BIN('992ac9e4-5501-4961-858b-cca91e0c2501'),'Novodnistrovsk','Новодністровськ'), (UUID_TO_BIN('fffa708f-4f4a-4724-8502-d5ec522915de'),UUID_TO_BIN('2a36c87f-4b30-4960-b63f-bce070f0f7fa'),'Bakhmach','Бахмач'), (UUID_TO_BIN('22224ce0-2b0c-42c6-9c7b-cd25c9b3d613'),UUID_TO_BIN('e3686935-2df3-4733-a031-5bc7196a888a'),'Nyzhnii Verbizh','Нижній Вербіж'), (UUID_TO_BIN('a991072e-ac62-4e7e-beb3-0f0d9a0455c0'),UUID_TO_BIN('66b6b06c-121c-43c4-bd7a-4b6e02c03a76'),'Cherkasy','Черкаси'), (UUID_TO_BIN('334a2c81-c8e4-42e1-8b9f-43d12755a146'),UUID_TO_BIN('29b1cb47-daaf-4369-b156-ce407cf845cd'),'Shumsk','Шумськ'), (UUID_TO_BIN('f770e001-826b-4984-9b6a-1b636f319d90'),UUID_TO_BIN('1a887297-e4d0-4f96-9b1b-130dba17e80c'),'Novi Bilokorovychi','Нові Білокоровичі'), (UUID_TO_BIN('dcf54fd0-d8a2-4b52-99d0-3306c5942c9d'),UUID_TO_BIN('171547f1-5c04-4a83-857a-2cbf3f84794e'),'Rozhyshche','Рожище'), (UUID_TO_BIN('452ee549-6670-4bbf-a3b3-1650ef0beefa'),UUID_TO_BIN('4210cb67-a85d-4c59-bdac-472760d5d082'),'Prymorske','Приморське'), (UUID_TO_BIN('08af9158-0d69-4bfd-afc5-0f520df5f408'),UUID_TO_BIN('854cf817-49ce-4a00-8265-761048927671'),'Korets','Корець'), (UUID_TO_BIN('f7033bff-4479-4d75-a9b1-3848b09d3f3a'),UUID_TO_BIN('3e461daf-6896-4058-9475-554223a3c19d'),'Zmiiv','Зміїв'), (UUID_TO_BIN('61006e7c-1bcb-4814-924a-4b66bbd3b118'),UUID_TO_BIN('e1b80cad-145e-4ea8-a46a-bca19072317a'),'Sartana','Сартана'), (UUID_TO_BIN('4ce2ec14-3a3a-40d8-8c3a-6df049323c6a'),UUID_TO_BIN('585ab5ab-7b25-4873-b9c8-d5825c7b32c0'),'Kuchurhan','Кучурган'), (UUID_TO_BIN('1e649948-b3d1-4361-be42-63e9f30d881f'),UUID_TO_BIN('206edac2-d011-4d38-8729-6f93142f8011'),'Urzuf','Урзуф'), (UUID_TO_BIN('15b4a09b-6788-4ab7-a9f7-5f5f5e78d63d'),UUID_TO_BIN('c0e8be25-4e99-4dbf-bd45-6dc84bed5de2'),'Vashkivtsi','Вашківці'), (UUID_TO_BIN('3e0fd693-a276-4787-ba19-14693c253893'),UUID_TO_BIN('aab00a9e-d225-40fa-b439-15259c3c320f'),'Tarashcha','Тараща'), (UUID_TO_BIN('0e9ad7e2-d480-40fc-a98c-8c598e815a44'),UUID_TO_BIN('c7cd2a7b-cffa-4957-b9ff-17a13a21b501'),'Novhorodka','Новгородка'), (UUID_TO_BIN('4d13c92c-612d-430d-a759-399fa55b4cf0'),UUID_TO_BIN('2e5f7003-e8dc-47fc-965a-8a770a35f50c'),'Volodymyr-Volynskyi','Володимир-Волинський'), (UUID_TO_BIN('863b9cbf-c088-4940-9fb1-d1d9f48dc1a5'),UUID_TO_BIN('23f6e52a-bccd-4ca5-8d1d-3fbf9973d215'),'Nikolske','Нікольське'), (UUID_TO_BIN('5bd08c84-0524-46ca-8d40-2e4f106a1381'),UUID_TO_BIN('f211326e-2f72-4355-aa99-19102e0076d9'),'Velyka Dymerka','Велика Димерка'), (UUID_TO_BIN('50cb9fe2-2b2c-428a-a5c3-6cabbe061470'),UUID_TO_BIN('567ca2cc-892d-4573-b9c8-9924326a585b'),'Podilsk','Подільськ'), (UUID_TO_BIN('06d72726-1874-4e6a-9525-5a2fd7ca5e2f'),UUID_TO_BIN('2ea7c3db-fbea-4836-bb2b-d53b6d4cb7fb'),'Chechelnyk','Чечельник'), (UUID_TO_BIN('5704d7b1-197a-428d-839b-4d002a8f05d9'),UUID_TO_BIN('6c391261-11d9-442f-9b30-ae22e3a35603'),'Novyi Kalyniv','Новий Калинів'), (UUID_TO_BIN('98cbdc7c-7613-4684-bf28-9e6afcee6fab'),UUID_TO_BIN('590fd731-4cff-4219-bba4-3a10daeea483'),'Ostroh','Острог'), (UUID_TO_BIN('5381ac9b-dc94-4533-9abb-f141874320c1'),UUID_TO_BIN('aa66524f-3012-4e12-94b1-5707ed7bbe74'),'Pryazovske','Приазовське'), (UUID_TO_BIN('e4c06024-0898-4c22-8068-1f60ed96a1dc'),UUID_TO_BIN('ad22fcc6-7d4b-4641-9675-ac9f132f03bb'),'Novyi Liubar','Новий Любар'), (UUID_TO_BIN('4c4201d5-d842-486a-a043-f5377059a825'),UUID_TO_BIN('0ba1b064-c63e-4a0d-b04e-e901d32deab6'),'Vilkhivtsi','Вільхівці'), (UUID_TO_BIN('b7dd2d4f-b9c2-4728-9545-dee620cf1511'),UUID_TO_BIN('be6e7460-2dcb-418f-a33b-25493f5e4e63'),'Izmail','Ізмаїл'), (UUID_TO_BIN('bb8412cb-7e27-4011-a018-84fe8bc7c24f'),UUID_TO_BIN('0015c9b2-b8af-4c43-83b9-0b4b57daebf4'),'Novi Sanzhary','Нові Санжари'), (UUID_TO_BIN('c7721b31-a784-484c-bf90-947058f01b61'),UUID_TO_BIN('7f7fb5b8-9d63-4bf9-8bc4-8014b70605d4'),'Kurisove','Курісове'), (UUID_TO_BIN('4e1485fc-b9f0-4c20-9c53-207e153536f9'),UUID_TO_BIN('afdc0373-2243-40ac-994f-f72885c59a0a'),'Tatarbunary','Татарбунари'), (UUID_TO_BIN('a929e51b-601b-4219-9009-d8a98f403566'),UUID_TO_BIN('b6bb86f1-617b-4629-998c-397ef9d35a4d'),'Stepanivka','Степанівка'), (UUID_TO_BIN('462c74b3-b61f-4fc3-971d-90e0923ca685'),UUID_TO_BIN('8937b734-efce-4139-b7f0-0ced3dec9e96'),'Shepetivka','Шепетівка'), (UUID_TO_BIN('be602c34-e72c-42a0-a87a-a9c73ddc9709'),UUID_TO_BIN('60ce1bc5-40d3-43cf-82f2-6172e81d4abb'),'Yelyzavetivka','Єлизаветівка'), (UUID_TO_BIN('dd5fe87f-0b8b-4606-ac9a-7018ab562511'),UUID_TO_BIN('9f141766-6509-4bbb-b931-4f4cf016a906'),'Hirske','Гірське'), (UUID_TO_BIN('df13b338-cfa7-48d7-a9e9-67483964a6ec'),UUID_TO_BIN('ca0cfa24-3d23-409a-a499-3a796aac4140'),'Pulini','Пулини'), (UUID_TO_BIN('e6d4ee67-745b-42b3-88fb-768ad3d13c10'),UUID_TO_BIN('ce6f306f-3517-44e8-a080-f1321aae7444'),'Chornobaivka','Чорнобаївка'), (UUID_TO_BIN('c98b27eb-0259-4c94-9341-af7dd1245e68'),UUID_TO_BIN('6674008a-8f51-4807-9d0e-8b4eec43dd99'),'Buchach','Бучач'), (UUID_TO_BIN('8db77b35-c5e0-49ab-a571-ba10373e19f5'),UUID_TO_BIN('72197e13-1026-400d-8a34-e0804da4d0c1'),'Sniatyn','Снятин'), (UUID_TO_BIN('3899515c-6dd2-455f-8e08-2910c315848f'),UUID_TO_BIN('8e599efa-685c-4e4c-b823-f6cf54f12654'),'Yasinia','Ясіня'), (UUID_TO_BIN('661b62d3-cf25-4619-a457-878f6fb155c4'),UUID_TO_BIN('caf8a44a-cf87-49e5-8f0a-b0fa920156d2'),'Pohrebyshche','Погребище'), (UUID_TO_BIN('a17c48b2-3e1a-4dea-89fa-350b28c3caca'),UUID_TO_BIN('01b487a9-3f20-490a-8a66-8bae3591607e'),'Kupiansk-Vuzlovyi','Куп\'янськ-Вузловий'), (UUID_TO_BIN('ba069c24-7dbb-4455-8d95-6618f5f433a0'),UUID_TO_BIN('54650099-30bc-4172-b665-493b44ce1829'),'Pereiaslav','Переяслав'), (UUID_TO_BIN('4e3767bf-4be7-4817-bb12-4062f4edf41b'),UUID_TO_BIN('65885f35-53d9-474c-a84d-4e108d23c90e'),'Haisyn','Гайсин'), (UUID_TO_BIN('ad3e491c-5999-401a-a207-b0cdab1b51a1'),UUID_TO_BIN('7881a768-6da6-48c3-af92-08aaf4f83f04'),'Putyvl','Путивль'), (UUID_TO_BIN('0aa9bf62-8e78-4164-afcf-6873d7bed84b'),UUID_TO_BIN('eb8f6f9f-3e10-4c04-b4b6-311825e6a19f'),'Zymna Voda','Зимна Вода'), (UUID_TO_BIN('1c47605b-3bd5-4819-8245-0307780ae60a'),UUID_TO_BIN('ec71827f-301d-49bb-b122-b8bc89657d94'),'Zolotonosha','Золотоноша'), (UUID_TO_BIN('465cfa20-3d3a-48d8-80e4-162573e05a2a'),UUID_TO_BIN('e3bafd1a-ec0d-4b7d-8ac0-3e2085eb9362'),'Zbarazh','Збараж'), (UUID_TO_BIN('3d36e1bd-7e0f-4fdf-9877-48678c079371'),UUID_TO_BIN('519f062e-5fd5-4830-9c37-7a284935570a'),'Lokachi','Локачі'), (UUID_TO_BIN('4ff39092-3d06-44ba-a8fc-7c4ebfc6e9ba'),UUID_TO_BIN('a839e4a3-a4a2-4fd4-85f0-d798f190ba88'),'Olyka','Олика'), (UUID_TO_BIN('e1356984-737c-4505-8686-fa2deefa3eea'),UUID_TO_BIN('e3686935-2df3-4733-a031-5bc7196a888a'),'Pechenizhyn','Печеніжин'), (UUID_TO_BIN('65dd0d46-c2f3-480a-86d5-87d10948e726'),UUID_TO_BIN('a5d6193e-0b0e-49ae-95e8-abbac95e43b0'),'Stavyshche','Ставище'), (UUID_TO_BIN('6407ddb6-0cd8-44b4-b381-e1199b18fa23'),UUID_TO_BIN('c439294d-5654-42d7-bf79-4756bd7865f0'),'Verkhnodniprovsk','Верхньодніпровськ'), (UUID_TO_BIN('62c1e236-4d43-4a84-a573-983d7222cbbf'),UUID_TO_BIN('0d69fcc9-a5d5-4b6d-8cb6-dd5fc15765e6'),'Melioratyvne','Меліоративне'), (UUID_TO_BIN('15806aba-dd5a-4f7a-b5ff-94b0e3618553'),UUID_TO_BIN('98cbb5a4-a928-4bda-a673-f8be963fe7e2'),'Rubanivka','Рубанівка'), (UUID_TO_BIN('1c1e1676-864b-4d1c-95c8-ecbce5899aab'),UUID_TO_BIN('70e0c3a6-98b6-4fd0-9c97-85089ce58557'),'Shyshaky','Шишаки'), (UUID_TO_BIN('fdb07ce1-d4a0-45db-96a2-26c79ace1ceb'),UUID_TO_BIN('8bf814d4-73a0-4fa1-a244-5511399433df'),'Varash','Вараш'), (UUID_TO_BIN('eeabc6b1-db44-401a-9452-53a63cfe0f48'),UUID_TO_BIN('76d94138-fb8e-456b-879f-160161e3f9a3'),'Yaremche','Яремче'), (UUID_TO_BIN('b8498971-5062-485b-b31e-f7d314e75aa5'),UUID_TO_BIN('e5af2b50-9e36-4495-866c-c3a2d5a63637'),'Radushne','Радушне'), (UUID_TO_BIN('001170c2-931b-4732-b674-fdc007635ba1'),UUID_TO_BIN('c29f1538-7a7a-4fd6-8bd0-39c6eedf99e4'),'Zoria','Зоря'), (UUID_TO_BIN('246066c6-a61d-4fc1-b679-f2e3534cd9f4'),UUID_TO_BIN('ae2a7505-6378-45bb-8ea8-c6f6ed0bef08'),'Reshetylivka','Решетилівка'), (UUID_TO_BIN('25d9e776-db33-402e-8d84-b1cc5cf7c1b2'),UUID_TO_BIN('a839e4a3-a4a2-4fd4-85f0-d798f190ba88'),'Hremiache','Грем\'яче'), (UUID_TO_BIN('2461086d-59e4-42fa-83df-a3c81e0506ed'),UUID_TO_BIN('4af25f0b-9779-4985-bb89-7ead90ca04e7'),'Zhydachiv','Жидачів'), (UUID_TO_BIN('2490d62a-72a1-49c3-9274-12ccc6291251'),UUID_TO_BIN('5f49229d-c618-4346-a9d2-668d90099fea'),'Mohyliv-Podilskyi','Могилів-Подільський'), (UUID_TO_BIN('a20526b3-2f69-47a3-a052-33d44ba8af24'),UUID_TO_BIN('9fd9dab8-9744-442d-8c8b-25266e55fb89'),'Volodymyrivka','Володимирівка'), (UUID_TO_BIN('e66159a4-08b9-4a8c-a3ca-9f05f61e6fcb'),UUID_TO_BIN('9519040d-bda4-49d1-8026-a1785ccdc7d9'),'Sloviansk','Слов\'янськ'), (UUID_TO_BIN('72025c53-9197-4094-8ae7-cfae7eac2425'),UUID_TO_BIN('ea93faaa-e5a1-49d1-9b6c-2ec5292d4a76'),'Luzhany','Лужани'), (UUID_TO_BIN('1e674d2a-d821-4351-bedc-179efaa5cb4a'),UUID_TO_BIN('0ba1b064-c63e-4a0d-b04e-e901d32deab6'),'Ternovo','Терново'), (UUID_TO_BIN('d4d316c9-7f28-4954-b89e-b87a188c7787'),UUID_TO_BIN('a1e5577a-4e63-4ac1-bd36-c8136365f839'),'Skhidnytsia','Східниця'), (UUID_TO_BIN('e6928a5f-cda2-46cf-99b9-158ea886e243'),UUID_TO_BIN('7c0ee21e-72fb-4655-a933-fee90b1eceac'),'Novhorodske','Новгородське'), (UUID_TO_BIN('fee5eab6-19d3-4644-bb1a-8c7f3a5538d0'),UUID_TO_BIN('44bb6802-53eb-4914-8cf9-3a72fcc6255b'),'Derhachi','Дергачі'), (UUID_TO_BIN('a75aeb75-b309-4565-9cfb-6d36290904f2'),UUID_TO_BIN('3de06eb3-3eb5-4a75-9d3b-5cb46e6381f6'),'Lukiv','Луків'), (UUID_TO_BIN('9a85d7aa-f599-4fc8-93bd-c7d535125385'),UUID_TO_BIN('c8ae19c1-b6c5-4fca-98d3-63b83b947693'),'Pokrovsk','Покровськ'), (UUID_TO_BIN('f4801fac-0268-41cf-a94e-04e6aa0f4127'),UUID_TO_BIN('2c564390-a2dd-4693-bdea-23abe52b9125'),'Lysianka','Лисянка'), (UUID_TO_BIN('12255f21-eb42-46dd-b972-b5a567e03cbe'),UUID_TO_BIN('e04cac8b-ba59-4e20-9afe-1a20f7e563b3'),'Liubotyn','Люботин'), (UUID_TO_BIN('6a5d8f4f-a769-4adf-bc2f-e93ee0f3528e'),UUID_TO_BIN('3a85b5fc-7f60-4f9e-a11d-e832f5c2be1f'),'Volovets','Воловець'), (UUID_TO_BIN('b47f3c62-26dd-4df9-81bc-b0dcdbc6e199'),UUID_TO_BIN('4b5beb7f-e704-4cdf-8965-9a99380d00ec'),'Ovruch','Овруч'), (UUID_TO_BIN('9863655c-09b5-41eb-9724-63f0e11449b5'),UUID_TO_BIN('0dc40b49-2e1f-4cda-baab-981c7e49cea1'),'Lutsk','Луцьк'), (UUID_TO_BIN('dd6b3220-4076-4ac2-9a19-f04404b3244e'),UUID_TO_BIN('d9601b99-faec-4e6e-bc9f-988450fa95f4'),'Viitivtsi','Війтівці'), (UUID_TO_BIN('2adda8df-bd4c-4676-a2f7-6d963957e00f'),UUID_TO_BIN('32ca7b63-f932-4a67-a979-00944d5ccc8b'),'Semenivka','Семенівка'), (UUID_TO_BIN('ac2f682e-66eb-4605-97a5-56ea5264dd43'),UUID_TO_BIN('b0b738b1-4a12-458c-aa85-7f96b9e8ef91'),'Borodianka','Бородянка'), (UUID_TO_BIN('150f39fe-edfa-4d88-9071-f13d670e24de'),UUID_TO_BIN('a1acd93e-9caf-4125-9cd3-02510fd59090'),'Rubizhne','Рубіжне'), (UUID_TO_BIN('b98ca0ba-9c56-4997-9a47-7f3f509b10bc'),UUID_TO_BIN('cdc45aa6-2dc7-4bdc-bf48-c76800fa22ce'),'Kropivnitskii','Кропивницький'), (UUID_TO_BIN('6e83f4ee-1e5d-4b91-8c15-d8c81c9d4024'),UUID_TO_BIN('c8ae19c1-b6c5-4fca-98d3-63b83b947693'),'Novohrodivka','Новогродівка'), (UUID_TO_BIN('5673c67b-8023-4b09-b87e-1ce7bc377a64'),UUID_TO_BIN('7727650a-23ca-4802-b162-1ac0f562fe47'),'Chaiky','Чайки'), (UUID_TO_BIN('54dc3fb5-421e-4995-a608-b3e83798011a'),UUID_TO_BIN('0ae48d0e-dfee-4d41-a0b4-6a611e58115a'),'Rivnopillia','Рівнопілля'), (UUID_TO_BIN('bb412fce-4b6e-45e4-8e89-9df920ba1f9a'),UUID_TO_BIN('1d406b64-085c-4c68-9325-f0fd5142bf93'),'Kolky','Колки'), (UUID_TO_BIN('1654b464-8655-4722-af9b-e1b700e201a6'),UUID_TO_BIN('89fd32f3-fcd8-4231-9452-ee1054e8f9ea'),'Radomyshl','Радомишль'), (UUID_TO_BIN('7e17e5b6-0a40-4d15-965b-1ae0dab9c24c'),UUID_TO_BIN('76623a2d-25ee-4ed0-8dec-6d262543d7a1'),'Plysky','Плиски'), (UUID_TO_BIN('2953ed9b-1258-4628-84f2-761544cb5b0a'),UUID_TO_BIN('d8b74c0b-7087-422f-96d3-6f82a05797f4'),'Bolhrad','Болград'), (UUID_TO_BIN('43aba30c-aa5b-4169-b7b3-ae1b03ec24de'),UUID_TO_BIN('b6332b93-5085-47f5-afbc-2a0638703008'),'Kalush','Калуш'), (UUID_TO_BIN('3a34f179-64bc-4ec7-b20b-b3f0fd287205'),UUID_TO_BIN('f8432a1d-b543-486e-bc91-790e5a7bba3a'),'Pishchanka','Піщанка'), (UUID_TO_BIN('9bb02271-6168-4171-bcc7-2c78136e7442'),UUID_TO_BIN('cb3137dd-20cb-437a-8e0b-d13bdb670b19'),'Druzhba','Дружба'), (UUID_TO_BIN('f53410a5-1f7b-425e-aa79-c8e75df8b5a4'),UUID_TO_BIN('8937b734-efce-4139-b7f0-0ced3dec9e96'),'Netishyn','Нетішин'), (UUID_TO_BIN('8fc18e65-85d9-4d44-b9b9-ddd01207790c'),UUID_TO_BIN('d1db02e8-09be-4f06-9e1c-8fb1fe7eaca1'),'Horokhiv','Горохів'), (UUID_TO_BIN('73b42800-0c1e-48c9-a4ec-d89415e2bc01'),UUID_TO_BIN('6fb931df-cace-4705-b63a-9bc281f47504'),'Zboriv','Зборів'), (UUID_TO_BIN('eeb76aac-30d6-4433-a662-901774b6f0de'),UUID_TO_BIN('25c4c561-1789-42ce-8808-f4034192264b'),'Zaliznyi Port','Залізний Порт'), (UUID_TO_BIN('adff2dcb-ab6c-42bb-a31e-b72487004ba1'),UUID_TO_BIN('0ffa2e84-747a-45ed-bb7e-b3b7ef2bd84c'),'Novohrad-Volynskyi','Новоград-Волинський'), (UUID_TO_BIN('cd0af4cc-546d-4b9f-87bb-7da3960b0df0'),UUID_TO_BIN('7f585f6c-78dc-4b78-a45a-c7d78d9b888a'),'Novoarkhanhelsk','Новоархангельськ'), (UUID_TO_BIN('30231c49-e4ba-4883-959e-78f8c7ee9ff5'),UUID_TO_BIN('e04cac8b-ba59-4e20-9afe-1a20f7e563b3'),'Pokotylivka','Покотилівка'), (UUID_TO_BIN('042e57bb-2d12-4a6c-9e1e-b2c69a7d56d7'),UUID_TO_BIN('c45c6f6e-901d-4c85-8f5e-1c753f8209aa'),'Auly','Аули'), (UUID_TO_BIN('72e0429f-4a79-454b-9b4f-8942d8f3b981'),UUID_TO_BIN('f9712a1d-aec7-4f28-8fb0-f41696c0a654'),'Irpin','Ірпінь'), (UUID_TO_BIN('5982f898-897a-41c8-ae00-bb3ea66fe27e'),UUID_TO_BIN('8f80827e-5f57-48f3-9ac5-83d240cbda52'),'Dykanka','Диканька'), (UUID_TO_BIN('774e16c5-568b-46a9-9d14-4df8be9311d5'),UUID_TO_BIN('71bbefc2-26ac-4726-90db-6887c7608032'),'Dvorichna','Дворічна'), (UUID_TO_BIN('058622c1-9d34-4b78-8653-4398342ccaed'),UUID_TO_BIN('e8ea2031-1952-43f0-84cc-fa8a3502cba6'),'Vatutine','Ватутіне'), (UUID_TO_BIN('a5357d38-5f1b-4d85-877a-97a1c30b21ae'),UUID_TO_BIN('76d94138-fb8e-456b-879f-160161e3f9a3'),'Deliatyn','Делятин'), (UUID_TO_BIN('be05821f-020c-4e38-ac70-8cc5dc44ccba'),UUID_TO_BIN('da34f062-ad9e-417a-80cb-c1e9e1887171'),'Horodok','Городок'), (UUID_TO_BIN('58a50b5e-4a48-4ccc-a62c-1dbf023f4761'),UUID_TO_BIN('4b8c22d8-c200-4711-bbb7-441de4fd6dd6'),'Balakliia','Балаклія'), (UUID_TO_BIN('a6d63d51-26fa-4402-b1ae-28cbcd2198af'),UUID_TO_BIN('66b6b06c-121c-43c4-bd7a-4b6e02c03a76'),'Smila','Сміла'), (UUID_TO_BIN('c9a6a0f2-f437-4bf0-8ff0-2677d9a619a9'),UUID_TO_BIN('d23ef549-7853-451a-ae04-1b7580d125cd'),'Broshniv','Брошнів'), (UUID_TO_BIN('32899b12-f48d-4158-b9a2-1c09f3bd0c32'),UUID_TO_BIN('eee1f68f-09dd-4fd9-a2ab-c21f2b37a760'),'Pervomaiske','Первомайське'), (UUID_TO_BIN('12d62c04-f657-472f-adf2-d69fc60c9cc9'),UUID_TO_BIN('f3f31978-7adf-4890-a0bc-ddf299362dc0'),'Nova Praha','Нова Прага'), (UUID_TO_BIN('9ddafb74-e298-47ad-9ebb-d92dc5317e72'),UUID_TO_BIN('fdfd48a1-9c70-4b63-a910-be1fe5299a68'),'Kozelets','Козелець'), (UUID_TO_BIN('191eee04-caec-4107-b7f7-efd387e91214'),UUID_TO_BIN('0ae48d0e-dfee-4d41-a0b4-6a611e58115a'),'Chernihiv','Чернігів'), (UUID_TO_BIN('b07af992-8c6e-40b6-98f8-b44ffd28183d'),UUID_TO_BIN('66ef0840-5d5f-428a-a8cc-fc62780a6eab'),'Kalynivka','Калинівка'), (UUID_TO_BIN('ae55551b-c7c6-45f0-b310-91d636ea9ba0'),UUID_TO_BIN('d3097e38-6d20-4e97-8c88-42aa7ec1548e'),'Velyka Pysarivka','Велика Писарівка'), (UUID_TO_BIN('da25d99c-0c00-4699-909f-82e479513779'),UUID_TO_BIN('1fa414d6-d18c-4cd1-abb6-697d85af032c'),'Hola Prystan','Гола Пристань'), (UUID_TO_BIN('9bd7349b-c253-4e1f-bb2f-d3b8cabca32e'),UUID_TO_BIN('c3a80f39-192c-4100-8acd-cca7f60f79d9'),'Shabo','Шабо'), (UUID_TO_BIN('a390cda1-5869-4cd9-8117-ba56e61ac91f'),UUID_TO_BIN('8172d8c7-1f08-4057-bd31-080c3ec6761d'),'Chernivtsi','Чернівці'), (UUID_TO_BIN('e3f438ee-c97b-429a-9147-280a57d97da5'),UUID_TO_BIN('673bad1a-f7b0-422d-9a37-a6111a30bfd4'),'Lviv','Львів'), (UUID_TO_BIN('f0fe7557-910f-4a3c-b15d-d8d1c2576624'),UUID_TO_BIN('f9712a1d-aec7-4f28-8fb0-f41696c0a654'),'Vorzel','Ворзель'), (UUID_TO_BIN('5728b95a-77fa-4b21-a00f-657a5e160bba'),UUID_TO_BIN('0d61d2d3-e937-4a5c-95e8-55d8756ee601'),'Chumaky','Чумаки'), (UUID_TO_BIN('95c81935-bf18-42d8-b3ed-1fb6e59b962e'),UUID_TO_BIN('bd2e6ce6-20c2-49ec-82a2-147988e73974'),'Krasnopillia','Краснопілля'), (UUID_TO_BIN('14db1452-4f5f-4d27-ad1d-a62b22cb0cdc'),UUID_TO_BIN('30ffdb90-0349-4efc-98a7-8b0c5109118d'),'Uzhhorod','Ужгород'), (UUID_TO_BIN('89e97b33-7f33-4403-98ae-6b7f25c27089'),UUID_TO_BIN('30ffdb90-0349-4efc-98a7-8b0c5109118d'),'Serednie','Середнє'), (UUID_TO_BIN('601276a7-7438-47aa-9006-18f853e3aecf'),UUID_TO_BIN('9208185b-22a1-487c-a38f-617d65808691'),'Velyka Berezovytsia','Велика Березовиця'), (UUID_TO_BIN('27b2ce4a-fc0c-4a4c-a197-bf279d23cee0'),UUID_TO_BIN('968c2a2f-6b7b-4c3f-ad7b-899d41f4180e'),'Krasyliv','Красилів'), (UUID_TO_BIN('7be1e5d7-ccfb-4cb6-a88d-84cae5061f02'),UUID_TO_BIN('56c24d5d-7c93-46d1-aa8b-d82f0c047801'),'Velykyi Dalnyk','Великий Дальник'), (UUID_TO_BIN('fcb7807c-e6b9-468a-9aff-f98a89c4d401'),UUID_TO_BIN('01b487a9-3f20-490a-8a66-8bae3591607e'),'Kivsharivka','Ківшарівка'), (UUID_TO_BIN('a8be0327-1cc1-435f-9335-f4384f1b9485'),UUID_TO_BIN('3937136f-a109-4cbc-b66c-6681a49114ab'),'Sudova Vyshnia','Судова Вишня'), (UUID_TO_BIN('87db0bb4-775e-4328-9d74-3f9f59a1600b'),UUID_TO_BIN('6e8b1096-1dd5-4e6e-a5d9-2c9d2335bafa'),'Horodyshche','Городище'), (UUID_TO_BIN('3bffffbe-29c7-41bd-9b21-a7624b3b2c74'),UUID_TO_BIN('7cb08b47-9ba4-40ab-a1b8-645970ae62bc'),'Yavoriv','Яворів'), (UUID_TO_BIN('16ad8ec7-a6f0-45a0-832b-047f43d49d09'),UUID_TO_BIN('35f1a808-fc51-43ed-b90c-9aea177d67df'),'Dobrovelychkivka','Добровеличківка'), (UUID_TO_BIN('f6e93d28-60b6-4ea0-84b8-7caff2157b0a'),UUID_TO_BIN('e968695f-3b6f-4992-8353-8180f66b249e'),'Mlyniv','Млинів'), (UUID_TO_BIN('eecb956a-bc9d-4891-ac21-bcfb2cf47b1e'),UUID_TO_BIN('9c3f4288-2aaf-40bd-b4cd-05f641528698'),'Dunaivtsi','Дунаївці'), (UUID_TO_BIN('e6e2a99f-2765-458f-bb4e-5a2c23363e4d'),UUID_TO_BIN('28432a0e-dc14-403c-a81f-b5beecf7414b'),'Rohatyn','Рогатин'), (UUID_TO_BIN('61618ebe-18b8-4252-86e8-c59ffbec1823'),UUID_TO_BIN('521c721d-3dda-4033-b68c-e98c81db7b0d'),'Nyzhni Sirohozy','Нижні Сірогози'), (UUID_TO_BIN('f5cbb70b-74ab-4684-ae6d-6c0ef8dc363d'),UUID_TO_BIN('1ab66508-7189-40a5-b39e-33b78ed1b566'),'Korostyshiv','Коростишів'), (UUID_TO_BIN('91818c47-0aa7-4db5-9655-dc47acf8e348'),UUID_TO_BIN('af34beed-0b26-426a-877a-36ad4e37f756'),'Tokmak','Токмак'), (UUID_TO_BIN('5b6d5317-cdf7-4fbc-89cb-4875b419bce3'),UUID_TO_BIN('f3f31978-7adf-4890-a0bc-ddf299362dc0'),'Pryiutivka','Приютівка'), (UUID_TO_BIN('33b007e5-bb05-49aa-81df-73c9bf0cda94'),UUID_TO_BIN('fc858bd6-c067-449c-962f-2996634b71aa'),'Svitlovodsk','Світловодськ'), (UUID_TO_BIN('85c516b3-0478-4962-949e-ad53fe087778'),UUID_TO_BIN('ecae8484-409e-4fd0-8af6-01feca6b1da7'),'Polohy','Пологи'), (UUID_TO_BIN('3a0d0e7e-09cb-45b4-a36e-17db7e33818a'),UUID_TO_BIN('e4c8c79b-7c03-4508-99f7-97dadb5379a6'),'Poninka','Понінка'), (UUID_TO_BIN('805e7367-704a-4a7e-b984-984a7f7a8a25'),UUID_TO_BIN('e51843f2-b325-409b-965c-19c129c81aaf'),'Berezanka','Березанка'), (UUID_TO_BIN('5f3a0bbf-d7dd-4f3b-bdda-c4fa683f5c12'),UUID_TO_BIN('ea93faaa-e5a1-49d1-9b6c-2ec5292d4a76'),'Mamaivtsi','Мамаївці'), (UUID_TO_BIN('ca32cdd0-9c53-45bf-af26-bcf31ad034a9'),UUID_TO_BIN('0ba1b064-c63e-4a0d-b04e-e901d32deab6'),'Bedevlia','Бедевля'), (UUID_TO_BIN('c0a34b5e-3545-43fa-a7a4-b202fb5eaa11'),UUID_TO_BIN('758f9c74-41be-4a25-9e28-203f16097210'),'Zaporizhzhia','Запоріжжя'), (UUID_TO_BIN('c9899dce-ad0a-4cdb-9113-991449fa35af'),UUID_TO_BIN('8a641fdf-f6cf-4a73-bf92-968761cff099'),'Kalanchak','Каланчак'), (UUID_TO_BIN('95ad56a7-531a-48a0-bade-d22919bfb188'),UUID_TO_BIN('8878e842-a1aa-4ce7-b727-f931b49a111f'),'Makariv','Макарів'), (UUID_TO_BIN('4e19bcce-fcdb-4607-8f69-3a5c712315aa'),UUID_TO_BIN('26846418-1628-4ca9-a79b-2d1e7f4370f2'),'Zavodske','Заводське'), (UUID_TO_BIN('7f9d0577-0f14-4e4d-ba7a-7891266fff89'),UUID_TO_BIN('0ae48d0e-dfee-4d41-a0b4-6a611e58115a'),'Chernihivka','Чернігівка'), (UUID_TO_BIN('7455779c-0d39-4882-8d76-ea02cdb79fb9'),UUID_TO_BIN('1f13ad96-70d9-48a4-b616-7e8c3a7161c7'),'Kryve Ozero','Криве Озеро'), (UUID_TO_BIN('a822f436-e072-4673-b765-56904e676382'),UUID_TO_BIN('0ffa2e84-747a-45ed-bb7e-b3b7ef2bd84c'),'Horodnytsia','Городниця'), (UUID_TO_BIN('5459ff2e-ecba-4914-a12a-585395847dc2'),UUID_TO_BIN('a2968dab-579c-43db-9942-3b9432713387'),'Murovani Kurylivtsi','Муровані Курилівці'), (UUID_TO_BIN('76dd7f1b-33c3-4643-9561-4fab5225d852'),UUID_TO_BIN('c7fb67d1-33f2-41de-be4e-2dcd7282b195'),'Prolisky','Проліски'), (UUID_TO_BIN('3088ab76-b037-47c0-83c6-359778822b84'),UUID_TO_BIN('f2f6358c-bb3b-431f-bf90-4f70c6aa5030'),'Tyvriv','Тиврів'), (UUID_TO_BIN('0b8ce936-733d-4295-85fd-ffd7a6e00dc9'),UUID_TO_BIN('87c418c4-8f4c-450c-80b9-662d1d340d11'),'Sharhorod','Шаргород'), (UUID_TO_BIN('8be67a9f-614b-47cb-92d3-302f2af43e91'),UUID_TO_BIN('57ae1433-c7a6-49a1-867e-f97ea79b309e'),'Radekhiv','Радехів'), (UUID_TO_BIN('99e962ce-c7ce-4d57-bf15-04517dfc4ff3'),UUID_TO_BIN('7727650a-23ca-4802-b162-1ac0f562fe47'),'Sviatopetrivske','Святопетрівське'), (UUID_TO_BIN('30db4b96-8d07-4461-b0a9-23d3cd98c5be'),UUID_TO_BIN('b09b7cb8-f674-4aff-985b-55d97d71c0fa'),'Zhashkiv','Жашків'), (UUID_TO_BIN('418869c9-48d6-4ba6-8dd7-a05a6266931c'),UUID_TO_BIN('b613c776-e11c-4c7a-8fb4-2a33ceaa494b'),'Khorostkiv','Хоростків'), (UUID_TO_BIN('fe883ab7-2346-4292-97ef-95ab44c59fb5'),UUID_TO_BIN('97d27ebe-9b28-4446-b6f2-fdf7c9ccfd8b'),'Kyiv','Київ'), (UUID_TO_BIN('69981ae6-988e-408f-bf37-0cfe8a2d72c7'),UUID_TO_BIN('7c0ee21e-72fb-4655-a933-fee90b1eceac'),'Chasiv Yar','Часів Яр'), (UUID_TO_BIN('58b2cf12-b28a-431c-b096-21d1e0c86841'),UUID_TO_BIN('2ceeb4de-f15e-4036-9118-20f15406fe92'),'Peremyshliany','Перемишляни'), (UUID_TO_BIN('bd091ffd-db19-48db-80a3-83cd5fb68588'),UUID_TO_BIN('1a887297-e4d0-4f96-9b1b-130dba17e80c'),'Olevsk','Олевськ'), (UUID_TO_BIN('76db0827-ad4c-4fae-999e-395e7eb3b42c'),UUID_TO_BIN('66b6b06c-121c-43c4-bd7a-4b6e02c03a76'),'Orshanets','Оршанець'), (UUID_TO_BIN('d4045cd4-f73f-4f38-a492-30fc4f1c6085'),UUID_TO_BIN('e04cac8b-ba59-4e20-9afe-1a20f7e563b3'),'Pisochyn','Пісочин'), (UUID_TO_BIN('3595d9af-91e4-4809-8443-32703131941b'),UUID_TO_BIN('58abc8a5-55d7-4506-895f-38288ea41978'),'Liuboml','Любомль'), (UUID_TO_BIN('d74a17f4-beb9-45ae-b92b-ad392c08576a'),UUID_TO_BIN('23caba27-68c1-4179-813a-17aee609f87b'),'Halych','Галич'), (UUID_TO_BIN('ac425e45-dd3e-4209-a717-71e437de37c0'),UUID_TO_BIN('0e0879be-01f2-4df0-a234-013caa2e37ae'),'Novyi Buh','Новий Буг'), (UUID_TO_BIN('f13876e4-d847-4b94-9726-661fb34c4d45'),UUID_TO_BIN('c439294d-5654-42d7-bf79-4756bd7865f0'),'Novomykolaivka','Новомиколаївка'), (UUID_TO_BIN('34e5829c-5143-4130-8a05-fde3ae980e9e'),UUID_TO_BIN('e51843f2-b325-409b-965c-19c129c81aaf'),'Kobleve','Коблеве'), (UUID_TO_BIN('4ad97dba-513a-4f52-b85e-276038f37069'),UUID_TO_BIN('a72ccef1-3c8b-4cb6-b53c-b7c6538fc51a'),'Stara Syniava','Стара Синява'), (UUID_TO_BIN('a222f56e-2bd6-4b88-9d6b-bb42e3c8121d'),UUID_TO_BIN('1a0c5009-819c-4640-920d-d632a5ebfd23'),'Yabluniv','Яблунів'), (UUID_TO_BIN('9f6684e4-122f-44c1-aa03-e14de72ad8b4'),UUID_TO_BIN('32d41bdd-cb02-4b19-a159-5c9b71e41d92'),'Vasylkiv','Васильків'), (UUID_TO_BIN('c7e9b717-fad5-4512-a845-c58e3b0ab017'),UUID_TO_BIN('e3686935-2df3-4733-a031-5bc7196a888a'),'Otyniia','Отинія'), (UUID_TO_BIN('2a77a4c6-6d8d-4d8f-b0ce-4e133f85c884'),UUID_TO_BIN('c336734c-c766-415f-83c3-30b65ad7fc33'),'Chervonoznamianka','Червонознам\'янка'), (UUID_TO_BIN('6a3536f2-3d07-45c4-9bf1-b2641a698f76'),UUID_TO_BIN('d23ef549-7853-451a-ae04-1b7580d125cd'),'Rozhniativ','Рожнятів'), (UUID_TO_BIN('a16c8d2f-9e1a-426d-a656-9b76a5d34b52'),UUID_TO_BIN('56c24d5d-7c93-46d1-aa8b-d82f0c047801'),'Nerubaiske','Нерубайське'), (UUID_TO_BIN('65a19b94-081d-4fba-92c2-1273fbaf9029'),UUID_TO_BIN('25c4c561-1789-42ce-8808-f4034192264b'),'Nova Zburivka','Нова Збур\'ївка'), (UUID_TO_BIN('136ce0a7-bae3-4d0d-a0c3-25c006180a9d'),UUID_TO_BIN('855d7087-b882-45fd-8204-08c438e1a3d0'),'Tavriisk','Таврійськ'), (UUID_TO_BIN('87a36908-c6ae-4e3f-a92c-7b2aec2d7576'),UUID_TO_BIN('50c88b91-2e8c-4fed-a1a5-6b013b76d987'),'Chornomorsk','Чорноморськ'), (UUID_TO_BIN('9fb53f5e-1bb6-446f-83a3-6615f6ff3168'),UUID_TO_BIN('c242db07-67dc-4b6d-ad3f-d237d82780cd'),'Velyka Bahachka','Велика Багачка'), (UUID_TO_BIN('db0eda26-e042-4761-bc7f-f024b0ef423c'),UUID_TO_BIN('f70bc8d3-cbac-485f-8187-d4bec1cf3783'),'Izium','Ізюм'), (UUID_TO_BIN('f4e43488-5f43-4a82-a48c-9798a58d9f34'),UUID_TO_BIN('e9d13f8e-e4d5-4da7-ad09-58ce6e605289'),'Chuhuiv','Чугуїв'), (UUID_TO_BIN('1a0915f5-5d64-4f0a-8aa3-31adefcbe412'),UUID_TO_BIN('7727650a-23ca-4802-b162-1ac0f562fe47'),'Petropavlivska Borshchahivka','Петропавлівська Борщагівка'), (UUID_TO_BIN('8b00315f-6816-4f75-8b95-cb30681c3448'),UUID_TO_BIN('23764faa-1429-472a-8bcf-a7c2b825e3f5'),'Novooleksiivka','Новоолексіївка'), (UUID_TO_BIN('e56ca437-f8b5-4743-b605-ad12cfe29250'),UUID_TO_BIN('f2ba5d6f-68bc-4afb-a330-5f33d646a9e8'),'Karolino-Buhaz','Кароліно-Бугаз'), (UUID_TO_BIN('0518c291-7efc-40a0-b233-909fdc0f8ee8'),UUID_TO_BIN('30ffdb90-0349-4efc-98a7-8b0c5109118d'),'Baranyntsi','Баранинці'), (UUID_TO_BIN('c17f2bfc-259a-4ac4-983e-5ed41602d913'),UUID_TO_BIN('6b902fd8-fb5a-4c2f-a5d5-1f92b403c48f'),'Mizhhiria','Міжгір\'я'), (UUID_TO_BIN('709520b5-55ec-48ac-8197-b97f6b7c0ff5'),UUID_TO_BIN('7217832e-0a8f-4d05-aabf-3517c50971c7'),'Markivka','Марківка'), (UUID_TO_BIN('44d82061-f844-4806-a851-b31e5c08333b'),UUID_TO_BIN('276dffc4-019b-4edb-abea-14abb0bbcd93'),'Vyshhorod','Вишгород'), (UUID_TO_BIN('0d0a0a83-c928-417e-9007-4837e285268b'),UUID_TO_BIN('e1b80cad-145e-4ea8-a46a-bca19072317a'),'Mariupol','Маріуполь'), (UUID_TO_BIN('834be004-22a5-46b5-a032-f2337eda5192'),UUID_TO_BIN('b0ed7eff-c299-4c18-b90a-fc9118d17d2f'),'Korsun-Shevchenkivskyi','Корсунь-Шевченківський'), (UUID_TO_BIN('d42a8aa5-cb50-4668-b641-c33aefd6e3e1'),UUID_TO_BIN('e6a7cef3-8a41-47d4-a3de-2710dd072b7d'),'Novovorontsovka','Нововоронцовка'), (UUID_TO_BIN('bc4613d3-b6e9-43d5-9124-7d715da0410f'),UUID_TO_BIN('60ce1bc5-40d3-43cf-82f2-6172e81d4abb'),'Petrykivka','Петриківка'), (UUID_TO_BIN('f5137374-f3e8-46d8-bfa0-fe72072e0753'),UUID_TO_BIN('7c0ee21e-72fb-4655-a933-fee90b1eceac'),'Bakhmut','Бахмут'), (UUID_TO_BIN('de506a37-7a9f-4d57-b5d3-38ed62afdef3'),UUID_TO_BIN('a7a52e16-a8f0-480f-93f7-da7d317d36bb'),'Zdolbuniv','Здолбунів'), (UUID_TO_BIN('8426d663-5cb9-44b0-bb6b-472036f367bc'),UUID_TO_BIN('4b5beb7f-e704-4cdf-8965-9a99380d00ec'),'Pershotravneve','Першотравневе'), (UUID_TO_BIN('9ffa93e8-bcea-4fea-b21b-3aa912ddac18'),UUID_TO_BIN('0d61d2d3-e937-4a5c-95e8-55d8756ee601'),'Kryvyi Rih','Кривий Ріг'), (UUID_TO_BIN('b2fbc760-dd06-4bfd-afeb-1d2b14268677'),UUID_TO_BIN('141ce97f-cd47-49da-b8c7-f390841caa86'),'Uzyn','Узин'), (UUID_TO_BIN('1526ca26-b78a-4950-9428-f1c2d1504b87'),UUID_TO_BIN('98df98be-c289-49d3-a681-9dab7224f1ee'),'Sosnivka','Соснівка'), (UUID_TO_BIN('dc1ef74a-80a7-4e7e-9397-ec7e82fe1a53'),UUID_TO_BIN('1e8cfb77-3c1e-4ff3-8402-f484a3c43a55'),'Novomyrhorod','Новомиргород'), (UUID_TO_BIN('61a6088c-9c60-45b5-9de4-4cf4b1514e0b'),UUID_TO_BIN('47fb2b87-8d7f-4c50-a4eb-e389d79ff0da'),'Bobrynets','Бобринець'), (UUID_TO_BIN('2b369e13-9416-4e0a-b48d-34d3a56d36ec'),UUID_TO_BIN('23caba27-68c1-4179-813a-17aee609f87b'),'Burshtyn','Бурштин'), (UUID_TO_BIN('6c986bb9-82b9-4042-8e68-149c606ea36b'),UUID_TO_BIN('a1e5577a-4e63-4ac1-bd36-c8136365f839'),'Boryslav','Борислав'), (UUID_TO_BIN('c201d094-b314-4b19-92dd-0e4c3233e4c9'),UUID_TO_BIN('5cef0d1d-cf5b-4839-a6d5-8d571e17b407'),'Poliana','Поляна'), (UUID_TO_BIN('ee32cfb9-3ce2-476f-8910-015c8fa3d960'),UUID_TO_BIN('f9712a1d-aec7-4f28-8fb0-f41696c0a654'),'Kotsiubynske','Коцюбинське'), (UUID_TO_BIN('7884e2b2-30ff-4f4a-b547-45a3904d8ba7'),UUID_TO_BIN('1a0c5009-819c-4640-920d-d632a5ebfd23'),'Kosiv','Косів'), (UUID_TO_BIN('e932b637-9fd0-4a69-916a-7d5d7bc78b41'),UUID_TO_BIN('cdc45aa6-2dc7-4bdc-bf48-c76800fa22ce'),'Velyka Severynka','Велика Северинка'), (UUID_TO_BIN('c9401ecc-dbed-4633-b72d-b11c705b94f9'),UUID_TO_BIN('f2cf3598-083a-412f-8462-f00b3715788e'),'Volodymyrets','Володимирець'), (UUID_TO_BIN('188a425b-3a1f-4a7f-a711-6a1284e53b92'),UUID_TO_BIN('97d27ebe-9b28-4446-b6f2-fdf7c9ccfd8b'),'Boryspil','Бориспіль'), (UUID_TO_BIN('c399089d-f556-459c-a8a1-6d1859ff94e8'),UUID_TO_BIN('c759349b-d703-494e-a965-ee9d4bd96e1e'),'Zvenyhorodka','Звенигородка'), (UUID_TO_BIN('04e8d43f-afd2-47be-b82f-4df156bc5a6e'),UUID_TO_BIN('ce5932d0-cad2-4747-a438-fae456d2d940'),'Velykyi Bereznyi','Великий Березний'), (UUID_TO_BIN('ba9f3a32-861e-422e-8641-83106e830230'),UUID_TO_BIN('16fb46f1-2401-4d9d-bf1e-5408a475f2e5'),'Makarove','Макарове'), (UUID_TO_BIN('655fabf6-2d71-484e-82c2-feb2de3d6768'),UUID_TO_BIN('6c391261-11d9-442f-9b30-ae22e3a35603'),'Rudky','Рудки'), (UUID_TO_BIN('9b0db623-0426-42e0-b6e4-c7522ddd90c4'),UUID_TO_BIN('07f82ca7-20cf-4718-a014-4d36409e8d08'),'Pishchane','Піщане'), (UUID_TO_BIN('60b299b7-3c90-4ef2-a1d4-911cf73619aa'),UUID_TO_BIN('b4f6d039-39c0-4974-9a4c-d401381e75c2'),'Ratne','Ратне'), (UUID_TO_BIN('1a88185d-9a55-45f2-ac60-f3472522ff10'),UUID_TO_BIN('7727650a-23ca-4802-b162-1ac0f562fe47'),'Chabany','Чабани'), (UUID_TO_BIN('8614b96a-9129-4530-8e17-3476d270e1d8'),UUID_TO_BIN('f2f6358c-bb3b-431f-bf90-4f70c6aa5030'),'Sutysky','Сутиски'), (UUID_TO_BIN('acd90023-1c1d-4a09-a96d-a049737fbc52'),UUID_TO_BIN('8e84eb15-2a91-4113-a52f-46115dc34c52'),'Pidvolochysk','Підволочиськ'), (UUID_TO_BIN('fe2b0b88-89cb-4025-bb5f-d2b3f2cdd4c6'),UUID_TO_BIN('a06aea09-aaf3-4e5e-b8e0-cf98c1708b37'),'Khmelnytskyi','Хмельницький'), (UUID_TO_BIN('ec208f27-d748-4707-951c-931083e5bbc0'),UUID_TO_BIN('76d94138-fb8e-456b-879f-160161e3f9a3'),'Vorokhta','Ворохта'), (UUID_TO_BIN('1f2fe352-1a4c-4358-a2f1-741999231f42'),UUID_TO_BIN('3871eccb-a080-4ac3-bf2f-27359d48ae1b'),'Vyshkovo','Вишково'), (UUID_TO_BIN('a975c962-3e85-4962-8b0e-454ffccabea9'),UUID_TO_BIN('0d69fcc9-a5d5-4b6d-8cb6-dd5fc15765e6'),'Znamenivka','Знаменівка'), (UUID_TO_BIN('24f8f423-0912-47a2-93b5-bd56ab623f7e'),UUID_TO_BIN('2ea7c3db-fbea-4836-bb2b-d53b6d4cb7fb'),'Olhopil','Ольгопіль'), (UUID_TO_BIN('53b1f167-7404-45b9-91be-1fc9449bdf26'),UUID_TO_BIN('9f5f7c77-bf3b-4b6f-ad22-2a954a28c623'),'Borova','Борова'), (UUID_TO_BIN('9d791ec5-5deb-46f9-a526-5511b22e4944'),UUID_TO_BIN('1a887297-e4d0-4f96-9b1b-130dba17e80c'),'Bilokorovychi','Білокоровичі'), (UUID_TO_BIN('5ae3e452-bcee-440c-b442-91801f79c5a5'),UUID_TO_BIN('1549945f-caf0-4049-9d23-c2bf0e9e6dc2'),'Oliivka','Оліївка'), (UUID_TO_BIN('5e715e5c-68ff-4358-baf5-a23de5cb9e7c'),UUID_TO_BIN('84027595-6b52-4935-ba6f-eae2e36db0b9'),'Tetiiv','Тетіїв'), (UUID_TO_BIN('93bf8ec7-3956-44ff-aaee-d839868e2552'),UUID_TO_BIN('0ba1b064-c63e-4a0d-b04e-e901d32deab6'),'Neresnytsia','Нересниця'), (UUID_TO_BIN('576d3c9e-b58a-4dcf-a82a-3fb8ddcf3502'),UUID_TO_BIN('9c1a48e0-8434-4178-8b32-a2fc9659e6e5'),'Brylivka','Брилівка'), (UUID_TO_BIN('bdc9407c-7e8f-4795-a33e-fb965888fe13'),UUID_TO_BIN('2e5f7003-e8dc-47fc-965a-8a770a35f50c'),'Ustyluh','Устилуг'), (UUID_TO_BIN('3eec6749-6371-4e20-8e64-9cd863ec9fce'),UUID_TO_BIN('aa6b49c0-a24c-4605-ba46-a869555af842'),'Kotelva','Котельва'), (UUID_TO_BIN('23b71984-81d7-4ff2-9c9e-d14aa3012645'),UUID_TO_BIN('2d4ac901-2689-415d-8c2a-417c8ff7b0f2'),'Skarzhyntsi','Скаржинці'), (UUID_TO_BIN('68f5b773-59b7-49ab-8c79-b0a4a5c2c9f0'),UUID_TO_BIN('7f7fb5b8-9d63-4bf9-8bc4-8014b70605d4'),'Fontanka','Фонтанка'), (UUID_TO_BIN('66d65b27-618d-4ddf-b694-acaa286c179a'),UUID_TO_BIN('53cd6fba-a0b5-4553-9a66-48376a569683'),'Korosten','Коростень'), (UUID_TO_BIN('371a4a58-76bd-44fb-a8b1-b5e3415c1a4b'),UUID_TO_BIN('64955c0f-eaa3-4555-9008-761995cfe779'),'Komysh-Zoria','Комиш-Зоря'), (UUID_TO_BIN('b3b9529e-f065-450e-a7a6-12dd54a9031b'),UUID_TO_BIN('aac61d73-287b-437b-a338-e78be49fda16'),'Pershotravensk','Першотравенськ'), (UUID_TO_BIN('0ec710de-f217-4c8f-9b9d-509cde88e0c7'),UUID_TO_BIN('6c391261-11d9-442f-9b30-ae22e3a35603'),'Voiutychi','Воютичі'), (UUID_TO_BIN('45c7e724-8cbb-4c4b-b064-00d5ec6f0914'),UUID_TO_BIN('5cef0d1d-cf5b-4839-a6d5-8d571e17b407'),'Svaliava','Свалява'), (UUID_TO_BIN('ca74e5ec-20b7-4c72-90eb-fa40fe12215c'),UUID_TO_BIN('067a8f08-089d-4729-82cc-8c2bc51c978c'),'Holovanivsk','Голованівськ'), (UUID_TO_BIN('583bbc49-e051-4683-bed4-0b18163c35d9'),UUID_TO_BIN('52f59b6d-4a30-4de1-aae3-e295a90de369'),'Balakleia','Балаклея'), (UUID_TO_BIN('bf89604e-7a72-4d72-a810-1a8d458de7f3'),UUID_TO_BIN('0d69fcc9-a5d5-4b6d-8cb6-dd5fc15765e6'),'Hubynykha','Губиниха'), (UUID_TO_BIN('9141851d-5f23-4981-85ff-50d56d5ef7bc'),UUID_TO_BIN('ad22fcc6-7d4b-4641-9675-ac9f132f03bb'),'Hromada','Громада'), (UUID_TO_BIN('8cf42a6f-63c1-49d4-9154-e6e1684030a4'),UUID_TO_BIN('f2cf3598-083a-412f-8462-f00b3715788e'),'Rafalivka','Рафалівка'), (UUID_TO_BIN('37a663b2-1445-4563-a8da-78e9b2d4f409'),UUID_TO_BIN('d4be9d5f-6a4a-481f-9e80-2069152aea48'),'Stari Babany','Старі Бабани'), (UUID_TO_BIN('d0225448-caa7-4189-bc4a-246fcdedd395'),UUID_TO_BIN('c4635703-0256-47fe-9726-910dce522ef7'),'Shostka','Шостка'), (UUID_TO_BIN('43ac1a50-c6d7-4b74-9cd5-3c837f27f7bb'),UUID_TO_BIN('4e61e97e-8a8e-4406-af7d-bc5d0898331c'),'Velyka Oleksandrivka','Велика Олександрівка'), (UUID_TO_BIN('c404d931-3596-4dbc-8546-2e75a0bddc61'),UUID_TO_BIN('2419b17a-c982-4126-a33d-60e99d0c856a'),'Katerynopil','Катеринопіль'), (UUID_TO_BIN('ae0f3ddc-69c5-4858-8cb0-410644144778'),UUID_TO_BIN('7953e006-c275-4883-b112-1eee66875e2a'),'Strabychovo','Страбичово'), (UUID_TO_BIN('94298d16-13a0-4ff1-96d4-9e43562cc877'),UUID_TO_BIN('c45c6f6e-901d-4c85-8f5e-1c753f8209aa'),'Bozhedarivka','Божедарівка'), (UUID_TO_BIN('7e62532f-fc12-4f5e-a042-92f4034378dc'),UUID_TO_BIN('9575ad3e-54ee-4bd5-948f-76d27b346d74'),'Valky','Валки'), (UUID_TO_BIN('481cc267-7bb6-4135-aa65-58b2916bf10e'),UUID_TO_BIN('aa27dafc-d7bf-40cc-9e32-34a15aa2e064'),'Myrohoshcha Persha','Мирогоща Перша'), (UUID_TO_BIN('58cb03cf-6cf7-4c81-9576-1f3561ae0daa'),UUID_TO_BIN('9329e326-c844-4eef-8cfe-7fc7f5f706a5'),'Dolyna','Долина'), (UUID_TO_BIN('6b9bb57b-dbc9-40ab-afb3-3c86be852d7c'),UUID_TO_BIN('f2ba5d6f-68bc-4afb-a330-5f33d646a9e8'),'Prylymanske','Прилиманське'), (UUID_TO_BIN('7e978ffe-f9cf-4263-afe5-c340ebb74e97'),UUID_TO_BIN('7947138b-97bd-4b28-81fe-553a3a612b61'),'Irshansk','Іршанськ'), (UUID_TO_BIN('5cc4ae32-f52a-47ca-90e0-1e82591e1a98'),UUID_TO_BIN('673bad1a-f7b0-422d-9a37-a6111a30bfd4'),'Rudne','Рудне'), (UUID_TO_BIN('d976d5e4-627a-4787-b892-81056bef4e80'),UUID_TO_BIN('c8ae19c1-b6c5-4fca-98d3-63b83b947693'),'Bilytske','Білицьке'), (UUID_TO_BIN('bb60cb6a-1544-40dc-b00d-27ea44f7036f'),UUID_TO_BIN('b6bb86f1-617b-4629-998c-397ef9d35a4d'),'Vinnytsia','Вінниця'), (UUID_TO_BIN('dab0e754-51c2-4fa6-9e11-89933d6f1d84'),UUID_TO_BIN('9fb9d74d-b217-421b-9de7-afd0d828bd3f'),'Prymorsk','Приморськ'), (UUID_TO_BIN('82f981e0-2389-4780-a91d-63a815765601'),UUID_TO_BIN('e04cac8b-ba59-4e20-9afe-1a20f7e563b3'),'Lyptsi','Липці'), (UUID_TO_BIN('cdc924e5-3a28-4871-b05c-b5097d1ef4ca'),UUID_TO_BIN('6962e173-090c-4295-9057-25c9da77a218'),'Humentsi','Гуменці'), (UUID_TO_BIN('518474e3-69be-4e14-a9a3-c16f440f9698'),UUID_TO_BIN('16fb46f1-2401-4d9d-bf1e-5408a475f2e5'),'Stanitsia Luganska','Станиця Луганська'), (UUID_TO_BIN('1e3a2ad0-e33c-462c-85b7-4a9aee5b9ee0'),UUID_TO_BIN('0dc40b49-2e1f-4cda-baab-981c7e49cea1'),'Kniagininok','Княгининок'), (UUID_TO_BIN('4a5e127c-9a64-4500-b7f3-12a029b043a2'),UUID_TO_BIN('42de4dd7-f172-4ad1-ae8c-3f7976021839'),'Liubashivka','Любашівка'), (UUID_TO_BIN('c6ffba00-ba40-4636-aad1-f3ea6de2aadc'),UUID_TO_BIN('74fc627d-bde7-4d21-8f52-574b94acd405'),'Snihurivka','Снігурівка'), (UUID_TO_BIN('aad59fab-10e8-4ba8-b7c2-562749a475ab'),UUID_TO_BIN('2ccf20a6-6fd7-4f02-86ff-6dd8bbb7431e'),'Chornobai','Чорнобай'), (UUID_TO_BIN('9c344174-22f7-4667-b3f8-88621194b3ac'),UUID_TO_BIN('c3551ab3-ce0f-4112-a1e9-5cb726f56bc6'),'Nedoboivtsi','Недобоївці'), (UUID_TO_BIN('ca430559-13bb-4e84-b939-1980fc97438f'),UUID_TO_BIN('e04cac8b-ba59-4e20-9afe-1a20f7e563b3'),'Vysokyi','Високий'), (UUID_TO_BIN('1f163fe0-b084-4564-8dda-b03245151383'),UUID_TO_BIN('9cde44c4-e1e0-4d32-910e-c63bd6aef098'),'Dniprorudne','Дніпрорудне'), (UUID_TO_BIN('5c8eff0a-5504-4ea5-ae35-c4e68eff3364'),UUID_TO_BIN('8a1fac59-65fe-4a00-9d49-23110c57aba5'),'Pervomaisk','Первомайськ'), (UUID_TO_BIN('ae9abe9c-8c09-49f1-9a91-9d53edbfdb64'),UUID_TO_BIN('1c939e69-829c-4144-bb32-3dc8c14d9b55'),'Hlukhiv','Глухів'), (UUID_TO_BIN('4cb290af-fc5b-4415-8aad-334551e378f6'),UUID_TO_BIN('a899a84a-4734-45a0-b7c0-c807ec924905'),'Vilnohirsk','Вільногірськ'), (UUID_TO_BIN('38ea756a-35ab-4150-8954-0ff8a5efff0a'),UUID_TO_BIN('b272451e-e5ef-4186-820b-1195efb2011e'),'Tlumach','Тлумач'), (UUID_TO_BIN('57fe847a-6539-48d8-b0e9-408bce943c13'),UUID_TO_BIN('0d61d2d3-e937-4a5c-95e8-55d8756ee601'),'Sursko-Lytovske','Сурсько-Литовське'), (UUID_TO_BIN('fb0cc606-8b5c-4bac-a606-1373f3c26a24'),UUID_TO_BIN('9c1a48e0-8434-4178-8b32-a2fc9659e6e5'),'Vynohradove','Виноградове'), (UUID_TO_BIN('fe695ec5-b091-491d-a535-42d7fa70bbee'),UUID_TO_BIN('f2ba5d6f-68bc-4afb-a330-5f33d646a9e8'),'Velykodolynske','Великодолинське'), (UUID_TO_BIN('69c8050b-8516-4630-8c82-c88428dcd59c'),UUID_TO_BIN('b6bb86f1-617b-4629-998c-397ef9d35a4d'),'Ahronomichne','Агрономічне'), (UUID_TO_BIN('08e5ef25-df3f-4c7e-92cf-86a0a949bf9f'),UUID_TO_BIN('8e599efa-685c-4e4c-b823-f6cf54f12654'),'Velykyi Bychkiv','Великий Бичків'), (UUID_TO_BIN('d3c98804-b778-45d5-8683-fb3649a8989f'),UUID_TO_BIN('0d61d2d3-e937-4a5c-95e8-55d8756ee601'),'Stari Kodaky','Старі Кодаки'), (UUID_TO_BIN('7febcdc8-51b4-4155-9680-32b65a629941'),UUID_TO_BIN('32d41bdd-cb02-4b19-a159-5c9b71e41d92'),'Chaplyne','Чаплине'), (UUID_TO_BIN('607b0d83-5547-455b-9a3f-87ca530b4ed1'),UUID_TO_BIN('1549945f-caf0-4049-9d23-c2bf0e9e6dc2'),'Stanyshivka','Станишівка'), (UUID_TO_BIN('372733a8-8c35-4098-899b-334d3ea229f5'),UUID_TO_BIN('55ccfd52-fade-4013-8631-46a02d608cfa'),'Varva','Варва'), (UUID_TO_BIN('dffbcee7-cfe8-4d80-9187-473293a2a444'),UUID_TO_BIN('7b54f961-7aba-48e6-8233-7651b0d71eb4'),'Bratske','Братське'), (UUID_TO_BIN('e20f20fd-0cda-4519-9287-50918c9f8c17'),UUID_TO_BIN('8b7c006e-52a6-4483-bb0f-a09e21a1a504'),'Svatove','Сватове'), (UUID_TO_BIN('3948f7fd-b457-476c-86cb-24128dbde809'),UUID_TO_BIN('f2ba5d6f-68bc-4afb-a330-5f33d646a9e8'),'Petrodolynske','Петродолинське'), (UUID_TO_BIN('62102d6f-db08-4116-9d7e-f1ad4ad595a6'),UUID_TO_BIN('a88540f5-4fcd-44f8-973a-001d49eeb55a'),'Bohdanivka','Богданівка'), (UUID_TO_BIN('33aad656-23da-4caf-a661-0167925e8b7b'),UUID_TO_BIN('7f7fb5b8-9d63-4bf9-8bc4-8014b70605d4'),'Liman','Лиман'), (UUID_TO_BIN('32907ef5-c22c-4263-bf17-3fb96f562db6'),UUID_TO_BIN('878b7686-f229-40ca-a562-710db9aed67e'),'Piatykhatky','П\'ятихатки'), (UUID_TO_BIN('7181252d-5d75-44ea-a62c-96bec6310324'),UUID_TO_BIN('ca3c61f8-9bcf-49bd-9d05-66e33a51d3e4'),'Tomashpil','Томашпіль'), (UUID_TO_BIN('b9c1320e-95d4-4029-bbd6-2f41026f58f1'),UUID_TO_BIN('56c24d5d-7c93-46d1-aa8b-d82f0c047801'),'Lativka','Латівка'), (UUID_TO_BIN('e8d6e9a3-1036-4daa-ab90-7981d8afb172'),UUID_TO_BIN('56c24d5d-7c93-46d1-aa8b-d82f0c047801'),'Biliaivka','Біляївка'), (UUID_TO_BIN('405d3329-038f-4b81-92fe-6d2a65db3d38'),UUID_TO_BIN('752db2b3-3810-4370-83c1-46b83f8f98da'),'Ternivka','Тернівка'), (UUID_TO_BIN('541b9aba-3d8e-4256-b2b3-1c7352729857'),UUID_TO_BIN('7947138b-97bd-4b28-81fe-553a3a612b61'),'Khoroshiv','Хорошів'), (UUID_TO_BIN('9ef7d4f6-8ddf-4ff0-b80a-4cc6f62b519e'),UUID_TO_BIN('e647c077-c6c8-472a-b4a3-c57f00bde827'),'Koziatyn','Козятин'), (UUID_TO_BIN('6079f90e-8ca1-4ae0-95df-f446b27ff3db'),UUID_TO_BIN('4af25f0b-9779-4985-bb89-7ead90ca04e7'),'Khodoriv','Ходорів'), (UUID_TO_BIN('b7b228dd-47c3-45ed-ad48-428c22488e8e'),UUID_TO_BIN('85e648d7-d9fe-4d77-ac0d-87bde04c28f2'),'Kyivets','Київець'), (UUID_TO_BIN('93a26eb5-94c3-4433-9604-64bfc5671f5c'),UUID_TO_BIN('b6bb86f1-617b-4629-998c-397ef9d35a4d'),'Vinnytski Khutory','Вінницькі Хутори'), (UUID_TO_BIN('d47cffb7-fe95-486a-9eef-38d9084da08c'),UUID_TO_BIN('9bc7c083-5a1a-41b8-b995-b7e8214406cd'),'Nosivka','Носівка'), (UUID_TO_BIN('0cfc8111-91da-4cd7-8182-235c636bebf0'),UUID_TO_BIN('4b5beb7f-e704-4cdf-8965-9a99380d00ec'),'Slovechne','Словечне'), (UUID_TO_BIN('2f8438ca-4983-4403-bfea-39f74b523522'),UUID_TO_BIN('ca167b00-2310-4017-b428-17ef4791149e'),'Kremenets','Кременець'), (UUID_TO_BIN('b0120548-fb59-46e9-81fb-ba2c47a1e3fd'),UUID_TO_BIN('44635c29-8c79-4827-8462-c3dfda3e7898'),'Kolomak','Коломак'), (UUID_TO_BIN('df02c8a0-5132-42dd-b933-72c8a7d66686'),UUID_TO_BIN('986d5b77-6c8d-4d21-8a18-3b2138402c12'),'Pavlysh','Павлиш'), (UUID_TO_BIN('97f39f47-e353-4985-a4eb-b11ffe2abf2d'),UUID_TO_BIN('ad22fcc6-7d4b-4641-9675-ac9f132f03bb'),'Liubar','Любар'), (UUID_TO_BIN('e73b3284-ccd8-4cb8-8110-5ad5deaecdf6'),UUID_TO_BIN('e1a39938-fe95-4aeb-8706-17f58c904323'),'Lityn','Літин'), (UUID_TO_BIN('5f48685f-d78a-4545-9565-1eb02aa092cf'),UUID_TO_BIN('9f141766-6509-4bbb-b931-4f4cf016a906'),'Popasna','Попасна'), (UUID_TO_BIN('39298f90-f7a2-4b3a-986d-4330b6449c41'),UUID_TO_BIN('27f1b285-2f78-4380-aceb-0fb9248b5207'),'Kurakhove','Курахове'), (UUID_TO_BIN('7bdb6689-bc5b-49df-b6c9-ae654940334a'),UUID_TO_BIN('a06aea09-aaf3-4e5e-b8e0-cf98c1708b37'),'Chornyi Ostriv','Чорний Острів'), (UUID_TO_BIN('2a19c861-4ad9-4b40-9885-68ad571cf350'),UUID_TO_BIN('9f5f7c77-bf3b-4b6f-ad22-2a954a28c623'),'Fastiv','Фастів'), (UUID_TO_BIN('c720ba0d-c339-4945-8c9c-f6cc5e67de62'),UUID_TO_BIN('1fa414d6-d18c-4cd1-abb6-697d85af032c'),'Lazurne','Лазурне'), (UUID_TO_BIN('6bcfce96-4ebb-40c1-b588-8a564d53c6ee'),UUID_TO_BIN('76d94138-fb8e-456b-879f-160161e3f9a3'),'Nadvirna','Надвірна'), (UUID_TO_BIN('3c2caf6c-695f-49b0-bdad-6b0ce19a00a3'),UUID_TO_BIN('76d94138-fb8e-456b-879f-160161e3f9a3'),'Lanchyn','Ланчин'), (UUID_TO_BIN('dc4ee73d-18b3-4139-8bbb-17d2e5a52f3f'),UUID_TO_BIN('7727650a-23ca-4802-b162-1ac0f562fe47'),'Tarasivka','Тарасівка'), (UUID_TO_BIN('8e20be6a-e0ca-4461-beb7-010edce45b22'),UUID_TO_BIN('8293a8b6-492e-417e-aa86-4364d131b8ec'),'Staryi Saltiv','Старий Салтів'), (UUID_TO_BIN('dbb648fa-53fd-4a05-93f6-edd96ced03f1'),UUID_TO_BIN('66b6b06c-121c-43c4-bd7a-4b6e02c03a76'),'Biloziria','Білозір\'я'), (UUID_TO_BIN('81c995e9-bd7d-414c-949b-6a8b9d413e77'),UUID_TO_BIN('16461fbd-9179-4843-832d-d3aa32921b90'),'Tulchyn','Тульчин'), (UUID_TO_BIN('855b8e31-a43d-4932-8380-0b3a8faf234a'),UUID_TO_BIN('3c3f1379-6005-4f79-8605-af532b98705a'),'Snovsk','Сновськ'), (UUID_TO_BIN('c9a01f57-d000-46c9-96dc-388470026a80'),UUID_TO_BIN('d9eb3ba7-52c8-4264-b20a-8d0289f5c8d8'),'Holoby','Голоби'), (UUID_TO_BIN('30c163ec-f921-4d73-bc6b-26a95489289e'),UUID_TO_BIN('067a8f08-089d-4729-82cc-8c2bc51c978c'),'Pobuzke','Побузьке'), (UUID_TO_BIN('968e4f8f-fcfc-4b31-a652-3bc46a627872'),UUID_TO_BIN('7f7fb5b8-9d63-4bf9-8bc4-8014b70605d4'),'Kominternivske','Комінтернівське'), (UUID_TO_BIN('8b19b297-7dea-4eec-9d77-a90379aa2212'),UUID_TO_BIN('0a064edb-411c-41d0-8d4f-42f652f7c73a'),'Bereznehuvate','Березнегувате'), (UUID_TO_BIN('2f4ea7d8-3012-4072-9986-1a0bd35c2192'),UUID_TO_BIN('5170cc59-2b54-4315-a076-e5124dc456a7'),'Bilokurakyne','Білокуракине'), (UUID_TO_BIN('7589a9c8-fb33-4bd3-9214-2eaed4d9aee5'),UUID_TO_BIN('0d2e7f47-49e9-4968-b634-8d0f2ce4c6ad'),'Hertsa','Герца'), (UUID_TO_BIN('75370454-c6ee-4c01-9f0e-5454d12ce2f8'),UUID_TO_BIN('8a1fac59-65fe-4a00-9d49-23110c57aba5'),'Pervomaiskyi','Первомайський'), (UUID_TO_BIN('d09789fb-036a-4067-901b-af13a7884c9f'),UUID_TO_BIN('46e76730-81ca-48e2-a96c-d173b16ccd38'),'Vilniansk','Вільнянськ'), (UUID_TO_BIN('5a373610-a23d-40a4-876c-5852aa7e8a2a'),UUID_TO_BIN('b6bb86f1-617b-4629-998c-397ef9d35a4d'),'Stryzhavka','Стрижавка'), (UUID_TO_BIN('51cf610a-c64a-48b6-8c3c-28eb4966badf'),UUID_TO_BIN('0dc40b49-2e1f-4cda-baab-981c7e49cea1'),'Torchyn','Торчин'), (UUID_TO_BIN('9940f2d5-6ba7-4064-b7f4-d85625f96808'),UUID_TO_BIN('e3bafd1a-ec0d-4b7d-8ac0-3e2085eb9362'),'Vyshnivets','Вишнівець'), (UUID_TO_BIN('c51f5818-7683-4bda-9276-a6f0c2d9a1b6'),UUID_TO_BIN('a1a97c1e-0f87-4c5e-a620-920c02c1944d'),'Illintsi','Іллінці'), (UUID_TO_BIN('07469d02-23c0-4235-b655-90e8466dfc4b'),UUID_TO_BIN('9358f206-be20-45b9-ac1f-ceef1f099bed'),'Synelnykove','Синельникове'), (UUID_TO_BIN('1248dcd8-1670-4a29-8f51-d35948f41e1b'),UUID_TO_BIN('2bbb49c9-55e6-46df-b894-0a290ceeefac'),'Cherniakhiv','Черняхів'), (UUID_TO_BIN('84e67356-7997-4d88-bf38-86d620aff2cb'),UUID_TO_BIN('5f49229d-c618-4346-a9d2-668d90099fea'),'Vendychany','Вендичани'), (UUID_TO_BIN('9f086c6f-b67a-484a-92d1-3b7163c53a18'),UUID_TO_BIN('d23ef549-7853-451a-ae04-1b7580d125cd'),'Perehinske','Перегінське'), (UUID_TO_BIN('46192e82-7689-4cc9-8723-8229aea35863'),UUID_TO_BIN('8293a8b6-492e-417e-aa86-4364d131b8ec'),'Vovchansk','Вовчанськ'), (UUID_TO_BIN('a3b440fb-ee4a-4adb-a0d1-a788e133b311'),UUID_TO_BIN('c7fb67d1-33f2-41de-be4e-2dcd7282b195'),'Shchaslyve','Щасливе'), (UUID_TO_BIN('3e8b9b8a-a4ab-4c6d-a1a9-2288f9b502df'),UUID_TO_BIN('75167327-2beb-414b-8493-9fee7884d7a8'),'Balta','Балта'), (UUID_TO_BIN('a66b60e8-a299-4dc0-b3dc-059e67121ee1'),UUID_TO_BIN('eaf1c52d-84a9-42c5-aa3a-0852b2f00cb1'),'Ocheretyne','Очеретине'), (UUID_TO_BIN('97c63f80-d96d-4898-9a3d-88cfecfdc58a'),UUID_TO_BIN('e04cac8b-ba59-4e20-9afe-1a20f7e563b3'),'Rohan','Рогань'), (UUID_TO_BIN('be6ac541-a8f4-4ee3-842a-bc5f63690be2'),UUID_TO_BIN('378f996d-239d-4d32-ad6b-3cc8a5fd9390'),'Zarichne','Зарічне'), (UUID_TO_BIN('e40fc29d-742d-4646-91fa-6cc48b7d14df'),UUID_TO_BIN('ea93faaa-e5a1-49d1-9b6c-2ec5292d4a76'),'Shypyntsi','Шипинці'), (UUID_TO_BIN('1b46740e-e08e-4baa-9c54-f31d48324244'),UUID_TO_BIN('199c2306-d3f4-484c-87a5-995018ab1cfc'),'Trostianets','Тростянець'), (UUID_TO_BIN('e65f0318-0414-43d7-8aae-b03f3786e3cb'),UUID_TO_BIN('66b6b06c-121c-43c4-bd7a-4b6e02c03a76'),'Chervona Sloboda','Червона Слобода'), (UUID_TO_BIN('d96c545b-6caf-4fea-8822-45b97abed8c6'),UUID_TO_BIN('92108c4d-14bd-4eca-9602-b676696d15e6'),'Yemilchyne','Ємільчине'), (UUID_TO_BIN('21cca98a-0c04-40f2-aeb6-d1f978529741'),UUID_TO_BIN('72197e13-1026-400d-8a34-e0804da4d0c1'),'Zabolotiv','Заболотів'), (UUID_TO_BIN('8b1c3fa1-ec0b-4b65-b41c-1382c22e290f'),UUID_TO_BIN('14a97a9a-7718-4405-b365-e2b726cabf9e'),'Dzhulynka','Джулинка'), (UUID_TO_BIN('43afca6c-1161-43a0-876a-9afd14e2a70b'),UUID_TO_BIN('54a5e40c-6de9-4912-9957-4e81250c13c5'),'Ukrainka','Українка'), (UUID_TO_BIN('782d1d4e-51f2-491c-884c-adf9953ad86c'),UUID_TO_BIN('0d61d2d3-e937-4a5c-95e8-55d8756ee601'),'Slobozhanske','Слобожанське'), (UUID_TO_BIN('4e5b0ebe-3915-4e3a-bbd3-5424d24e6234'),UUID_TO_BIN('1a9775f5-1e01-4f8e-94f2-91f30c3f1e77'),'Zalishchyky','Заліщики'), (UUID_TO_BIN('2853102b-ca76-43dc-840e-f889a73398e2'),UUID_TO_BIN('3d38fe03-e427-4563-bdea-fb1a0f3d470a'),'Mala Vyska','Мала Виска'), (UUID_TO_BIN('2befd812-93da-4737-90a5-221eb2aca836'),UUID_TO_BIN('7f7fb5b8-9d63-4bf9-8bc4-8014b70605d4'),'Dobroslav','Доброслав'), (UUID_TO_BIN('8c70e3ac-6843-4b3b-b042-7c5bdd999f3e'),UUID_TO_BIN('f241e90c-a69f-4eeb-be11-c7e01d218518'),'Hlobyne','Глобине'), (UUID_TO_BIN('9c6ef729-389a-4544-97be-6e5587b11bf8'),UUID_TO_BIN('22a050d0-7f0f-463b-b51f-9eb82d1c0886'),'Khrystynivka','Христинівка'), (UUID_TO_BIN('c390b1b0-ab25-4c37-897b-c3d7e57c5ffb'),UUID_TO_BIN('85e648d7-d9fe-4d77-ac0d-87bde04c28f2'),'Mykolaiv','Миколаїв'), (UUID_TO_BIN('5412f83b-1ad5-4a5f-bcdf-5f93fb866558'),UUID_TO_BIN('16ba8dea-aedd-40ed-b40b-c66b01c51fa9'),'Zavallia','Завалля'), (UUID_TO_BIN('d95a5a6a-bc18-44a4-958f-40ca3168f533'),UUID_TO_BIN('7727650a-23ca-4802-b162-1ac0f562fe47'),'Kriukivshchyna','Крюківщина'), (UUID_TO_BIN('63bf4bb0-1d70-4e3b-9c5c-804def92348a'),UUID_TO_BIN('a33e6e60-6683-4791-83dd-ae036a69b651'),'Blagovishchenske','Благовіщенське'), (UUID_TO_BIN('5940246f-d48c-45ef-b0bf-48a63000a0bc'),UUID_TO_BIN('c0f0a473-ff6c-4882-8f0a-87e0d3a66e47'),'Zinkiv','Зіньків'), (UUID_TO_BIN('02c2872a-6b2a-44b4-9ce5-7112e690c3ed'),UUID_TO_BIN('56c24d5d-7c93-46d1-aa8b-d82f0c047801'),'Usatove','Усатове'), (UUID_TO_BIN('266c3798-649d-4645-b3bc-0ef3dbe2f182'),UUID_TO_BIN('89fd32f3-fcd8-4231-9452-ee1054e8f9ea'),'Mistechko','Городок'), (UUID_TO_BIN('de51f1ed-6e64-4da8-9854-8b0948378673'),UUID_TO_BIN('102136ac-0ade-4902-a142-f6c68c26a91c'),'Brusyliv','Брусилів'), (UUID_TO_BIN('df7706ce-d319-4f21-91f9-4a371eda148e'),UUID_TO_BIN('eb8f6f9f-3e10-4c04-b4b6-311825e6a19f'),'Sokilnyky','Сокільники'), (UUID_TO_BIN('e11e3338-91a1-4b4a-861b-7a86593d0bc4'),UUID_TO_BIN('e92802c0-5427-411b-8736-09f3f9be29aa'),'Voznesensk','Вознесенськ'), (UUID_TO_BIN('53b9886c-80cf-45be-8c38-5fabd1514c4a'),UUID_TO_BIN('98cbb5a4-a928-4bda-a673-f8be963fe7e2'),'Velyka Lepetykha','Велика Лепетиха'), (UUID_TO_BIN('cf46a5d4-03b6-4ca2-b8d0-90efcd2ac7cf'),UUID_TO_BIN('3074f4e7-367b-4c7f-af44-225f49ddb2b3'),'Demydivka','Демидівка'), (UUID_TO_BIN('9ae8a649-568f-4097-94cd-8902baac1885'),UUID_TO_BIN('c0e8be25-4e99-4dbf-bd45-6dc84bed5de2'),'Vyzhnytsia','Вижниця'), (UUID_TO_BIN('412a39cd-bc77-4cce-bf9f-39518c9fd984'),UUID_TO_BIN('91381ff0-e631-4200-bccc-9fd5a9bf1509'),'Huliaipole','Гуляйполе'), (UUID_TO_BIN('8ee2ed2d-174a-4e54-8b31-03434a11ddf3'),UUID_TO_BIN('0ae48d0e-dfee-4d41-a0b4-6a611e58115a'),'Pavlivka','Павлівка'), (UUID_TO_BIN('a8643836-975f-4bd2-b097-9fcc90a23751'),UUID_TO_BIN('52f2ad34-f6f8-4a78-8aff-0920770ba03c'),'Solone','Солоне'), (UUID_TO_BIN('34b24a45-8687-4e91-b90e-5f859f262f70'),UUID_TO_BIN('d35963b3-cf18-4f77-9a86-cd87fcdaf854'),'Bilolutsk','Білолуцьк'), (UUID_TO_BIN('9279402d-8f8e-4f5e-9707-7d91331c2ec4'),UUID_TO_BIN('05164eb7-90fa-4f46-a7d5-e7d1edd53aaa'),'Vinkivtsi','Віньківці'), (UUID_TO_BIN('eb383882-caec-4ac4-a05f-76ed77b821c0'),UUID_TO_BIN('da34f062-ad9e-417a-80cb-c1e9e1887171'),'Komarno','Комарно'), (UUID_TO_BIN('dbf2288b-f2ae-4ae9-8f47-603b0312e6d5'),UUID_TO_BIN('929dc2ee-c0a4-410f-a322-41281bdf9962'),'Krolevets','Кролевець'), (UUID_TO_BIN('54d723b1-0c2e-4232-97ca-ee5d69807ae4'),UUID_TO_BIN('50c88b91-2e8c-4fed-a1a5-6b013b76d987'),'Odesa','Одеса'), (UUID_TO_BIN('4f4099ab-a04c-4c26-bb61-cf9555862f55'),UUID_TO_BIN('9519040d-bda4-49d1-8026-a1785ccdc7d9'),'Vuhledar','Вугледар'), (UUID_TO_BIN('3266d6d2-c2e9-4fc2-be94-53b1b7e0d047'),UUID_TO_BIN('0f07f9b0-e73b-4f61-823e-42b0410b491a'),'Zhmerynka','Жмеринка'), (UUID_TO_BIN('98875863-ae6e-40a7-9c58-ca9224726a04'),UUID_TO_BIN('9fd9dab8-9744-442d-8c8b-25266e55fb89'),'Donske','Донське'), (UUID_TO_BIN('df753f23-eeff-4314-b30d-27cea245df84'),UUID_TO_BIN('ca3c61f8-9bcf-49bd-9d05-66e33a51d3e4'),'Vapniarka','Вапнярка'), (UUID_TO_BIN('9f4af76b-2e89-43a8-8736-0fcd36220138'),UUID_TO_BIN('54a5e40c-6de9-4912-9957-4e81250c13c5'),'Pliuty','Плюти'), (UUID_TO_BIN('297a810f-4d78-46e9-9ed5-1f57c8664ba3'),UUID_TO_BIN('7d959ae3-2fb2-4377-8c65-7e0d7d934dff'),'Ivano-Frankivsk','Івано-Франківськ'), (UUID_TO_BIN('c36ecc0e-2a71-4c10-a574-da2f78d2d96c'),UUID_TO_BIN('c3551ab3-ce0f-4112-a1e9-5cb726f56bc6'),'Khotyn','Хотин'), (UUID_TO_BIN('8bafd083-4a20-49f5-8d02-8571788ab82a'),UUID_TO_BIN('c3a80f39-192c-4100-8acd-cca7f60f79d9'),'Bilhorod-Dnistrovskyi','Білгород-Дністровський'), (UUID_TO_BIN('c72cf375-4d28-4e52-81d5-160b85c0ac5f'),UUID_TO_BIN('ac8259ea-0d3e-4572-b4ce-5dec7d28027a'),'Velykyi Kuchuriv','Великий Кучурів'), (UUID_TO_BIN('7de189e1-af55-44c6-a9b7-34c0c2928ba1'),UUID_TO_BIN('30ffdb90-0349-4efc-98a7-8b0c5109118d'),'Rozivka','Розівка'), (UUID_TO_BIN('bf5e627f-fc80-4ba2-865d-b45d92ea4f73'),UUID_TO_BIN('8a4b15cc-edff-456d-84cd-d810c097577b'),'Popilnia','Попільня'), (UUID_TO_BIN('23df4bfe-ced4-4c4f-9bbc-152693374972'),UUID_TO_BIN('0f07f9b0-e73b-4f61-823e-42b0410b491a'),'Brailiv','Браїлів'), (UUID_TO_BIN('18d7f819-1490-4ec6-b664-21fb0220d6cc'),UUID_TO_BIN('327abd22-31c3-4eb0-83bf-0de755d7c20d'),'Shcherbani','Щербані'), (UUID_TO_BIN('39cff83a-ade6-41a2-a8f4-bda23dcacc96'),UUID_TO_BIN('35f1a808-fc51-43ed-b90c-9aea177d67df'),'Pomichna','Помічна'), (UUID_TO_BIN('fe1d8379-6d43-4551-bd95-8ec89bf90129'),UUID_TO_BIN('d885d82e-8ce3-469e-b748-4caa098756ed'),'Kodyma','Кодима'), (UUID_TO_BIN('55b91501-4df5-48e3-895c-0094702db4e5'),UUID_TO_BIN('da34f062-ad9e-417a-80cb-c1e9e1887171'),'Sataniv','Сатанів'), (UUID_TO_BIN('9dbe8e75-804d-45df-9afe-9f3c1da787b3'),UUID_TO_BIN('7217832e-0a8f-4d05-aabf-3517c50971c7'),'Kabychivka','Кабичівка'), (UUID_TO_BIN('6f9a6b8b-2160-4747-ad87-dc1c27801d74'),UUID_TO_BIN('b808c2b4-58d5-4672-ab3f-90dd026557fc'),'Ochakiv','Очаків'), (UUID_TO_BIN('cdb942cf-9415-4de9-a285-e3641b84f263'),UUID_TO_BIN('d23ef549-7853-451a-ae04-1b7580d125cd'),'Broshniv-Osada','Брошнів-Осада'), (UUID_TO_BIN('25aa964b-4b29-4763-96dd-6c9b32dd628f'),UUID_TO_BIN('2d108393-f2e6-4a0c-943f-3bf57384c580'),'Bratslav','Брацлав'), (UUID_TO_BIN('89ca591d-aa6f-40c6-9047-4ba9ef47ddbc'),UUID_TO_BIN('3d38fe03-e427-4563-bdea-fb1a0f3d470a'),'Smoline','Смоліне'), (UUID_TO_BIN('bfb07fb0-3aa4-44d8-ab16-408cc5008ecd'),UUID_TO_BIN('7947138b-97bd-4b28-81fe-553a3a612b61'),'Nova Borova','Нова Борова'), (UUID_TO_BIN('38398eca-dc78-4707-9c88-51854c6d3e8d'),UUID_TO_BIN('459d2da1-ffda-42e5-b6e8-61cc0f9b67a1'),'Svesa','Свеса'), (UUID_TO_BIN('ab386439-dce8-4d51-9e49-0f27646aabaa'),UUID_TO_BIN('c8ae19c1-b6c5-4fca-98d3-63b83b947693'),'Prosiana','Просяна'), (UUID_TO_BIN('2af5a37c-4aca-407f-8a7d-a363a74affeb'),UUID_TO_BIN('ca167b00-2310-4017-b428-17ef4791149e'),'Pochaiv','Почаїв'), (UUID_TO_BIN('3eaeb66c-1f11-42b2-b71b-571976b6dbaa'),UUID_TO_BIN('c336734c-c766-415f-83c3-30b65ad7fc33'),'Ivanivka','Іванівка'), (UUID_TO_BIN('cce50517-c5d5-4c43-94ad-7e0fd3978220'),UUID_TO_BIN('7c31648a-88be-4bd3-a081-2e8e571b035e'),'Veselynove','Веселинове'), (UUID_TO_BIN('cde88fe9-99cb-4339-a7c7-b01371a6f351'),UUID_TO_BIN('008390d7-52c2-4b88-8da5-2702d6270911'),'Bar','Бар'), (UUID_TO_BIN('77eafb49-900d-46f9-9116-ed8a2b7498a8'),UUID_TO_BIN('9b8cc5c0-a204-4662-b485-07e289ad60a1'),'Berezhany','Бережани'), (UUID_TO_BIN('1ed23977-f2e3-4670-a96d-4d39f88805ae'),UUID_TO_BIN('e5af2b50-9e36-4495-866c-c3a2d5a63637'),'Novopillia','Новопілля'), (UUID_TO_BIN('646f8592-ed38-4d66-b2f2-fbc11cbcb841'),UUID_TO_BIN('6c391261-11d9-442f-9b30-ae22e3a35603'),'Sambir','Самбір'), (UUID_TO_BIN('e5a0729f-14a3-43ac-aaf1-eae31e09c32d'),UUID_TO_BIN('4951c1dc-5593-4991-9e6d-82bc563376ca'),'Irshava','Іршава'), (UUID_TO_BIN('7970758c-1a08-49cb-8e06-30bce703dc65'),UUID_TO_BIN('b613c776-e11c-4c7a-8fb4-2a33ceaa494b'),'Kopychyntsi','Копичинці'), (UUID_TO_BIN('0deea7cf-a20e-4a92-8066-31190d326f3f'),UUID_TO_BIN('2062a37b-37e4-46c4-81bc-494316993bdf'),'Bolekhiv','Болехів'), (UUID_TO_BIN('1e98e454-0cc6-4ceb-8cbe-0aae6f177956'),UUID_TO_BIN('5ebcb898-c22e-4f8d-a926-8dad2a7b68ff'),'Letychiv','Летичів'), (UUID_TO_BIN('aef36a37-e1f4-4da9-8dd5-6e113494c932'),UUID_TO_BIN('c0e8be25-4e99-4dbf-bd45-6dc84bed5de2'),'Berehomet','Берегомет'), (UUID_TO_BIN('dabac106-7c16-4759-9319-944ad79a7a8e'),UUID_TO_BIN('7f7fb5b8-9d63-4bf9-8bc4-8014b70605d4'),'Krasnosilka','Красносілка'), (UUID_TO_BIN('047599dc-b2e5-47e9-a7f1-b90d70099077'),UUID_TO_BIN('32d41bdd-cb02-4b19-a159-5c9b71e41d92'),'Vasylkivka','Васильківка'), (UUID_TO_BIN('d92ded50-acf7-4ad3-b130-368346fc8373'),UUID_TO_BIN('3335ab51-fb35-4429-b1ff-8482da007e18'),'Tysmenytsia','Тисмениця'), (UUID_TO_BIN('90ec3aae-a509-4640-ba54-5fae98c070c3'),UUID_TO_BIN('3eed7d6d-18c8-4151-a09c-2128559c868a'),'Shyriaieve','Ширяєве'), (UUID_TO_BIN('a831bea6-6c37-4439-ae05-9e4ca9203e07'),UUID_TO_BIN('0d69fcc9-a5d5-4b6d-8cb6-dd5fc15765e6'),'Pereshchepyne','Перещепине'), (UUID_TO_BIN('f9a45658-e06d-4676-93ea-6078c0c5b0f7'),UUID_TO_BIN('ec71827f-301d-49bb-b122-b8bc89657d94'),'Helmiaziv','Гельмязів'), (UUID_TO_BIN('a9c588a8-344f-4a58-8cc3-d3233583c37b'),UUID_TO_BIN('cbe19bbc-db86-4e12-9200-b3c4d612b068'),'Bilopillia','Білопілля'), (UUID_TO_BIN('55bfea91-9f68-4250-9f68-c7ab268cdff4'),UUID_TO_BIN('c3551ab3-ce0f-4112-a1e9-5cb726f56bc6'),'Klishkivtsi','Клішківці'), (UUID_TO_BIN('cd355dfe-019b-45d6-958f-c724e553ca20'),UUID_TO_BIN('c4096e81-f65f-4e0e-a42f-45234c3c7aed'),'Horodnia','Городня'), (UUID_TO_BIN('27aac21b-05d0-44f1-8926-bb0f25a804c7'),UUID_TO_BIN('0dc40b49-2e1f-4cda-baab-981c7e49cea1'),'Lypyny','Липини'), (UUID_TO_BIN('cce486f4-78c0-4c7b-886f-b002b8eb7247'),UUID_TO_BIN('0d61d2d3-e937-4a5c-95e8-55d8756ee601'),'Liubymivka','Любимівка'), (UUID_TO_BIN('48ffdf07-712f-40c0-a557-e19c4dff97cf'),UUID_TO_BIN('71468e23-5ae0-4833-8563-9cbb8615aa4e'),'Krasne','Красне'), (UUID_TO_BIN('c066c22f-db1f-4e00-9273-8a0cd618b704'),UUID_TO_BIN('23caba27-68c1-4179-813a-17aee609f87b'),'Bilshivtsi','Більшівці'), (UUID_TO_BIN('979a59b8-8cef-4205-b786-e14dc6e4f755'),UUID_TO_BIN('d9eb3ba7-52c8-4264-b20a-8d0289f5c8d8'),'Liublynets','Люблинець'), (UUID_TO_BIN('a1522e95-5f1a-4e4d-8391-a9aee74b16ea'),UUID_TO_BIN('0ba1b064-c63e-4a0d-b04e-e901d32deab6'),'Kalyny','Калини'), (UUID_TO_BIN('8bc16283-cd69-4803-af1a-512c31788931'),UUID_TO_BIN('44bb6802-53eb-4914-8cf9-3a72fcc6255b'),'Mala Danilovka','Мала Данилівка'), (UUID_TO_BIN('e28c24b0-9ebd-44e7-8018-965a7459fa68'),UUID_TO_BIN('3a04a5c9-ecb7-482a-af83-f8c9ef572e7b'),'Ivanychi','Іваничі'), (UUID_TO_BIN('f849a845-b066-429f-b38e-0918a5e23978'),UUID_TO_BIN('7694e5cf-6550-49f9-b022-d5109067bfd9'),'Turka','Турка'), (UUID_TO_BIN('0262adea-0c27-463d-800b-89744306764f'),UUID_TO_BIN('54a5e40c-6de9-4912-9957-4e81250c13c5'),'Obukhiv','Обухів'), (UUID_TO_BIN('ed839486-1b29-43ef-b656-270378ded883'),UUID_TO_BIN('2597457c-706d-4d34-bc14-4e79d3b2e484'),'Starokostiantyniv','Старокостянтинів'), (UUID_TO_BIN('0cbe8f5e-569e-40d7-aced-9d61ad06333a'),UUID_TO_BIN('fe955fed-49c7-4cab-aba6-5df588bc6fcd'),'Ustynivka','Устинівка'), (UUID_TO_BIN('baae689b-5fcc-4181-8f78-8be8018fd014'),UUID_TO_BIN('c07e88cd-f21b-4d31-afc8-37335b7e307d'),'Talne','Тальне'), (UUID_TO_BIN('761dc80f-463a-443e-95b0-361edc0d71b5'),UUID_TO_BIN('fdfd48a1-9c70-4b63-a910-be1fe5299a68'),'Oster','Остер'), (UUID_TO_BIN('81728710-21f0-4988-a6a4-5cb23c788261'),UUID_TO_BIN('69cf1d2f-7307-40f8-a979-fedec5f35e20'),'Kherson','Херсон'), (UUID_TO_BIN('eabbcdac-0b6d-45ab-beed-3b950b6aea6b'),UUID_TO_BIN('c87ad97c-43b8-4d32-83db-b3e73baf62e9'),'Apostolove','Апостолове'), (UUID_TO_BIN('b3469bc2-2d18-4f4b-add8-24c6fa214ab1'),UUID_TO_BIN('9c1a48e0-8434-4178-8b32-a2fc9659e6e5'),'Oleshki','Олешки'), (UUID_TO_BIN('aec3b4ec-2bb6-4091-bffe-748b354d906e'),UUID_TO_BIN('6b26534a-4748-4d14-9aa8-eece8859d613'),'Verkhovyna','Верховина'), (UUID_TO_BIN('85d6363a-cd32-4669-9c30-d15a8cc7f871'),UUID_TO_BIN('c513ee04-a250-4c0a-924e-bb63d0b2fd0a'),'Verbuvativka','Вербуватівка'), (UUID_TO_BIN('5a014d92-ed16-4c2f-9556-08234fcc4513'),UUID_TO_BIN('ea635905-bc3b-4be2-8aa4-863ee9786881'),'Pechenihy','Печеніги'), (UUID_TO_BIN('9de8e1b9-e0ba-4802-b208-95a8e6a1b650'),UUID_TO_BIN('fdfd48a1-9c70-4b63-a910-be1fe5299a68'),'Desna','Десна'), (UUID_TO_BIN('13da96c5-a5e5-4011-8222-b9be1ce52674'),UUID_TO_BIN('ad22fcc6-7d4b-4641-9675-ac9f132f03bb'),'Staryi Liubar','Старий Любар'), (UUID_TO_BIN('b5078d10-be68-4530-ad25-77b5a70970d2'),UUID_TO_BIN('ea65907b-ee6b-4821-8638-fd99682ce7eb'),'Novovolynsk','Нововолинськ'), (UUID_TO_BIN('10b7c57a-39e1-4c49-8e79-eb296b1ef5b4'),UUID_TO_BIN('8fdb3028-328a-4a7e-955c-c5c01c2715b5'),'Chopovychi','Чоповичі'), (UUID_TO_BIN('3a9219a9-b8bf-4c5c-8249-995c6b8d494f'),UUID_TO_BIN('5aed5c43-5703-413c-973d-5301025c54bb'),'Nova Ushytsia','Нова Ушиця'), (UUID_TO_BIN('6dfefb6e-db55-4dc3-acb7-339629d674f9'),UUID_TO_BIN('aaa403ce-ff51-4225-87cd-508ffc2d4a8d'),'Brody','Броди'), (UUID_TO_BIN('98a2f028-0d02-4b6e-b875-b5215da16f58'),UUID_TO_BIN('03ed1d31-0bae-466e-9433-b2ac2bfa0d72'),'Volodarka','Володарка'), (UUID_TO_BIN('29ae2994-c243-4781-9937-6ffaf59a46d8'),UUID_TO_BIN('38b3daf5-c59e-41f2-acb9-2516bdc08d2f'),'Hryshkivtsi','Гришківці'), (UUID_TO_BIN('203595ce-7046-4a52-ac4e-91caa3b1a94b'),UUID_TO_BIN('bd96e23a-425d-4450-a533-ddaa4c8a0c71'),'Orikhiv','Оріхів'), (UUID_TO_BIN('2aae9cb5-70b9-42bf-b14a-28f51adcda69'),UUID_TO_BIN('30ffdb90-0349-4efc-98a7-8b0c5109118d'),'Velyki Lazy','Великі Лази'), (UUID_TO_BIN('b23e8dac-7337-4e28-a2b2-bd26d51a251d'),UUID_TO_BIN('8805430a-2720-4dbb-a732-f760a683e4e5'),'Rozdol','Роздол'), (UUID_TO_BIN('d1918f64-3db7-48d4-a14d-de26bdc4dfd4'),UUID_TO_BIN('3fefafeb-0d36-4263-aca9-8dbad4359e2d'),'Drabiv','Драбів'), (UUID_TO_BIN('c968c835-c4ac-4606-9404-99adb563def6'),UUID_TO_BIN('7727650a-23ca-4802-b162-1ac0f562fe47'),'Boiarka','Боярка'), (UUID_TO_BIN('75258837-2df1-4465-88cb-a76443905992'),UUID_TO_BIN('f211326e-2f72-4355-aa99-19102e0076d9'),'Brovary','Бровари'), (UUID_TO_BIN('71f3768b-f121-431f-b214-30dbc1453c5d'),UUID_TO_BIN('e661a213-d273-4e34-ae0e-8b15b5340c50'),'Lanivtsi','Ланівці'), (UUID_TO_BIN('1a24f612-8b0d-4941-94a6-483bcc49a392'),UUID_TO_BIN('c8ae19c1-b6c5-4fca-98d3-63b83b947693'),'Rodynske','Родинське'), (UUID_TO_BIN('0f9e54f2-b01b-4810-8bbf-5c4da3af04c6'),UUID_TO_BIN('3b939f4c-8ae1-4981-9286-fb915f87da9e'),'Ruzhyn','Ружин'), (UUID_TO_BIN('4a354bfe-54d5-469c-bc2e-b08c7ef5f084'),UUID_TO_BIN('e04cac8b-ba59-4e20-9afe-1a20f7e563b3'),'Merefa','Мерефа'), (UUID_TO_BIN('2b5ad7b7-0c5c-412b-b943-d43310dd38aa'),UUID_TO_BIN('6ef06e4f-c642-4e53-b543-25ec56fcf1c5'),'Vysokopillia','Високопілля'), (UUID_TO_BIN('cc76a7c9-073c-4b9c-b92c-4eca4ff4ad70'),UUID_TO_BIN('b73641a3-3d08-40f2-bf61-a795173efc7d'),'Berezne','Березне'), (UUID_TO_BIN('ebe2359e-268b-4222-8825-3547a9c32009'),UUID_TO_BIN('ad71df29-037f-4548-a975-9da4e8941ebd'),'Myronivka','Миронівка'), (UUID_TO_BIN('f8d809e5-f3d1-492e-82e5-f225931b5042'),UUID_TO_BIN('98967d3f-005b-4b27-83fb-2eeb2c4b2cb6'),'Melitopol','Мелітополь'), (UUID_TO_BIN('dd98b35a-1bd1-44d4-b308-75df6b042a99'),UUID_TO_BIN('082bc708-dba7-4cea-89e6-c9417ab03329'),'Nikopol','Нікополь'), (UUID_TO_BIN('cf97fca5-5369-483d-b674-682025da830b'),UUID_TO_BIN('07f82ca7-20cf-4718-a014-4d36409e8d08'),'Gorishni Plavni','Горішні Плавні'), (UUID_TO_BIN('eae6ff76-4cc0-4ebd-b13b-07d5c06c02d9'),UUID_TO_BIN('71468e23-5ae0-4833-8563-9cbb8615aa4e'),'Busk','Буськ'), (UUID_TO_BIN('16d2398e-b526-442c-9bbd-00d52538c48b'),UUID_TO_BIN('a1e5577a-4e63-4ac1-bd36-c8136365f839'),'Stebnyk','Стебник'), (UUID_TO_BIN('cbee8ba1-3486-41b8-8b20-efd7ded0e949'),UUID_TO_BIN('76d94138-fb8e-456b-879f-160161e3f9a3'),'Polianytsia','Поляниця'), (UUID_TO_BIN('515f408b-c098-40f4-a92f-80305662bb25'),UUID_TO_BIN('7727650a-23ca-4802-b162-1ac0f562fe47'),'Khotiv','Хотів'), (UUID_TO_BIN('9efa8cb5-aeea-41a4-9e5b-fd6a8477a886'),UUID_TO_BIN('f2ba5d6f-68bc-4afb-a330-5f33d646a9e8'),'Nova Dolyna','Нова Долина'), (UUID_TO_BIN('56dd8dee-e22d-40ea-9112-d51d17483c70'),UUID_TO_BIN('535082e3-0c22-463d-8a9a-ca3ff8018a35'),'Artsyz','Арциз'), (UUID_TO_BIN('de12d721-8820-417b-94df-a12257cb3e29'),UUID_TO_BIN('2d108393-f2e6-4a0c-943f-3bf57384c580'),'Nemyriv','Немирів'), (UUID_TO_BIN('3868f042-75b0-4f02-8135-90639a7a4c26'),UUID_TO_BIN('64955c0f-eaa3-4555-9008-761995cfe779'),'Bilmak','Більмак'), (UUID_TO_BIN('705796b5-5b36-44d1-b956-3e500d13a09a'),UUID_TO_BIN('c8ae19c1-b6c5-4fca-98d3-63b83b947693'),'Ukrainsk','Українськ'), (UUID_TO_BIN('0e99f284-9312-401f-9f4d-4a42dad6c1a0'),UUID_TO_BIN('7c0ee21e-72fb-4655-a933-fee90b1eceac'),'Toretsk','Торецьк'), (UUID_TO_BIN('e841a016-b810-4535-8fae-fc53262c241d'),UUID_TO_BIN('94d1eb1b-0daa-452b-a849-eee5bc2093c8'),'Yelanets','Єланець'), (UUID_TO_BIN('db034de8-6866-4dab-b43e-8c29314c4f87'),UUID_TO_BIN('05a64a8d-fdc1-4f0d-a73e-ae829dec731d'),'Tsarychanka','Царичанка'), (UUID_TO_BIN('5361d69c-861c-4bde-851e-55c5c9d9eb79'),UUID_TO_BIN('87616e60-a118-47d5-ba25-99f6dc13219f'),'Sosnytsia','Сосниця'), (UUID_TO_BIN('2bf0ad91-f2a5-4d5a-b52f-666c58306f22'),UUID_TO_BIN('8e84eb15-2a91-4113-a52f-46115dc34c52'),'Skalat','Скалат'), (UUID_TO_BIN('c2d2bd6c-f32a-4d90-a1b0-0d6b435200c8'),UUID_TO_BIN('21918f12-b722-420f-9bab-b7fa4e839e53'),'Shyroke','Широке'), (UUID_TO_BIN('d0d11cda-6f7d-4e16-b932-1305ecc9e99b'),UUID_TO_BIN('53cd6fba-a0b5-4553-9a66-48376a569683'),'Horshchyk','Горщик'), (UUID_TO_BIN('9fba182b-90ea-4a10-9bb3-578fff0381dc'),UUID_TO_BIN('bbc68535-ab3a-4f23-912c-322f1baa044a'),'Monastyryska','Монастириська'), (UUID_TO_BIN('1cf2f2b5-0fdc-4c36-bb85-5e53f7b46358'),UUID_TO_BIN('efe69272-6234-4e8d-a1a0-ca2842f301a8'),'Hrebinka','Гребінка'), (UUID_TO_BIN('d3dd4198-0cc3-4f25-9a63-b61e5d48d8b5'),UUID_TO_BIN('c45c6f6e-901d-4c85-8f5e-1c753f8209aa'),'Krynychky','Кринички'), (UUID_TO_BIN('69f761d1-b082-4db2-8529-677a8c652aa7'),UUID_TO_BIN('459d2da1-ffda-42e5-b6e8-61cc0f9b67a1'),'Yampil','Ямпіль'), (UUID_TO_BIN('b4f59b7a-c3e8-4361-abb1-427178770d01'),UUID_TO_BIN('66b6b06c-121c-43c4-bd7a-4b6e02c03a76'),'Ruska Poliana','Руська Поляна'), (UUID_TO_BIN('fddc9dfa-6faf-403f-8b57-d182e9c4d6e4'),UUID_TO_BIN('60dc3896-a599-4a37-860f-dbf20825c40a'),'Berezivka','Березівка'), (UUID_TO_BIN('3a6adf34-bac4-4b5c-9b04-125d15cb63de'),UUID_TO_BIN('82385917-4097-408d-a309-9221ae22b08e'),'Zhovkva','Жовква'), (UUID_TO_BIN('5db7f6c1-ffd8-4de3-ba97-f272846e4d54'),UUID_TO_BIN('a55a3efb-67bc-484e-8760-9f7ba156f74d'),'Myrhorod','Миргород'), (UUID_TO_BIN('0a75b3f8-8908-4dd8-b801-6f230a92e9c6'),UUID_TO_BIN('a899a84a-4734-45a0-b7c0-c807ec924905'),'Zhovti Vody','Жовті Води'), (UUID_TO_BIN('91f9578e-bfda-4b75-ad6e-3de9e97bc778'),UUID_TO_BIN('32101a76-5ed2-4bb0-b061-820fed17d79c'),'Velyki Mosty','Великі Мости'), (UUID_TO_BIN('e4db7256-c2e2-46ed-9887-6524f26b7ba1'),UUID_TO_BIN('1c74533d-975a-4550-930f-dae1301fa81d'),'Khmilnyk','Хмільник'), (UUID_TO_BIN('76624dbd-fe41-4158-8c53-51d5386e6427'),UUID_TO_BIN('c8ae19c1-b6c5-4fca-98d3-63b83b947693'),'Avdiivka','Авдіївка'), (UUID_TO_BIN('26f41d9c-111a-4018-b314-bba20e53e5ca'),UUID_TO_BIN('d1df20a7-9ab7-4836-81e5-9dec0641c754'),'Sokyriany','Сокиряни'), (UUID_TO_BIN('cbd7dd58-1107-4d97-b204-010fe1e34c08'),UUID_TO_BIN('5cef0d1d-cf5b-4839-a6d5-8d571e17b407'),'Keretsky','Керецьки'), (UUID_TO_BIN('2f79cf7d-739e-4dfe-b690-02deecd81bab'),UUID_TO_BIN('855d7087-b882-45fd-8204-08c438e1a3d0'),'Nova Kakhovka','Нова Каховка'), (UUID_TO_BIN('949aa1dd-20a6-488d-a6ce-643a5ce47b42'),UUID_TO_BIN('3335ab51-fb35-4429-b1ff-8482da007e18'),'Uhryniv','Угринів'), (UUID_TO_BIN('4e6a9992-c194-478b-b231-c4b218e7edbe'),UUID_TO_BIN('87c418c4-8f4c-450c-80b9-662d1d340d11'),'Rakhny Lisovi','Рахни Лісові'), (UUID_TO_BIN('9d786ea2-42bf-4eee-a29e-b0bec04bd022'),UUID_TO_BIN('bafec514-ba1e-4010-b8cc-2b73a9bbc6d0'),'Bilovodsk','Біловодськ'), (UUID_TO_BIN('edc7e158-b326-4f67-b2b2-26efe4c857ff'),UUID_TO_BIN('11fa0f2c-d1b9-4c18-9ae9-552991519814'),'Okhtyrka','Охтирка'), (UUID_TO_BIN('5799e6f4-5b42-4c5a-b4f2-34e06272f7bb'),UUID_TO_BIN('0fe0b5f2-65c3-4c8a-8a8c-89e57a74b5d8'),'Nova Vodolaha','Нова Водолага'), (UUID_TO_BIN('fff2f39c-a105-401d-9e42-b60036f9d175'),UUID_TO_BIN('b613c776-e11c-4c7a-8fb4-2a33ceaa494b'),'Hrymailiv','Гримайлів'), (UUID_TO_BIN('be4f8452-4af8-4ba7-97c2-e80a56c954b5'),UUID_TO_BIN('1a9775f5-1e01-4f8e-94f2-91f30c3f1e77'),'Tovste','Товсте'), (UUID_TO_BIN('50d882d7-e115-4aef-875f-b34d2cfa85bb'),UUID_TO_BIN('a1574d83-17dd-4c0f-98a3-96cc7296b992'),'Myropil','Миропіль'), (UUID_TO_BIN('f0a08b9a-457f-4c65-85fa-d11c3eab9018'),UUID_TO_BIN('50c88b91-2e8c-4fed-a1a5-6b013b76d987'),'Yuzhne','Южне'), (UUID_TO_BIN('c1f07c2f-9681-4d00-952b-5c6efaf2699b'),UUID_TO_BIN('31592628-42a0-4a7a-83ac-1228b6a18949'),'Zolochiv','Золочів'), (UUID_TO_BIN('66a02ba6-c913-46d0-be9f-b2130162742c'),UUID_TO_BIN('df43aaf5-507c-4639-9a60-2bb4f4125722'),'Okni','Окни'), (UUID_TO_BIN('04c78d5a-204c-4641-a9ef-c4b51ca302af'),UUID_TO_BIN('c8ae19c1-b6c5-4fca-98d3-63b83b947693'),'Pokrovske','Покровське'), (UUID_TO_BIN('918e75a2-b717-40f4-8de2-7ef9b1dec5be'),UUID_TO_BIN('c439294d-5654-42d7-bf79-4756bd7865f0'),'Verkhivtseve','Верхівцеве'), (UUID_TO_BIN('59c8de46-5814-4fe4-b2b4-eedb4d1d390c'),UUID_TO_BIN('56c24d5d-7c93-46d1-aa8b-d82f0c047801'),'Maiaky','Маяки'), (UUID_TO_BIN('7c7b0841-7731-4e78-b472-ce0e81ca5ed7'),UUID_TO_BIN('6962e173-090c-4295-9057-25c9da77a218'),'Kamianets-Podilskyi','Кам\'янець-Подільський'), (UUID_TO_BIN('5f18a65c-dde6-4c7b-97f4-8ec290879d70'),UUID_TO_BIN('d1db02e8-09be-4f06-9e1c-8fb1fe7eaca1'),'Marianivka','Мар\'янівка'), (UUID_TO_BIN('3fdb5616-a7fe-4ca2-8243-95ecf247c250'),UUID_TO_BIN('a83e1e3d-1867-46f1-b420-358d7fa6164d'),'Bohodukhiv','Богодухів'), (UUID_TO_BIN('d720391a-9ff5-4e95-9ea6-762c73f223fa'),UUID_TO_BIN('36f85f2a-cb15-4c6e-9e2c-5b3047c7eef4'),'Chortkiv','Чортків'), (UUID_TO_BIN('c1cb7fbf-bf21-44d3-81b8-267d10ec7b9a'),UUID_TO_BIN('a3e9fb65-0897-4878-9ffc-2f85cc9174f6'),'Mankivka','Маньківка'), (UUID_TO_BIN('d5c2f126-1bac-4fbe-9213-4811865db882'),UUID_TO_BIN('276dffc4-019b-4edb-abea-14abb0bbcd93'),'Novi Petrivtsi','Нові Петрівці'), (UUID_TO_BIN('4eed701a-13df-45f1-b45a-111d57e1010b'),UUID_TO_BIN('5369ecc0-c03d-4af9-ba74-488fdd6e802c'),'Berehovo','Берегово'), (UUID_TO_BIN('a2312e80-a5a8-4158-aa2b-453558b39c21'),UUID_TO_BIN('0dc40b49-2e1f-4cda-baab-981c7e49cea1'),'Strumivka','Струмівка'), (UUID_TO_BIN('baf76b2f-7006-4e5a-954d-1363423f27bc'),UUID_TO_BIN('2fa0f016-d498-42de-8720-79bbc62c4bad'),'Orzhytsia','Оржиця'), (UUID_TO_BIN('33e79ced-9f73-458f-ae16-b86c7da6e08a'),UUID_TO_BIN('28b93e77-5fab-41db-af63-f9c173ee4375'),'Petrove','Петрове'), (UUID_TO_BIN('807026bd-2485-4c0b-a6f0-e382e084cd42'),UUID_TO_BIN('09e420dd-f384-43ca-a3ec-d7d0531ed1cc'),'Mahala','Магала'), (UUID_TO_BIN('75332603-68e3-45c0-abf8-01f8c57fbb63'),UUID_TO_BIN('f3b54522-4607-4555-94a5-cfb0cac1a71a'),'Luhyny','Лугини'), (UUID_TO_BIN('6ac8fb7f-c39a-43f2-b61f-2689a465d323'),UUID_TO_BIN('82385917-4097-408d-a309-9221ae22b08e'),'Kulykiv','Куликів'), (UUID_TO_BIN('73f74866-fc57-44b4-85e3-f0d441d20bb3'),UUID_TO_BIN('12fe6c65-e54b-4479-aa9a-6d028489a673'),'Lebedyn','Лебедин'), (UUID_TO_BIN('ffc268c3-824a-4641-bc1c-a9bf7ec95686'),UUID_TO_BIN('0d61d2d3-e937-4a5c-95e8-55d8756ee601'),'Pidhorodne','Підгородне'), (UUID_TO_BIN('8978f44c-452b-454b-a1b6-8cc269874d3c'),UUID_TO_BIN('a839e4a3-a4a2-4fd4-85f0-d798f190ba88'),'Tsuman','Цумань'), (UUID_TO_BIN('003597d9-3f1f-414c-8564-440df29f7569'),UUID_TO_BIN('0d61d2d3-e937-4a5c-95e8-55d8756ee601'),'Obukhivka','Обухівка'), (UUID_TO_BIN('7aa0780a-aacf-430a-91a8-8d68dab1d081'),UUID_TO_BIN('345b6c62-4166-48de-a896-c1f8ff37f48c'),'Kehychivka','Кегичівка'), (UUID_TO_BIN('dbe92d46-3725-4073-8214-1deae14d2ceb'),UUID_TO_BIN('8c261c87-3b6c-4d7a-81a1-64d7d86e92e6'),'Reni','Рені'), (UUID_TO_BIN('ab97ed03-6874-4f84-889f-c79d3b50e90f'),UUID_TO_BIN('a1acd93e-9caf-4125-9cd3-02510fd59090'),'Sievierodonetsk','Сєвєродонецьк'), (UUID_TO_BIN('39a082bd-d394-4e88-bcc2-9c135dc88410'),UUID_TO_BIN('42a2f59a-d454-449f-8e99-b87defaf25a7'),'Shevchenkove','Шевченкове'), (UUID_TO_BIN('c0ec3a50-bd7c-4d73-8981-60be4dc38d16'),UUID_TO_BIN('3602dece-28dc-4437-8fe9-b558505936e6'),'Chaplynka','Чаплинка'), (UUID_TO_BIN('a32d11d9-7255-4a92-821a-e6fe5fab1313'),UUID_TO_BIN('e3686935-2df3-4733-a031-5bc7196a888a'),'Kolomyia','Коломия'), (UUID_TO_BIN('64d75c89-7129-42e3-af9a-80054d2d63a8'),UUID_TO_BIN('0d61d2d3-e937-4a5c-95e8-55d8756ee601'),'Dnipro','Дніпро'), (UUID_TO_BIN('41279fe4-af1f-4921-9d5e-51ef4af69fdd'),UUID_TO_BIN('6151673e-5513-4325-a434-37b257b36dff'),'Horodenka','Городенка'), (UUID_TO_BIN('cab11994-cf9a-45bd-933f-cf20eb3840b4'),UUID_TO_BIN('855d7087-b882-45fd-8204-08c438e1a3d0'),'Kakhovka','Каховка'), (UUID_TO_BIN('91a794f5-01d0-4899-9f84-bb4777908133'),UUID_TO_BIN('206edac2-d011-4d38-8729-6f93142f8011'),'Yalta','Ялта'), (UUID_TO_BIN('a2c9237f-b1fc-423e-a4d8-d0486e1e3093'),UUID_TO_BIN('00fa3123-0bb0-4ea6-999a-eff1a15e85a4'),'Yahotyn','Яготин'), (UUID_TO_BIN('8ec67a0f-c2dc-49ba-bf7a-71e8c1f3efe9'),UUID_TO_BIN('62df9650-419a-4d4c-be8b-a68fbb6872bd'),'Kamianske','Кам\'янське'), (UUID_TO_BIN('1d4faf05-2b53-405d-8e0e-6150bca1ff85'),UUID_TO_BIN('c7fb67d1-33f2-41de-be4e-2dcd7282b195'),'Chubynske','Чубинське'), (UUID_TO_BIN('45815d3d-5e9f-41e2-8489-c357cdae0033'),UUID_TO_BIN('c8ae19c1-b6c5-4fca-98d3-63b83b947693'),'Bilozerske','Білозерське'), (UUID_TO_BIN('0e6d5946-d1fa-4f44-a8f9-afe1405dd884'),UUID_TO_BIN('db390ded-67e9-4811-a5c4-f39ef7b89547'),'Turbiv','Турбів'), (UUID_TO_BIN('bfcd4560-6c49-4118-8d6c-09ef9f4f6995'),UUID_TO_BIN('8b84283b-1e96-4890-945b-42b9fc819b07'),'Velykyi Burluk','Великий Бурлук'), (UUID_TO_BIN('5f214717-006e-4c20-a293-8cb12abaa86c'),UUID_TO_BIN('0ae48d0e-dfee-4d41-a0b4-6a611e58115a'),'Snovianka','Снов\'янка'), (UUID_TO_BIN('a43d7d01-ba34-4087-ab01-67a470e36136'),UUID_TO_BIN('0d61d2d3-e937-4a5c-95e8-55d8756ee601'),'Novooleksandrivka','Новоолександрівка'), (UUID_TO_BIN('29d044a7-2c3e-4294-b6e8-bb31202d6eff'),UUID_TO_BIN('f2ba5d6f-68bc-4afb-a330-5f33d646a9e8'),'Tairove','Таїрове'), (UUID_TO_BIN('6f62ca1b-f34a-4760-ab0a-b7522bcc6986'),UUID_TO_BIN('082bc708-dba7-4cea-89e6-c9417ab03329'),'Pokrov','Покров'), (UUID_TO_BIN('f5e1bd09-292f-4b6b-9c18-f68d666f4a4e'),UUID_TO_BIN('a8570e7e-2a03-42c0-abef-4773a4a26fc5'),'Blyzniuky','Близнюки'), (UUID_TO_BIN('32d111d6-9f52-4fb3-937b-eac848089d2d'),UUID_TO_BIN('d2d1e0b1-ccae-403c-9bd9-3f23943ec1ff'),'Nedryhailiv','Недригайлів'), (UUID_TO_BIN('7e85cc82-ade8-4f4d-bb55-ca815c2dd2ec'),UUID_TO_BIN('4b0ad0ff-8154-4279-8db9-06f74681afbf'),'Novhorod-Siverskyi','Новгород-Сіверський'), (UUID_TO_BIN('0dde4200-2491-4f6e-949e-20381e5c733b'),UUID_TO_BIN('23764faa-1429-472a-8bcf-a7c2b825e3f5'),'Henicheska Hirka','Генічеська Гірка'), (UUID_TO_BIN('ce02905c-0ee4-4352-8a0e-2edb2d3949ed'),UUID_TO_BIN('9fd9dab8-9744-442d-8c8b-25266e55fb89'),'Novotroitske','Новотроїцьке'), (UUID_TO_BIN('7b63b166-d422-45c6-af57-b57cb3edbad7'),UUID_TO_BIN('b6bb86f1-617b-4629-998c-397ef9d35a4d'),'Voronovytsia','Вороновиця'), (UUID_TO_BIN('38e82e1f-a958-4f42-957c-79c8ace87a24'),UUID_TO_BIN('0125bfd8-509f-45b5-aa1f-53847f7f6f6e'),'Mena','Мена'), (UUID_TO_BIN('8bfa21ba-557a-4498-87cb-9c127088ec1e'),UUID_TO_BIN('c211bf9d-322a-42e5-9835-d783cb73d352'),'Savran','Саврань'), (UUID_TO_BIN('a8fff357-332e-4a69-a515-e1853918032d'),UUID_TO_BIN('6453995f-c48a-4aa5-aa86-422d3288b602'),'Kazanka','Казанка'), (UUID_TO_BIN('46a7bdf7-6c06-47cf-8ca1-b3a0f23521c5'),UUID_TO_BIN('eb8f6f9f-3e10-4c04-b4b6-311825e6a19f'),'Pustomyty','Пустомити'), (UUID_TO_BIN('45d9ef33-ed34-420e-a733-d8415428a52e'),UUID_TO_BIN('585ab5ab-7b25-4873-b9c8-d5825c7b32c0'),'Lymanske','Лиманське'), (UUID_TO_BIN('8b99bf6a-06df-47d3-8616-d92590cb9e62'),UUID_TO_BIN('596e2a23-245a-4311-956e-a6f9cc85831d'),'Kozelshchyna','Козельщина'), (UUID_TO_BIN('221be858-0f16-437c-9c4e-6e7a98e29245'),UUID_TO_BIN('dabd8c63-8417-4c1a-b98d-3285dcace96f'),'Baryshivka','Баришівка'), (UUID_TO_BIN('5e2a8cab-048c-4976-ac1b-6e5e657ceea7'),UUID_TO_BIN('7953e006-c275-4883-b112-1eee66875e2a'),'Chynadiiovo','Чинадійово'), (UUID_TO_BIN('4ba1118d-0e89-43c4-bac8-ac579f7dc0ae'),UUID_TO_BIN('7727650a-23ca-4802-b162-1ac0f562fe47'),'Novosilky','Новосілки'), (UUID_TO_BIN('9d34f1b6-de8c-4a28-8732-1f0c91145c1e'),UUID_TO_BIN('b09b7cb8-f674-4aff-985b-55d97d71c0fa'),'Buzivka','Бузівка'), (UUID_TO_BIN('77a9c8c5-0640-4025-9bf4-24757fe5f035'),UUID_TO_BIN('199c2306-d3f4-484c-87a5-995018ab1cfc'),'Ladyzhyn','Ладижин'), (UUID_TO_BIN('05db4f41-7346-40a7-8e1d-b5b28ca45752'),UUID_TO_BIN('30ffdb90-0349-4efc-98a7-8b0c5109118d'),'Solomonovo','Соломоново'), (UUID_TO_BIN('a20e34ad-a164-4fa5-b6c1-c2f9ef4fbc10'),UUID_TO_BIN('f65a2849-bedd-4a3f-a76e-54eda1a0689f'),'Poltava','Полтава'), (UUID_TO_BIN('3e774afa-55eb-410b-b0df-b20311dfb11f'),UUID_TO_BIN('7cb08b47-9ba4-40ab-a1b8-645970ae62bc'),'Ivano-Frankove','Івано-Франкове'), (UUID_TO_BIN('7aa3967e-103a-4f61-a349-694f8da2e0bc'),UUID_TO_BIN('e04cac8b-ba59-4e20-9afe-1a20f7e563b3'),'Dokuchaievske','Докучаєвське'), (UUID_TO_BIN('7b0ca688-d212-4fc5-9b61-304bf37f4041'),UUID_TO_BIN('62505bb6-1f90-42b0-9054-bfd2417356a4'),'Koriukivka','Корюківка'), (UUID_TO_BIN('ff443d28-74ad-4afa-b915-782ce5e568d6'),UUID_TO_BIN('eb8f6f9f-3e10-4c04-b4b6-311825e6a19f'),'Solonka','Солонка'), (UUID_TO_BIN('0bff27ac-928d-44f2-acff-9b37cb8f2650'),UUID_TO_BIN('55210077-29ff-479c-aac2-085b1c6fd412'),'Staryi Sambir','Старий Самбір'), (UUID_TO_BIN('1e1a3be8-d67c-4a08-af39-01737f3ee544'),UUID_TO_BIN('0d61d2d3-e937-4a5c-95e8-55d8756ee601'),'Oleksandrivka','Олександрівка'), (UUID_TO_BIN('211b7c59-1865-46c6-81ce-3a5086cbba0d'),UUID_TO_BIN('09e420dd-f384-43ca-a3ec-d7d0531ed1cc'),'Boiany','Бояни'), (UUID_TO_BIN('1e51da42-ed25-4372-8c35-c4a920469e8d'),UUID_TO_BIN('be74331d-20e3-4545-823d-77e96bb1402d'),'Krasnopavlivka','Краснопавлівка'), (UUID_TO_BIN('2334e80f-f966-497e-a939-f94fc009727c'),UUID_TO_BIN('eaa452fe-fff4-40d7-a7c0-e264809d20c9'),'Natalyne','Наталине'), (UUID_TO_BIN('4a3d0472-994c-4331-823f-a158f3e361cf'),UUID_TO_BIN('d1db02e8-09be-4f06-9e1c-8fb1fe7eaca1'),'Berestechko','Берестечко'), (UUID_TO_BIN('9fa5caae-8bf0-4456-87fc-9fed52fca5b6'),UUID_TO_BIN('16ba8dea-aedd-40ed-b40b-c66b01c51fa9'),'Haivoron','Гайворон'), (UUID_TO_BIN('7301b668-5a3a-4fb8-a8df-153dbe8e2494'),UUID_TO_BIN('23764faa-1429-472a-8bcf-a7c2b825e3f5'),'Rikove','Рикове'), (UUID_TO_BIN('5e646489-dab5-4c7d-9ab0-e04c92d95960'),UUID_TO_BIN('e3686935-2df3-4733-a031-5bc7196a888a'),'Hvizdets','Гвіздець'), (UUID_TO_BIN('76ea49eb-3984-4e20-acf8-f20cfed90ac3'),UUID_TO_BIN('e1b80cad-145e-4ea8-a46a-bca19072317a'),'Staryi Krym','Старий Крим'), (UUID_TO_BIN('2b153ae2-beed-4ac6-9bfb-5020bc9e6800'),UUID_TO_BIN('c242db07-67dc-4b6d-ad3f-d237d82780cd'),'Bilotserkivka','Білоцерківка'), (UUID_TO_BIN('af5a4db6-3677-4eea-926f-974ff0d5c0c2'),UUID_TO_BIN('45b0818e-a49f-4de8-b1f1-1472bb872c26'),'Verkhnii Rohachyk','Верхній Рогачик'), (UUID_TO_BIN('fcc30698-d257-4cf2-ba2f-0e0e9a4ecb85'),UUID_TO_BIN('32d41bdd-cb02-4b19-a159-5c9b71e41d92'),'Hlevakha','Глеваха'), (UUID_TO_BIN('99989faf-0a4b-4915-a32a-03cc1760ff5b'),UUID_TO_BIN('3efd1c83-2073-495a-9f17-146c33349d62'),'Kotovka','Котовка'), (UUID_TO_BIN('1df0570e-472f-4c8c-8baa-5a0baad83a43'),UUID_TO_BIN('bbfc49c5-fec5-43b7-8df1-12ef6ec56573'),'Kozova','Козова'), (UUID_TO_BIN('0804ad55-82a6-4d43-b6b4-237137394906'),UUID_TO_BIN('7953e006-c275-4883-b112-1eee66875e2a'),'Velyki Luchky','Великі Лучки'), (UUID_TO_BIN('4ee84cde-0edd-448d-9743-78256f971a2c'),UUID_TO_BIN('c8ae19c1-b6c5-4fca-98d3-63b83b947693'),'Selydove','Селидове'), (UUID_TO_BIN('3877f936-1f75-4687-ac5b-09edac4d03e2'),UUID_TO_BIN('35e90cfd-9d1e-492d-8a51-004dc438fa18'),'Krupets','Крупець'), (UUID_TO_BIN('6d6ea2e4-290d-4303-9dc3-caa04fd644ef'),UUID_TO_BIN('758f9c74-41be-4a25-9e28-203f16097210'),'Kushuhum','Кушугум'), (UUID_TO_BIN('dd05015b-8ed5-4333-bde9-61924fe133c2'),UUID_TO_BIN('4b8c22d8-c200-4711-bbb7-441de4fd6dd6'),'Donets','Донець'), (UUID_TO_BIN('95124a99-91b8-40fc-be64-993b8583176f'),UUID_TO_BIN('9329e326-c844-4eef-8cfe-7fc7f5f706a5'),'Dolynska','Долинська'), (UUID_TO_BIN('8fc2545c-5d43-41f9-a2a0-8b4d218ca2bc'),UUID_TO_BIN('6862a6dc-fca7-46d4-b3e6-9ddb9c39a711'),'Bobrovytsia','Бобровиця'), (UUID_TO_BIN('c688f12e-fc1c-49b5-8011-482001692d20'),UUID_TO_BIN('0d69fcc9-a5d5-4b6d-8cb6-dd5fc15765e6'),'Hvardiiske','Гвардійське'), (UUID_TO_BIN('ab6fca27-64f3-4df6-8557-5fae090632cf'),UUID_TO_BIN('69cf1d2f-7307-40f8-a979-fedec5f35e20'),'Komyshany','Комишани'), (UUID_TO_BIN('2292e51a-fdc3-4aa9-8132-4f65546e9dd1'),UUID_TO_BIN('44bb6802-53eb-4914-8cf9-3a72fcc6255b'),'Solonytsivka','Солоницівка'), (UUID_TO_BIN('939eb867-4063-40a5-87fa-819d0889b66e'),UUID_TO_BIN('34504231-8944-432f-8c59-aea04dda4182'),'Zastavna','Заставна'), (UUID_TO_BIN('2944ec85-8162-447e-8134-99d18d363fb1'),UUID_TO_BIN('22dc6aef-b6a0-4c87-a998-4bc5257f8afb'),'Kostiantynivka','Костянтинівка'), (UUID_TO_BIN('f4e68427-c4af-48f0-b481-211cd189d1a5'),UUID_TO_BIN('e4c8c79b-7c03-4508-99f7-97dadb5379a6'),'Polonne','Полонне'), (UUID_TO_BIN('46165544-6abd-4703-97fd-767ff490d9c8'),UUID_TO_BIN('2b8dd103-511d-400e-8c9b-eda4053256b6'),'Kulykivka','Куликівка'), (UUID_TO_BIN('a94a22b7-1378-4c3a-a118-040e4fc5565e'),UUID_TO_BIN('b6c897fe-33fd-4398-b6cd-0688677f10e5'),'Liubech','Любеч'), (UUID_TO_BIN('9d24243f-e0a9-462c-81e1-abf7c8d1e59f'),UUID_TO_BIN('34e734ee-c082-49b9-b1cc-fdebb84818c6'),'Kaniv','Канів'), (UUID_TO_BIN('93a38209-3327-4e7f-9a03-8562a00fb4bb'),UUID_TO_BIN('1d406b64-085c-4c68-9325-f0fd5142bf93'),'Manevychi','Маневичі'), (UUID_TO_BIN('a91e6f0b-eba8-46ce-8642-6743a41d6816'),UUID_TO_BIN('c8ae19c1-b6c5-4fca-98d3-63b83b947693'),'Myrnohrad','Мирноград'), (UUID_TO_BIN('01235652-10af-47aa-bbca-0ff241f11ef0'),UUID_TO_BIN('c304217c-f03b-4d0d-b77c-200d4c5370e8'),'Narodychi','Народичі'), (UUID_TO_BIN('7c49256e-add9-49f9-a64a-02f0fbb63099'),UUID_TO_BIN('b6c897fe-33fd-4398-b6cd-0688677f10e5'),'Dobrianka','Добрянка'), (UUID_TO_BIN('3c628762-2045-4bae-a492-bcbfee98bbce'),UUID_TO_BIN('aa27dafc-d7bf-40cc-9e32-34a15aa2e064'),'Dubno','Дубно'), (UUID_TO_BIN('30dc7bb4-9ad0-4c09-b407-a746faca14c1'),UUID_TO_BIN('0ba1b064-c63e-4a0d-b04e-e901d32deab6'),'Teresva','Тересва'), (UUID_TO_BIN('11e9c57e-d5ae-4ee9-b7a9-974afcce5601'),UUID_TO_BIN('eaa452fe-fff4-40d7-a7c0-e264809d20c9'),'Krasnohrad','Красноград'), (UUID_TO_BIN('f732c0a2-7c88-4455-b75d-cf85378ec519'),UUID_TO_BIN('e667a197-bbc8-4b17-b546-65a96cd106c5'),'Yakymivka','Якимівка');